         500  -1.0000000000000000        1.7830356955528259E-004   0.0000000000000000     
         500   0.0000000000000000        3.2609887421131134E-004   8.5018808492222252E-016
         500  0.20000000000000001        2.7151778340339661E-004   1.6833055905369069E-005
         500  0.25000000000000000        2.4686567485332489E-004   5.2330504271787578E-005
         500  0.50000000000000000        1.4450028538703918E-004   1.0256416475336535E-003
         500  -1.0000000000000000        2.3027323186397552E-004   0.0000000000000000     
         500   0.0000000000000000        3.2326392829418182E-004   8.4357462017188389E-016
         500  0.20000000000000001        2.7086585760116577E-004   1.1643646216333791E-005
         500  0.25000000000000000        2.3548118770122528E-004   3.4649738180131848E-005
         500  0.50000000000000000        1.4249235391616821E-004   7.5331428162626099E-004
         500  -1.0000000000000000        2.1392852067947388E-004   0.0000000000000000     
         500   0.0000000000000000        3.0977651476860046E-004   8.6641495857627104E-016
         500  0.20000000000000001        2.6036798954010010E-004   1.0555985860931436E-005
         500  0.25000000000000000        2.3362599313259125E-004   3.2911481247795700E-005
         500  0.50000000000000000        1.4096871018409729E-004   8.4956909792100745E-004
         500  -1.0000000000000000        2.3733638226985931E-004   0.0000000000000000     
         500   0.0000000000000000        3.1246617436408997E-004   8.3105109996401183E-016
         500  0.20000000000000001        2.6691891252994537E-004   1.0576068108544830E-005
         500  0.25000000000000000        2.3832730948925018E-004   3.4719918025552872E-005
         500  0.50000000000000000        1.4491192996501923E-004   8.8939781580908294E-004
         500  -1.0000000000000000        2.1803751587867737E-004   0.0000000000000000     
         500   0.0000000000000000        3.0854716897010803E-004   9.2484167041510546E-016
         500  0.20000000000000001        2.5727041065692902E-004   9.7213909479034607E-006
         500  0.25000000000000000        2.2773444652557373E-004   2.4945036986262891E-005
         500  0.50000000000000000        1.3399682939052582E-004   5.0141117636139381E-004
         500  -1.0000000000000000        1.5179067850112915E-004   0.0000000000000000     
         500   0.0000000000000000        3.1112320721149445E-004   8.5890375576128452E-016
         500  0.20000000000000001        2.6212446391582489E-004   8.3883427078931071E-006
         500  0.25000000000000000        2.3352168500423431E-004   2.6971212264436954E-005
         500  0.50000000000000000        1.3580918312072754E-004   6.5545108300514858E-004
         500  -1.0000000000000000        1.5191361308097839E-004   0.0000000000000000     
         500   0.0000000000000000        3.2369047403335571E-004   9.4782730372302939E-016
         500  0.20000000000000001        2.6616081595420837E-004   1.4118058686508579E-005
         500  0.25000000000000000        2.5223381817340851E-004   3.9597166744335570E-005
         500  0.50000000000000000        1.4411658048629761E-004   8.1116060025265054E-004
         500  -1.0000000000000000        1.5962682664394379E-004   0.0000000000000000     
         500   0.0000000000000000        3.0193477869033813E-004   8.6691111749471977E-016
         500  0.20000000000000001        2.6656873524188995E-004   1.8960984831251666E-005
         500  0.25000000000000000        2.2620148956775665E-004   4.8191175116155375E-005
         500  0.50000000000000000        1.3990886509418488E-004   1.0906633643343634E-003
         500  -1.0000000000000000        2.2654421627521515E-004   0.0000000000000000     
         500   0.0000000000000000        3.2337754964828491E-004   8.4323144534796579E-016
         500  0.20000000000000001        2.7140229940414429E-004   1.1039218176186955E-005
         500  0.25000000000000000        2.4365633726119995E-004   3.4090136596580049E-005
         500  0.50000000000000000        1.4407746493816376E-004   8.6355720758516145E-004
         500  -1.0000000000000000        1.5018507838249207E-004   0.0000000000000000     
         500   0.0000000000000000        3.1186453998088837E-004   8.3671750131389593E-016
         500  0.20000000000000001        2.5917217135429382E-004   1.6535294656909315E-005
         500  0.25000000000000000        2.3923441767692566E-004   4.9139490624005851E-005
         500  0.50000000000000000        1.3423711061477661E-004   9.3974607504414363E-004
         500  -1.0000000000000000        1.4805980026721954E-004   0.0000000000000000     
         500   0.0000000000000000        3.1607225537300110E-004   9.2664936947687823E-016
         500  0.20000000000000001        2.6817061007022858E-004   1.2697060306224116E-005
         500  0.25000000000000000        2.3465789854526520E-004   3.4801661110378445E-005
         500  0.50000000000000000        1.3926625251770020E-004   6.8499846161070336E-004
         500  -1.0000000000000000        2.2640824317932129E-004   0.0000000000000000     
         500   0.0000000000000000        3.1574256718158722E-004   8.3796053054361876E-016
         500  0.20000000000000001        2.7057714760303497E-004   1.5684176561511367E-005
         500  0.25000000000000000        2.4478510022163391E-004   3.9950819936207352E-005
         500  0.50000000000000000        1.3819895684719086E-004   9.2084840269612649E-004
         500  -1.0000000000000000        1.7200037837028503E-004   0.0000000000000000     
         500   0.0000000000000000        3.0378624796867371E-004   8.2813259959053093E-016
         500  0.20000000000000001        2.6326067745685577E-004   1.5414132041222752E-005
         500  0.25000000000000000        2.3103505373001099E-004   5.0183372660628834E-005
         500  0.50000000000000000        1.3847835361957550E-004   1.0172479044243453E-003
         500  -1.0000000000000000        2.6150234043598175E-004   0.0000000000000000     
         500   0.0000000000000000        3.2831169664859772E-004   8.3306749993987214E-016
         500  0.20000000000000001        2.7455203235149384E-004   1.6893142058245195E-005
         500  0.25000000000000000        2.3206137120723724E-004   4.7789519490041180E-005
         500  0.50000000000000000        1.3810768723487854E-004   8.4817552453789874E-004
         500  -1.0000000000000000        2.2920966148376465E-004   0.0000000000000000     
         500   0.0000000000000000        3.6797113716602325E-004   8.3675673654004839E-016
         500  0.20000000000000001        2.5941990315914154E-004   1.3244466226380143E-005
         500  0.25000000000000000        2.3269653320312500E-004   3.9055005938300244E-005
         500  0.50000000000000000        1.3640709221363068E-004   9.1801025228070232E-004
         500  -1.0000000000000000        1.4778971672058105E-004   0.0000000000000000     
         500   0.0000000000000000        3.0610524117946625E-004   7.8093459415171993E-016
         500  0.20000000000000001        2.6172585785388947E-004   1.3397530799464308E-005
         500  0.25000000000000000        2.3379176855087280E-004   3.6551314302097474E-005
         500  0.50000000000000000        1.3883970677852631E-004   8.3636876825279448E-004
         500  -1.0000000000000000        1.8390081822872162E-004   0.0000000000000000     
         500   0.0000000000000000        5.6407228112220764E-004   7.9351170195464353E-016
         500  0.20000000000000001        2.6728026568889618E-004   1.4146922883214360E-005
         500  0.25000000000000000        2.3391470313072205E-004   4.2545168168856661E-005
         500  0.50000000000000000        1.3632699847221375E-004   9.1759272311951214E-004
         500  -1.0000000000000000        1.5591271221637726E-004   0.0000000000000000     
         500   0.0000000000000000        3.1240656971931458E-004   8.6924286854643136E-016
         500  0.20000000000000001        2.6000477373600006E-004   1.2971420451724408E-005
         500  0.25000000000000000        2.3031421005725861E-004   3.7177244769630156E-005
         500  0.50000000000000000        1.3615190982818604E-004   7.4168704163709665E-004
         500  -1.0000000000000000        1.4751590788364410E-004   0.0000000000000000     
         500   0.0000000000000000        2.9859505593776703E-004   8.1483143096886053E-016
         500  0.20000000000000001        2.5577284395694733E-004   1.8192712456951516E-005
         500  0.25000000000000000        2.3122690618038177E-004   4.7982921529956892E-005
         500  0.50000000000000000        1.3745576143264771E-004   8.7567980522203139E-004
         500  -1.0000000000000000        1.4780461788177490E-004   0.0000000000000000     
         500   0.0000000000000000        3.0701793730258942E-004   8.0194971817340687E-016
         500  0.20000000000000001        2.6457197964191437E-004   8.9631148803268518E-006
         500  0.25000000000000000        2.3378990590572357E-004   2.6296784737519426E-005
         500  0.50000000000000000        1.3625621795654297E-004   6.3708888285275006E-004
        1000  -1.0000000000000000        4.0270015597343445E-004   0.0000000000000000     
        1000   0.0000000000000000        1.2493487447500229E-003   1.1618734597947244E-015
        1000  0.20000000000000001        1.0191537439823151E-003   1.4060294772931766E-005
        1000  0.25000000000000000        8.6498446762561798E-004   4.1246925919443566E-005
        1000  0.50000000000000000        3.8193352520465851E-004   8.1520737475034954E-004
        1000  -1.0000000000000000        3.9600953459739685E-004   0.0000000000000000     
        1000   0.0000000000000000        1.2443978339433670E-003   1.2242249260813621E-015
        1000  0.20000000000000001        1.0022185742855072E-003   1.6637329669311212E-005
        1000  0.25000000000000000        8.4967724978923798E-004   5.1483307219491344E-005
        1000  0.50000000000000000        3.6231614649295807E-004   9.6975765068247949E-004
        1000  -1.0000000000000000        3.8794614374637604E-004   0.0000000000000000     
        1000   0.0000000000000000        1.2238826602697372E-003   1.2274661032230389E-015
        1000  0.20000000000000001        1.0042656213045120E-003   1.3682295067404233E-005
        1000  0.25000000000000000        8.5294805467128754E-004   4.2800734609009680E-005
        1000  0.50000000000000000        3.7242099642753601E-004   8.5288745745033183E-004
        1000  -1.0000000000000000        3.9615295827388763E-004   0.0000000000000000     
        1000   0.0000000000000000        1.3334862887859344E-003   1.1735550222262049E-015
        1000  0.20000000000000001        1.0752137750387192E-003   2.0919673157335698E-005
        1000  0.25000000000000000        9.0333633124828339E-004   6.0557973745030947E-005
        1000  0.50000000000000000        4.0260702371597290E-004   1.0217938345684950E-003
        1000  -1.0000000000000000        3.9445795118808746E-004   0.0000000000000000     
        1000   0.0000000000000000        1.3387966901063919E-003   1.2672468591474916E-015
        1000  0.20000000000000001        1.0517518967390060E-003   1.4696925981750866E-005
        1000  0.25000000000000000        8.8579207658767700E-004   4.2390722381872560E-005
        1000  0.50000000000000000        3.9087980985641479E-004   8.4108447332008904E-004
        1000  -1.0000000000000000        3.9317458868026733E-004   0.0000000000000000     
        1000   0.0000000000000000        1.2287702411413193E-003   1.1474942552643193E-015
        1000  0.20000000000000001        1.1280495673418045E-003   1.9593773654348115E-005
        1000  0.25000000000000000        8.6638145148754120E-004   5.1663863639761001E-005
        1000  0.50000000000000000        3.9361044764518738E-004   9.0882967737031641E-004
        1000  -1.0000000000000000        3.9572454988956451E-004   0.0000000000000000     
        1000   0.0000000000000000        1.2496896088123322E-003   1.2269680307274584E-015
        1000  0.20000000000000001        1.0065007954835892E-003   1.5530259571259217E-005
        1000  0.25000000000000000        9.0820528566837311E-004   4.7863387151547297E-005
        1000  0.50000000000000000        3.7843734025955200E-004   8.9987863537333674E-004
        1000  -1.0000000000000000        3.8898363709449768E-004   0.0000000000000000     
        1000   0.0000000000000000        1.2549515813589096E-003   1.1684966511342725E-015
        1000  0.20000000000000001        1.0185204446315765E-003   1.6978523507826660E-005
        1000  0.25000000000000000        8.9608505368232727E-004   4.9542263461331250E-005
        1000  0.50000000000000000        3.8156844675540924E-004   9.5455932130192724E-004
        1000  -1.0000000000000000        3.9383582770824432E-004   0.0000000000000000     
        1000   0.0000000000000000        1.2861005961894989E-003   1.1992287256437342E-015
        1000  0.20000000000000001        1.0348483920097351E-003   1.5056210781119844E-005
        1000  0.25000000000000000        8.6990930140018463E-004   4.3677299271275678E-005
        1000  0.50000000000000000        3.8486346602439880E-004   9.6618003222666813E-004
        1000  -1.0000000000000000        3.9497390389442444E-004   0.0000000000000000     
        1000   0.0000000000000000        1.3240203261375427E-003   1.2174750630939952E-015
        1000  0.20000000000000001        1.0216142982244492E-003   1.8236437835307167E-005
        1000  0.25000000000000000        8.7337009608745575E-004   5.3168165051615756E-005
        1000  0.50000000000000000        3.8523040711879730E-004   1.1063340088372248E-003
        1000  -1.0000000000000000        3.9454735815525055E-004   0.0000000000000000     
        1000   0.0000000000000000        1.2545213103294373E-003   1.1728010672915885E-015
        1000  0.20000000000000001        1.0869428515434265E-003   1.8012601990983968E-005
        1000  0.25000000000000000        8.7573379278182983E-004   5.0481021960402192E-005
        1000  0.50000000000000000        3.8169138133525848E-004   9.4499147024562744E-004
        1000  -1.0000000000000000        3.9293058216571808E-004   0.0000000000000000     
        1000   0.0000000000000000        1.2383293360471725E-003   1.2067183441846974E-015
        1000  0.20000000000000001        1.0327808558940887E-003   1.9526541875844148E-005
        1000  0.25000000000000000        8.8747404515743256E-004   4.8680460217996729E-005
        1000  0.50000000000000000        3.9142370223999023E-004   9.7564686526290748E-004
        1000  -1.0000000000000000        4.0956772863864899E-004   0.0000000000000000     
        1000   0.0000000000000000        1.2789107859134674E-003   1.1793499683228880E-015
        1000  0.20000000000000001        1.0451041162014008E-003   1.7533622799513021E-005
        1000  0.25000000000000000        9.5203518867492676E-004   4.9524389299709570E-005
        1000  0.50000000000000000        3.9764121174812317E-004   9.5686244787655122E-004
        1000  -1.0000000000000000        3.9672292768955231E-004   0.0000000000000000     
        1000   0.0000000000000000        1.2568496167659760E-003   1.1879522200928179E-015
        1000  0.20000000000000001        1.0190773755311966E-003   1.6518341174079270E-005
        1000  0.25000000000000000        9.1343559324741364E-004   4.9062094131544599E-005
        1000  0.50000000000000000        3.8413703441619873E-004   9.2921145091374557E-004
        1000  -1.0000000000000000        3.8611143827438354E-004   0.0000000000000000     
        1000   0.0000000000000000        1.3052839785814285E-003   1.1908434464655557E-015
        1000  0.20000000000000001        1.0447502136230469E-003   1.5824004803292512E-005
        1000  0.25000000000000000        8.7212026119232178E-004   4.6637373956685524E-005
        1000  0.50000000000000000        3.8189440965652466E-004   9.5506015638902356E-004
        1000  -1.0000000000000000        3.9231777191162109E-004   0.0000000000000000     
        1000   0.0000000000000000        1.2172348797321320E-003   1.2392884891688594E-015
        1000  0.20000000000000001        1.0074153542518616E-003   1.4453231453940905E-005
        1000  0.25000000000000000        8.6712837219238281E-004   4.2363152252323441E-005
        1000  0.50000000000000000        3.8812682032585144E-004   9.1722358301438742E-004
        1000  -1.0000000000000000        3.9543583989143372E-004   0.0000000000000000     
        1000   0.0000000000000000        1.4572050422430038E-003   1.1698634547108969E-015
        1000  0.20000000000000001        1.0338239371776581E-003   1.7374309057010978E-005
        1000  0.25000000000000000        1.1083930730819702E-003   5.0217854061244277E-005
        1000  0.50000000000000000        3.8312934339046478E-004   9.1511068156168557E-004
        1000  -1.0000000000000000        3.8801506161689758E-004   0.0000000000000000     
        1000   0.0000000000000000        1.2546628713607788E-003   1.1927445343036779E-015
        1000  0.20000000000000001        1.0216645896434784E-003   1.6451545316272599E-005
        1000  0.25000000000000000        8.6101517081260681E-004   4.2918857429809999E-005
        1000  0.50000000000000000        3.7857517600059509E-004   8.5932544059087713E-004
        1000  -1.0000000000000000        3.8635358214378357E-004   0.0000000000000000     
        1000   0.0000000000000000        1.2356899678707123E-003   1.2199527501478342E-015
        1000  0.20000000000000001        1.0928325355052948E-003   1.5127700342272140E-005
        1000  0.25000000000000000        8.6785107851028442E-004   4.4198145526295786E-005
        1000  0.50000000000000000        4.2884796857833862E-004   8.1542415875415363E-004
        1000  -1.0000000000000000        3.8586743175983429E-004   0.0000000000000000     
        1000   0.0000000000000000        1.2311059981584549E-003   1.1772976232345897E-015
        1000  0.20000000000000001        1.0390896350145340E-003   1.5871719521693451E-005
        1000  0.25000000000000000        8.8589265942573547E-004   4.7206488270012043E-005
        1000  0.50000000000000000        4.0297769010066986E-004   9.7440272097067647E-004
        1500  -1.0000000000000000        8.3797425031661987E-004   0.0000000000000000     
        1500   0.0000000000000000        2.9321648180484772E-003   1.4692252532058752E-015
        1500  0.20000000000000001        2.1455697715282440E-003   1.8059773212979898E-005
        1500  0.25000000000000000        1.7191413789987564E-003   5.1156452602075009E-005
        1500  0.50000000000000000        6.5040588378906250E-004   9.2061731803228929E-004
        1500  -1.0000000000000000        8.4957852959632874E-004   0.0000000000000000     
        1500   0.0000000000000000        2.9984246939420700E-003   1.4123582395833117E-015
        1500  0.20000000000000001        2.1752305328845978E-003   2.0453358896239559E-005
        1500  0.25000000000000000        1.7561465501785278E-003   5.5767468887610938E-005
        1500  0.50000000000000000        6.7055411636829376E-004   9.9694420042312258E-004
        1500  -1.0000000000000000        8.3405897021293640E-004   0.0000000000000000     
        1500   0.0000000000000000        2.9049590229988098E-003   1.4516046719241999E-015
        1500  0.20000000000000001        2.1596942096948624E-003   1.7314046170358885E-005
        1500  0.25000000000000000        1.7460398375988007E-003   5.2122140291788718E-005
        1500  0.50000000000000000        6.6109932959079742E-004   9.3074421207464599E-004
        1500  -1.0000000000000000        8.4690377116203308E-004   0.0000000000000000     
        1500   0.0000000000000000        2.9196031391620636E-003   1.4981972492091911E-015
        1500  0.20000000000000001        2.1203048527240753E-003   2.1362927431421011E-005
        1500  0.25000000000000000        1.6894508153200150E-003   5.6873089283476157E-005
        1500  0.50000000000000000        6.4058415591716766E-004   9.4679752286886136E-004
        1500  -1.0000000000000000        8.3763338625431061E-004   0.0000000000000000     
        1500   0.0000000000000000        2.9548797756433487E-003   1.4238656658267771E-015
        1500  0.20000000000000001        2.1780729293823242E-003   1.9387960098429876E-005
        1500  0.25000000000000000        1.7601437866687775E-003   4.8158565544014189E-005
        1500  0.50000000000000000        6.7518465220928192E-004   8.7237589684804602E-004
        1500  -1.0000000000000000        8.9602358639240265E-004   0.0000000000000000     
        1500   0.0000000000000000        3.0238442122936249E-003   1.4147879918414702E-015
        1500  0.20000000000000001        2.2178925573825836E-003   1.5150585831647408E-005
        1500  0.25000000000000000        1.7867106944322586E-003   4.5231688789931126E-005
        1500  0.50000000000000000        6.7698769271373749E-004   8.7837061145869396E-004
        1500  -1.0000000000000000        8.3213113248348236E-004   0.0000000000000000     
        1500   0.0000000000000000        3.0101332813501358E-003   1.4511635163139877E-015
        1500  0.20000000000000001        2.1855067461729050E-003   1.7390990822071699E-005
        1500  0.25000000000000000        1.7756372690200806E-003   5.1944593771391094E-005
        1500  0.50000000000000000        6.7547149956226349E-004   9.4283978312347048E-004
        1500  -1.0000000000000000        8.3821266889572144E-004   0.0000000000000000     
        1500   0.0000000000000000        3.0555687844753265E-003   1.4568074729173774E-015
        1500  0.20000000000000001        2.1881181746721268E-003   1.7061762204581963E-005
        1500  0.25000000000000000        1.7466712743043900E-003   4.3680506303480120E-005
        1500  0.50000000000000000        6.6241808235645294E-004   8.7543028021519118E-004
        1500  -1.0000000000000000        8.4101594984531403E-004   0.0000000000000000     
        1500   0.0000000000000000        2.9788520187139511E-003   1.4606852862600609E-015
        1500  0.20000000000000001        2.2409316152334213E-003   1.4244937886587469E-005
        1500  0.25000000000000000        1.8105823546648026E-003   4.0520870421355637E-005
        1500  0.50000000000000000        6.8644434213638306E-004   8.5242778286902232E-004
        1500  -1.0000000000000000        8.3724223077297211E-004   0.0000000000000000     
        1500   0.0000000000000000        3.1024999916553497E-003   1.4502209421424923E-015
        1500  0.20000000000000001        2.1340735256671906E-003   1.7561821309756411E-005
        1500  0.25000000000000000        1.7065629363059998E-003   5.0561791832601338E-005
        1500  0.50000000000000000        6.4718164503574371E-004   8.4469059936224489E-004
        1500  -1.0000000000000000        8.3673931658267975E-004   0.0000000000000000     
        1500   0.0000000000000000        3.0451770871877670E-003   1.4011242977234577E-015
        1500  0.20000000000000001        2.2247564047574997E-003   1.5407011970379288E-005
        1500  0.25000000000000000        1.7913542687892914E-003   3.8415664863884499E-005
        1500  0.50000000000000000        6.7028962075710297E-004   8.7134989446789244E-004
        1500  -1.0000000000000000        8.3040446043014526E-004   0.0000000000000000     
        1500   0.0000000000000000        3.0572395771741867E-003   1.4720858584431485E-015
        1500  0.20000000000000001        2.2253654897212982E-003   1.8313101212229816E-005
        1500  0.25000000000000000        1.7909761518239975E-003   4.8678032766391539E-005
        1500  0.50000000000000000        6.7152641713619232E-004   9.5163790816482977E-004
        1500  -1.0000000000000000        8.3154439926147461E-004   0.0000000000000000     
        1500   0.0000000000000000        3.0027795583009720E-003   1.4238176862853912E-015
        1500  0.20000000000000001        2.2298302501440048E-003   1.7423405314989920E-005
        1500  0.25000000000000000        1.8036141991615295E-003   4.8484738269712825E-005
        1500  0.50000000000000000        6.7425891757011414E-004   9.8724732506072933E-004
        1500  -1.0000000000000000        8.5782818496227264E-004   0.0000000000000000     
        1500   0.0000000000000000        2.9935929924249649E-003   1.4020271121298583E-015
        1500  0.20000000000000001        2.2064186632633209E-003   1.9586692994224015E-005
        1500  0.25000000000000000        1.7698779702186584E-003   5.2584764257166453E-005
        1500  0.50000000000000000        6.7186355590820312E-004   9.1972764115006269E-004
        1500  -1.0000000000000000        1.0427515953779221E-003   0.0000000000000000     
        1500   0.0000000000000000        2.9832273721694946E-003   1.4411010215502376E-015
        1500  0.20000000000000001        2.1916776895523071E-003   1.7632461604427882E-005
        1500  0.25000000000000000        1.7738640308380127E-003   4.7409900177309307E-005
        1500  0.50000000000000000        6.7197717726230621E-004   9.6056767514495346E-004
        1500  -1.0000000000000000        8.4790959954261780E-004   0.0000000000000000     
        1500   0.0000000000000000        2.9454771429300308E-003   1.4505627250214637E-015
        1500  0.20000000000000001        2.1406579762697220E-003   1.9715896092253493E-005
        1500  0.25000000000000000        1.7260499298572540E-003   5.2814210565227018E-005
        1500  0.50000000000000000        6.5798871219158173E-004   9.6776756812037639E-004
        1500  -1.0000000000000000        8.6259841918945312E-004   0.0000000000000000     
        1500   0.0000000000000000        3.0326321721076965E-003   1.4223279977446847E-015
        1500  0.20000000000000001        2.1442808210849762E-003   1.8443012911001898E-005
        1500  0.25000000000000000        1.7091073095798492E-003   5.6105597673856145E-005
        1500  0.50000000000000000        6.4719095826148987E-004   9.1670073534583230E-004
        1500  -1.0000000000000000        8.4006227552890778E-004   0.0000000000000000     
        1500   0.0000000000000000        2.9238052666187286E-003   1.4385750469756861E-015
        1500  0.20000000000000001        2.1689776331186295E-003   1.7736530180688991E-005
        1500  0.25000000000000000        1.7273221164941788E-003   4.9750865585445689E-005
        1500  0.50000000000000000        6.5919756889343262E-004   9.2503850026649608E-004
        1500  -1.0000000000000000        8.4085762500762939E-004   0.0000000000000000     
        1500   0.0000000000000000        2.9753185808658600E-003   1.3975500295666667E-015
        1500  0.20000000000000001        2.1601319313049316E-003   1.6795042337475750E-005
        1500  0.25000000000000000        1.7270483076572418E-003   5.0615109119692234E-005
        1500  0.50000000000000000        6.5264478325843811E-004   9.7620668365151471E-004
        1500  -1.0000000000000000        8.6200609803199768E-004   0.0000000000000000     
        1500   0.0000000000000000        3.0729435384273529E-003   1.4498159042347599E-015
        1500  0.20000000000000001        2.1914020180702209E-003   1.8284216346259904E-005
        1500  0.25000000000000000        1.7514657229185104E-003   5.1206854951712816E-005
        1500  0.50000000000000000        6.6234357655048370E-004   9.0264292526107679E-004
        2000  -1.0000000000000000        1.3878587633371353E-003   0.0000000000000000     
        2000   0.0000000000000000        1.7840290442109108E-002   1.6195876096242360E-015
        2000  0.20000000000000001        3.7862472236156464E-003   1.7628620954517699E-005
        2000  0.25000000000000000        2.9565636068582535E-003   4.4789337040146647E-005
        2000  0.50000000000000000        1.0237637907266617E-003   8.8292206693138552E-004
        2000  -1.0000000000000000        1.4019347727298737E-003   0.0000000000000000     
        2000   0.0000000000000000        6.0591362416744232E-003   1.6641249356698693E-015
        2000  0.20000000000000001        3.7585552781820297E-003   1.7710752563693967E-005
        2000  0.25000000000000000        2.9293224215507507E-003   4.8535643440177253E-005
        2000  0.50000000000000000        1.0196529328823090E-003   9.2374884014762904E-004
        2000  -1.0000000000000000        1.4023296535015106E-003   0.0000000000000000     
        2000   0.0000000000000000        6.2304977327585220E-003   1.7167928431389195E-015
        2000  0.20000000000000001        3.7504956126213074E-003   1.7776341473186367E-005
        2000  0.25000000000000000        2.9135495424270630E-003   4.8676095181090155E-005
        2000  0.50000000000000000        9.9013000726699829E-004   9.1359519345157790E-004
        2000  -1.0000000000000000        1.3813599944114685E-003   0.0000000000000000     
        2000   0.0000000000000000        6.1565842479467392E-003   1.7207680294788583E-015
        2000  0.20000000000000001        3.7365648895502090E-003   1.8621878292384059E-005
        2000  0.25000000000000000        2.9256083071231842E-003   5.2191606805729608E-005
        2000  0.50000000000000000        1.0060779750347137E-003   9.3461999999802268E-004
        2000  -1.0000000000000000        1.3811867684125900E-003   0.0000000000000000     
        2000   0.0000000000000000        6.1477087438106537E-003   1.7109019039948529E-015
        2000  0.20000000000000001        3.7356819957494736E-003   1.8237275527055627E-005
        2000  0.25000000000000000        2.9017142951488495E-003   4.9899438108877923E-005
        2000  0.50000000000000000        1.0025091469287872E-003   8.9736106737486475E-004
        2000  -1.0000000000000000        1.3840515166521072E-003   0.0000000000000000     
        2000   0.0000000000000000        6.1149094253778458E-003   1.6822287272578171E-015
        2000  0.20000000000000001        3.7941373884677887E-003   1.9916531876006197E-005
        2000  0.25000000000000000        2.9469616711139679E-003   5.1351564114772469E-005
        2000  0.50000000000000000        1.0150577872991562E-003   9.0753050681428870E-004
        2000  -1.0000000000000000        1.3842899352312088E-003   0.0000000000000000     
        2000   0.0000000000000000        6.1856247484683990E-003   1.6539113688758155E-015
        2000  0.20000000000000001        3.8565117865800858E-003   1.8550259178648128E-005
        2000  0.25000000000000000        2.9273480176925659E-003   5.2996539174584861E-005
        2000  0.50000000000000000        1.0119955986738205E-003   9.8850461760115215E-004
        2000  -1.0000000000000000        1.3886876404285431E-003   0.0000000000000000     
        2000   0.0000000000000000        6.1128623783588409E-003   1.6880836281581095E-015
        2000  0.20000000000000001        3.8056224584579468E-003   1.8713296822610587E-005
        2000  0.25000000000000000        2.9607489705085754E-003   4.9645628030789927E-005
        2000  0.50000000000000000        1.0183285921812057E-003   9.1904976999654701E-004
        2000  -1.0000000000000000        1.3931859284639359E-003   0.0000000000000000     
        2000   0.0000000000000000        6.0979481786489487E-003   1.6989820461679779E-015
        2000  0.20000000000000001        3.8554184138774872E-003   1.9412097640794619E-005
        2000  0.25000000000000000        3.0162129551172256E-003   5.5463375587790145E-005
        2000  0.50000000000000000        1.0374765843153000E-003   9.2862722672972691E-004
        2000  -1.0000000000000000        1.3908445835113525E-003   0.0000000000000000     
        2000   0.0000000000000000        6.2064081430435181E-003   1.7249168486769870E-015
        2000  0.20000000000000001        3.8644913583993912E-003   1.7789838994338808E-005
        2000  0.25000000000000000        2.9598362743854523E-003   4.9220399992054771E-005
        2000  0.50000000000000000        9.9234282970428467E-004   8.7635016760500520E-004
        2000  -1.0000000000000000        1.3823267072439194E-003   0.0000000000000000     
        2000   0.0000000000000000        6.2461979687213898E-003   1.7055064813627588E-015
        2000  0.20000000000000001        3.8278717547655106E-003   1.6652747663761498E-005
        2000  0.25000000000000000        2.9767230153083801E-003   4.4989121802722651E-005
        2000  0.50000000000000000        1.0155327618122101E-003   8.7511100305127714E-004
        2000  -1.0000000000000000        1.3796798884868622E-003   0.0000000000000000     
        2000   0.0000000000000000        6.2575191259384155E-003   1.6857515487249716E-015
        2000  0.20000000000000001        3.7656947970390320E-003   1.9411852414601033E-005
        2000  0.25000000000000000        2.9384717345237732E-003   5.1853129795383080E-005
        2000  0.50000000000000000        1.0138154029846191E-003   9.1395409420259182E-004
        2000  -1.0000000000000000        1.3945363461971283E-003   0.0000000000000000     
        2000   0.0000000000000000        6.1209518462419510E-003   1.6751906679823807E-015
        2000  0.20000000000000001        3.7713591009378433E-003   1.6081652391157041E-005
        2000  0.25000000000000000        2.9292218387126923E-003   4.6007376896931255E-005
        2000  0.50000000000000000        1.0164119303226471E-003   8.2273125826379419E-004
        2000  -1.0000000000000000        1.3813432306051254E-003   0.0000000000000000     
        2000   0.0000000000000000        6.0691311955451965E-003   1.6632111813106844E-015
        2000  0.20000000000000001        3.8346666842699051E-003   1.6998210090162825E-005
        2000  0.25000000000000000        3.0051618814468384E-003   4.8037463752789765E-005
        2000  0.50000000000000000        1.0362882167100906E-003   9.0283287384664284E-004
        2000  -1.0000000000000000        1.3788994401693344E-003   0.0000000000000000     
        2000   0.0000000000000000        6.1520747840404510E-003   1.7070185528950394E-015
        2000  0.20000000000000001        3.7284027785062790E-003   1.6336951133381115E-005
        2000  0.25000000000000000        2.9118228703737259E-003   4.6935914525212900E-005
        2000  0.50000000000000000        9.9961087107658386E-004   8.7546143266782920E-004
        2000  -1.0000000000000000        1.3839490711688995E-003   0.0000000000000000     
        2000   0.0000000000000000        6.1542298644781113E-003   1.6612014651215534E-015
        2000  0.20000000000000001        3.6808587610721588E-003   1.9700719815714285E-005
        2000  0.25000000000000000        2.8612464666366577E-003   5.0259126006132667E-005
        2000  0.50000000000000000        9.7871571779251099E-004   9.2094865230954069E-004
        2000  -1.0000000000000000        1.4063455164432526E-003   0.0000000000000000     
        2000   0.0000000000000000        6.0065500438213348E-003   1.6517017543832696E-015
        2000  0.20000000000000001        3.7500839680433273E-003   1.9297750252479441E-005
        2000  0.25000000000000000        2.9282085597515106E-003   5.0751143883433782E-005
        2000  0.50000000000000000        1.0075401514768600E-003   9.3722337376879678E-004
        2000  -1.0000000000000000        1.3807658106088638E-003   0.0000000000000000     
        2000   0.0000000000000000        6.1490740627050400E-003   1.6835585509970521E-015
        2000  0.20000000000000001        3.7356317043304443E-003   1.8125881529291770E-005
        2000  0.25000000000000000        2.9137562960386276E-003   4.7125100887144871E-005
        2000  0.50000000000000000        1.0177604854106903E-003   9.2304273840063686E-004
        2000  -1.0000000000000000        1.3844687491655350E-003   0.0000000000000000     
        2000   0.0000000000000000        6.2103234231472015E-003   1.6936996364421391E-015
        2000  0.20000000000000001        3.7618745118379593E-003   1.9543220672339498E-005
        2000  0.25000000000000000        2.9502045363187790E-003   5.0696902703520126E-005
        2000  0.50000000000000000        1.0135155171155930E-003   8.9813675606215863E-004
        2000  -1.0000000000000000        1.3805050402879715E-003   0.0000000000000000     
        2000   0.0000000000000000        6.0799028724431992E-003   1.6084577999373076E-015
        2000  0.20000000000000001        3.7766154855489731E-003   1.9748962509071649E-005
        2000  0.25000000000000000        2.9503684490919113E-003   5.0631409514592447E-005
        2000  0.50000000000000000        1.0184589773416519E-003   8.9373454129357320E-004
        2500  -1.0000000000000000        2.2265482693910599E-003   0.0000000000000000     
        2500   0.0000000000000000        9.8329279571771622E-003   1.8611063885562136E-015
        2500  0.20000000000000001        5.4936613887548447E-003   1.7208396780225980E-005
        2500  0.25000000000000000        4.1885655373334885E-003   4.3947953711758728E-005
        2500  0.50000000000000000        1.3922899961471558E-003   8.6636083129178762E-004
        2500  -1.0000000000000000        2.2743251174688339E-003   0.0000000000000000     
        2500   0.0000000000000000        9.9002066999673843E-003   1.8375669139390943E-015
        2500  0.20000000000000001        5.4791718721389771E-003   1.8380362652795906E-005
        2500  0.25000000000000000        4.1706860065460205E-003   4.6483009279578315E-005
        2500  0.50000000000000000        1.3649575412273407E-003   8.4091333700059192E-004
        2500  -1.0000000000000000        2.2866018116474152E-003   0.0000000000000000     
        2500   0.0000000000000000        9.6214823424816132E-003   1.8504938069471414E-015
        2500  0.20000000000000001        5.4026599973440170E-003   1.9269059819131038E-005
        2500  0.25000000000000000        4.1130557656288147E-003   5.2891132279867262E-005
        2500  0.50000000000000000        1.3794377446174622E-003   8.5781773478908914E-004
        2500  -1.0000000000000000        2.2381674498319626E-003   0.0000000000000000     
        2500   0.0000000000000000        9.8696053028106689E-003   1.8633018264781847E-015
        2500  0.20000000000000001        5.5050607770681381E-003   1.6871375297771167E-005
        2500  0.25000000000000000        4.1953641921281815E-003   4.7544751359924444E-005
        2500  0.50000000000000000        1.3733971863985062E-003   8.7712920593007847E-004
        2500  -1.0000000000000000        2.2269561886787415E-003   0.0000000000000000     
        2500   0.0000000000000000        9.9262837320566177E-003   1.8484294694816952E-015
        2500  0.20000000000000001        5.5893100798130035E-003   1.7858163044576369E-005
        2500  0.25000000000000000        4.2368285357952118E-003   4.7439720402063400E-005
        2500  0.50000000000000000        1.3949461281299591E-003   8.9372457546696557E-004
        2500  -1.0000000000000000        2.2828523069620132E-003   0.0000000000000000     
        2500   0.0000000000000000        9.8654553294181824E-003   1.8541968800038321E-015
        2500  0.20000000000000001        5.5535584688186646E-003   1.7668232505472829E-005
        2500  0.25000000000000000        4.4420156627893448E-003   4.7437223097357781E-005
        2500  0.50000000000000000        1.3854335993528366E-003   8.4494529543689971E-004
        2500  -1.0000000000000000        2.2874176502227783E-003   0.0000000000000000     
        2500   0.0000000000000000        1.0032556951045990E-002   1.8844653190965228E-015
        2500  0.20000000000000001        5.4522641003131866E-003   1.9235084021598565E-005
        2500  0.25000000000000000        4.1777025908231735E-003   5.1372731816088613E-005
        2500  0.50000000000000000        1.3590380549430847E-003   8.8370201940383194E-004
        2500  -1.0000000000000000        2.2222846746444702E-003   0.0000000000000000     
        2500   0.0000000000000000        9.8529476672410965E-003   1.8786568212953209E-015
        2500  0.20000000000000001        5.4630581289529800E-003   1.7291084525478336E-005
        2500  0.25000000000000000        4.1417684406042099E-003   4.8394522057092093E-005
        2500  0.50000000000000000        1.3538803905248642E-003   8.7414939100448113E-004
        2500  -1.0000000000000000        2.2641178220510483E-003   0.0000000000000000     
        2500   0.0000000000000000        9.9244788289070129E-003   1.8650062176993832E-015
        2500  0.20000000000000001        5.5366754531860352E-003   1.6379924593277483E-005
        2500  0.25000000000000000        4.2259227484464645E-003   4.4051626941230785E-005
        2500  0.50000000000000000        1.3665426522493362E-003   8.5746845918902969E-004
        2500  -1.0000000000000000        2.1979678422212601E-003   0.0000000000000000     
        2500   0.0000000000000000        9.8403040319681168E-003   1.8836573797158038E-015
        2500  0.20000000000000001        5.4058954119682312E-003   1.9271390534980903E-005
        2500  0.25000000000000000        4.1229110211133957E-003   4.9820905029570499E-005
        2500  0.50000000000000000        1.3538189232349396E-003   8.6839680708567218E-004
        2500  -1.0000000000000000        2.3020505905151367E-003   0.0000000000000000     
        2500   0.0000000000000000        9.8622851073741913E-003   1.8904416730969663E-015
        2500  0.20000000000000001        5.4942332208156586E-003   1.9451299701687804E-005
        2500  0.25000000000000000        4.1939876973628998E-003   5.1316359271203798E-005
        2500  0.50000000000000000        1.3765171170234680E-003   8.9685991761662988E-004
        2500  -1.0000000000000000        2.2338721901178360E-003   0.0000000000000000     
        2500   0.0000000000000000        9.6925273537635803E-003   1.8496733116350729E-015
        2500  0.20000000000000001        5.4142586886882782E-003   1.7856240286535938E-005
        2500  0.25000000000000000        4.1366852819919586E-003   4.8456988391993886E-005
        2500  0.50000000000000000        1.3779606670141220E-003   8.6324977841686099E-004
        2500  -1.0000000000000000        2.1841302514076233E-003   0.0000000000000000     
        2500   0.0000000000000000        9.8462495952844620E-003   1.8702050909519478E-015
        2500  0.20000000000000001        5.4574180394411087E-003   1.8234411198965186E-005
        2500  0.25000000000000000        4.1736084967851639E-003   4.7560253945281740E-005
        2500  0.50000000000000000        1.3722088187932968E-003   8.7540465486063185E-004
        2500  -1.0000000000000000        2.2291149944067001E-003   0.0000000000000000     
        2500   0.0000000000000000        9.8679587244987488E-003   1.8010098796783519E-015
        2500  0.20000000000000001        5.5626314133405685E-003   1.9807127799795888E-005
        2500  0.25000000000000000        4.2479708790779114E-003   5.3889629930871522E-005
        2500  0.50000000000000000        1.3865660876035690E-003   8.7352726808439531E-004
        2500  -1.0000000000000000        2.3408010601997375E-003   0.0000000000000000     
        2500   0.0000000000000000        9.8872203379869461E-003   1.8658540844477135E-015
        2500  0.20000000000000001        5.4723620414733887E-003   1.9635215858537944E-005
        2500  0.25000000000000000        4.1496101766824722E-003   5.4230001089679996E-005
        2500  0.50000000000000000        1.3563986867666245E-003   9.1108313213452308E-004
        2500  -1.0000000000000000        2.2664479911327362E-003   0.0000000000000000     
        2500   0.0000000000000000        9.9668204784393311E-003   1.8660312373631987E-015
        2500  0.20000000000000001        5.6101921945810318E-003   1.6894536380142465E-005
        2500  0.25000000000000000        4.1518621146678925E-003   4.5803737934543883E-005
        2500  0.50000000000000000        1.3470537960529327E-003   8.3230666414648997E-004
        2500  -1.0000000000000000        2.2138282656669617E-003   0.0000000000000000     
        2500   0.0000000000000000        9.7811594605445862E-003   1.8639867755130100E-015
        2500  0.20000000000000001        5.6005138903856277E-003   1.8988458705789910E-005
        2500  0.25000000000000000        4.2627602815628052E-003   5.2714422516594171E-005
        2500  0.50000000000000000        1.4129765331745148E-003   8.3685480939417760E-004
        2500  -1.0000000000000000        2.2546164691448212E-003   0.0000000000000000     
        2500   0.0000000000000000        9.7356513142585754E-003   1.8636356678946427E-015
        2500  0.20000000000000001        5.4755359888076782E-003   1.5958409579669821E-005
        2500  0.25000000000000000        4.1806418448686600E-003   4.5504974177318271E-005
        2500  0.50000000000000000        1.3821478933095932E-003   8.0283895390994425E-004
        2500  -1.0000000000000000        2.2567342966794968E-003   0.0000000000000000     
        2500   0.0000000000000000        9.7180735319852829E-003   1.8644591482833536E-015
        2500  0.20000000000000001        5.7639516890048981E-003   1.7855166294400184E-005
        2500  0.25000000000000000        4.1929949074983597E-003   4.7643427318119357E-005
        2500  0.50000000000000000        1.3751853257417679E-003   9.0478344660253722E-004
        2500  -1.0000000000000000        2.1792650222778320E-003   0.0000000000000000     
        2500   0.0000000000000000        9.8903421312570572E-003   1.8885033392309375E-015
        2500  0.20000000000000001        5.4576769471168518E-003   1.8524914323171599E-005
        2500  0.25000000000000000        4.1483528912067413E-003   4.8469830194895420E-005
        2500  0.50000000000000000        1.3728737831115723E-003   8.9312682785355106E-004
        3000  -1.0000000000000000        2.9327310621738434E-003   0.0000000000000000     
        3000   0.0000000000000000        1.4989599585533142E-002   1.9902538635737802E-015
        3000  0.20000000000000001        7.5066834688186646E-003   1.5135081424705513E-005
        3000  0.25000000000000000        5.5830068886280060E-003   4.4623234842523638E-005
        3000  0.50000000000000000        1.7394591122865677E-003   8.4538954820355882E-004
        3000  -1.0000000000000000        2.9461998492479324E-003   0.0000000000000000     
        3000   0.0000000000000000        1.4844626188278198E-002   2.0184296536770037E-015
        3000  0.20000000000000001        7.3883756995201111E-003   1.8222314423704506E-005
        3000  0.25000000000000000        5.5627841502428055E-003   4.7753532045563891E-005
        3000  0.50000000000000000        1.7317030578851700E-003   8.0810784036046076E-004
        3000  -1.0000000000000000        2.9356982558965683E-003   0.0000000000000000     
        3000   0.0000000000000000        1.4778539538383484E-002   2.0044536722010819E-015
        3000  0.20000000000000001        7.4273571372032166E-003   1.7885848730072587E-005
        3000  0.25000000000000000        5.5816080421209335E-003   4.9214675444734649E-005
        3000  0.50000000000000000        1.7267782241106033E-003   8.1852100691604728E-004
        3000  -1.0000000000000000        2.9479116201400757E-003   0.0000000000000000     
        3000   0.0000000000000000        1.4781482517719269E-002   2.0267361171604823E-015
        3000  0.20000000000000001        7.5433347374200821E-003   1.7596195167512731E-005
        3000  0.25000000000000000        5.6398473680019379E-003   4.6861469818096256E-005
        3000  0.50000000000000000        1.7449297010898590E-003   8.5017112843303942E-004
        3000  -1.0000000000000000        2.9405672103166580E-003   0.0000000000000000     
        3000   0.0000000000000000        1.4595996588468552E-002   2.0835162072074236E-015
        3000  0.20000000000000001        7.5905323028564453E-003   1.7815927330873194E-005
        3000  0.25000000000000000        5.6800823658704758E-003   4.8663611880434407E-005
        3000  0.50000000000000000        1.7656255513429642E-003   8.6758599982600241E-004
        3000  -1.0000000000000000        2.9393844306468964E-003   0.0000000000000000     
        3000   0.0000000000000000        1.4952886849641800E-002   2.0467827038416055E-015
        3000  0.20000000000000001        7.6001994311809540E-003   1.8279170507416053E-005
        3000  0.25000000000000000        5.6868735700845718E-003   4.6670494636515665E-005
        3000  0.50000000000000000        1.7754621803760529E-003   8.2619641950059265E-004
        3000  -1.0000000000000000        2.9337573796510696E-003   0.0000000000000000     
        3000   0.0000000000000000        1.4721967279911041E-002   2.0659129489605234E-015
        3000  0.20000000000000001        7.6546482741832733E-003   1.8061295358953412E-005
        3000  0.25000000000000000        5.7327020913362503E-003   5.0707061299902262E-005
        3000  0.50000000000000000        1.7923321574926376E-003   8.4306380067218590E-004
        3000  -1.0000000000000000        2.9387325048446655E-003   0.0000000000000000     
        3000   0.0000000000000000        1.5008293092250824E-002   2.0429527087147524E-015
        3000  0.20000000000000001        7.4808299541473389E-003   1.8135595966339926E-005
        3000  0.25000000000000000        5.6039504706859589E-003   4.8410000309903171E-005
        3000  0.50000000000000000        1.7627775669097900E-003   8.2121853033668079E-004
        3000  -1.0000000000000000        2.9304865747690201E-003   0.0000000000000000     
        3000   0.0000000000000000        1.4722289517521858E-002   1.9984428932209953E-015
        3000  0.20000000000000001        7.4589718133211136E-003   1.8562169636956367E-005
        3000  0.25000000000000000        5.6071914732456207E-003   4.8548403075996798E-005
        3000  0.50000000000000000        1.7409883439540863E-003   8.2392105269231365E-004
        3000  -1.0000000000000000        2.9329415410757065E-003   0.0000000000000000     
        3000   0.0000000000000000        1.5056950971484184E-002   2.0390922908415282E-015
        3000  0.20000000000000001        7.5023844838142395E-003   1.8728348920464537E-005
        3000  0.25000000000000000        5.6107603013515472E-003   5.0767570777198933E-005
        3000  0.50000000000000000        1.7511174082756042E-003   8.6461927594939664E-004
        3000  -1.0000000000000000        2.9364470392465591E-003   0.0000000000000000     
        3000   0.0000000000000000        1.4553681015968323E-002   2.0165689388233541E-015
        3000  0.20000000000000001        7.4227917939424515E-003   1.7372517851272984E-005
        3000  0.25000000000000000        5.5595152080059052E-003   4.7587920625043535E-005
        3000  0.50000000000000000        1.7170589417219162E-003   8.6334001094062209E-004
        3000  -1.0000000000000000        2.9472783207893372E-003   0.0000000000000000     
        3000   0.0000000000000000        1.4699770137667656E-002   2.0228388958218974E-015
        3000  0.20000000000000001        7.4202772229909897E-003   2.0127309309515919E-005
        3000  0.25000000000000000        5.5691786110401154E-003   5.3556704060661897E-005
        3000  0.50000000000000000        1.7534848302602768E-003   8.6245462519523783E-004
        3000  -1.0000000000000000        2.9940996319055557E-003   0.0000000000000000     
        3000   0.0000000000000000        1.4893416315317154E-002   2.0648303716857035E-015
        3000  0.20000000000000001        7.6015666127204895E-003   1.9359497573166513E-005
        3000  0.25000000000000000        5.6979395449161530E-003   5.4559785754977045E-005
        3000  0.50000000000000000        1.7669089138507843E-003   8.6126814615172429E-004
        3000  -1.0000000000000000        2.9341708868741989E-003   0.0000000000000000     
        3000   0.0000000000000000        1.4767304062843323E-002   1.9912469166625819E-015
        3000  0.20000000000000001        7.5756441801786423E-003   1.9343849508416443E-005
        3000  0.25000000000000000        5.6756455451250076E-003   5.4037227901382754E-005
        3000  0.50000000000000000        1.7631053924560547E-003   9.0510683812355724E-004
        3000  -1.0000000000000000        2.9385574162006378E-003   0.0000000000000000     
        3000   0.0000000000000000        1.4772124588489532E-002   2.0305479887915856E-015
        3000  0.20000000000000001        7.3635187000036240E-003   1.7368234361207572E-005
        3000  0.25000000000000000        5.5081751197576523E-003   4.6419511337810965E-005
        3000  0.50000000000000000        1.7061121761798859E-003   8.4533331514470393E-004
        3000  -1.0000000000000000        2.9440000653266907E-003   0.0000000000000000     
        3000   0.0000000000000000        1.5564138069748878E-002   2.0177263756596009E-015
        3000  0.20000000000000001        7.6719950884580612E-003   1.7728035761836377E-005
        3000  0.25000000000000000        5.5515225976705551E-003   4.9541575779451324E-005
        3000  0.50000000000000000        1.7377845942974091E-003   8.3812589686008924E-004
        3000  -1.0000000000000000        2.9297191649675369E-003   0.0000000000000000     
        3000   0.0000000000000000        1.4643190428614616E-002   2.0080036790837866E-015
        3000  0.20000000000000001        7.6004862785339355E-003   1.8523394264570300E-005
        3000  0.25000000000000000        5.6847427040338516E-003   5.1813854295961426E-005
        3000  0.50000000000000000        1.7750579863786697E-003   8.5730203913623386E-004
        3000  -1.0000000000000000        2.9409993439912796E-003   0.0000000000000000     
        3000   0.0000000000000000        1.4796976000070572E-002   2.0177527609361184E-015
        3000  0.20000000000000001        7.3856543749570847E-003   2.0088541251547455E-005
        3000  0.25000000000000000        5.5214781314134598E-003   5.4424492811431961E-005
        3000  0.50000000000000000        1.7031170427799225E-003   8.4464709405417658E-004
        3000  -1.0000000000000000        2.9484219849109650E-003   0.0000000000000000     
        3000   0.0000000000000000        1.4648960903286934E-002   2.0220706229126461E-015
        3000  0.20000000000000001        7.5418725609779358E-003   1.9009991923208190E-005
        3000  0.25000000000000000        5.5943578481674194E-003   5.1785199439856841E-005
        3000  0.50000000000000000        1.7441660165786743E-003   8.6559389351539167E-004
        3000  -1.0000000000000000        2.9377005994319916E-003   0.0000000000000000     
        3000   0.0000000000000000        1.4674581587314606E-002   2.0355849553854285E-015
        3000  0.20000000000000001        7.4957776814699173E-003   1.9224614304526987E-005
        3000  0.25000000000000000        5.6232251226902008E-003   5.0089559968698107E-005
        3000  0.50000000000000000        1.7562583088874817E-003   8.0717150303842751E-004
        3500  -1.0000000000000000        3.9748400449752808E-003   0.0000000000000000     
        3500   0.0000000000000000        2.0709082484245300E-002   2.2356284985112509E-015
        3500  0.20000000000000001        1.0178210213780403E-002   1.8649477257974254E-005
        3500  0.25000000000000000        7.3611121624708176E-003   4.4666465875730424E-005
        3500  0.50000000000000000        2.1569635719060898E-003   8.4277127832519880E-004
        3500  -1.0000000000000000        3.9719901978969574E-003   0.0000000000000000     
        3500   0.0000000000000000        2.0703004673123360E-002   2.2396414809961017E-015
        3500  0.20000000000000001        9.7069460898637772E-003   1.7174745913236873E-005
        3500  0.25000000000000000        7.1587674319744110E-003   4.6113438646828120E-005
        3500  0.50000000000000000        2.1435543894767761E-003   7.7983407625758464E-004
        3500  -1.0000000000000000        3.9734672755002975E-003   0.0000000000000000     
        3500   0.0000000000000000        2.0736638456583023E-002   2.1909862700258869E-015
        3500  0.20000000000000001        9.7826998680830002E-003   1.9917997412210867E-005
        3500  0.25000000000000000        7.1729701012372971E-003   5.1047948352088490E-005
        3500  0.50000000000000000        2.1369624882936478E-003   8.6409495899977958E-004
        3500  -1.0000000000000000        3.9780940860509872E-003   0.0000000000000000     
        3500   0.0000000000000000        2.0879173651337624E-002   2.2078143284222686E-015
        3500  0.20000000000000001        9.7702704370021820E-003   1.9949855058232106E-005
        3500  0.25000000000000000        7.1916170418262482E-003   5.5155357281802745E-005
        3500  0.50000000000000000        2.1501854062080383E-003   8.8272955402140466E-004
        3500  -1.0000000000000000        3.9724037051200867E-003   0.0000000000000000     
        3500   0.0000000000000000        2.0740389823913574E-002   2.2045437064609915E-015
        3500  0.20000000000000001        9.6478667110204697E-003   1.8427525156223905E-005
        3500  0.25000000000000000        7.0700533688068390E-003   4.9317343641313433E-005
        3500  0.50000000000000000        2.1160505712032318E-003   8.6778728395788961E-004
        3500  -1.0000000000000000        3.9742644876241684E-003   0.0000000000000000     
        3500   0.0000000000000000        2.0468434318900108E-002   2.1987418592883678E-015
        3500  0.20000000000000001        9.7996965050697327E-003   1.9759108702855987E-005
        3500  0.25000000000000000        7.1774274110794067E-003   5.0300923788594201E-005
        3500  0.50000000000000000        2.1503772586584091E-003   8.1192606019719578E-004
        3500  -1.0000000000000000        3.9916094392538071E-003   0.0000000000000000     
        3500   0.0000000000000000        2.0780403167009354E-002   2.2277403021474799E-015
        3500  0.20000000000000001        9.6901990473270416E-003   1.8930264748254108E-005
        3500  0.25000000000000000        7.1253795176744461E-003   4.9930636003267675E-005
        3500  0.50000000000000000        2.1228920668363571E-003   8.6220935961993340E-004
        3500  -1.0000000000000000        3.9820335805416107E-003   0.0000000000000000     
        3500   0.0000000000000000        2.0731668919324875E-002   2.1633710583059422E-015
        3500  0.20000000000000001        9.7567029297351837E-003   1.9033903230016265E-005
        3500  0.25000000000000000        7.1725733578205109E-003   4.9777198186997278E-005
        3500  0.50000000000000000        2.1446608006954193E-003   8.5225325712936226E-004
        3500  -1.0000000000000000        3.9716120809316635E-003   0.0000000000000000     
        3500   0.0000000000000000        2.0682951435446739E-002   2.2120913180974412E-015
        3500  0.20000000000000001        9.8559837788343430E-003   1.8968300095723640E-005
        3500  0.25000000000000000        7.2479601949453354E-003   4.9225831316987590E-005
        3500  0.50000000000000000        2.1642092615365982E-003   8.5302514005317943E-004
        3500  -1.0000000000000000        3.9749462157487869E-003   0.0000000000000000     
        3500   0.0000000000000000        2.0541632547974586E-002   2.2328153019759632E-015
        3500  0.20000000000000001        9.6879918128252029E-003   1.8330963772782703E-005
        3500  0.25000000000000000        7.1446429938077927E-003   4.6671850200419115E-005
        3500  0.50000000000000000        2.1428465843200684E-003   8.4369251121610487E-004
        3500  -1.0000000000000000        3.9682574570178986E-003   0.0000000000000000     
        3500   0.0000000000000000        2.0717523992061615E-002   2.1987232616231840E-015
        3500  0.20000000000000001        9.9144950509071350E-003   1.8124822144875543E-005
        3500  0.25000000000000000        7.3064491152763367E-003   5.0490998675118018E-005
        3500  0.50000000000000000        2.1808929741382599E-003   8.2639156678962814E-004
        3500  -1.0000000000000000        3.9957966655492783E-003   0.0000000000000000     
        3500   0.0000000000000000        2.0776517689228058E-002   2.1858451601282060E-015
        3500  0.20000000000000001        9.9136382341384888E-003   2.0190824372288238E-005
        3500  0.25000000000000000        7.3140524327754974E-003   5.3866960370183859E-005
        3500  0.50000000000000000        2.1896753460168839E-003   8.5429580660245695E-004
        3500  -1.0000000000000000        3.9705187082290649E-003   0.0000000000000000     
        3500   0.0000000000000000        2.0601535215973854E-002   2.1915926148516375E-015
        3500  0.20000000000000001        9.8047442734241486E-003   2.0002180331557124E-005
        3500  0.25000000000000000        7.2069372981786728E-003   4.9759413653010881E-005
        3500  0.50000000000000000        2.1500084549188614E-003   8.7136820495487205E-004
        3500  -1.0000000000000000        3.9759781211614609E-003   0.0000000000000000     
        3500   0.0000000000000000        2.1382892504334450E-002   2.2240100149007657E-015
        3500  0.20000000000000001        1.0081699118018150E-002   1.8304151559582470E-005
        3500  0.25000000000000000        7.3872525244951248E-003   5.0909990066697459E-005
        3500  0.50000000000000000        2.1943561732769012E-003   8.4469259807749874E-004
        3500  -1.0000000000000000        3.9733611047267914E-003   0.0000000000000000     
        3500   0.0000000000000000        2.1202661097049713E-002   2.2026684218454745E-015
        3500  0.20000000000000001        9.9188443273305893E-003   1.8484447963136015E-005
        3500  0.25000000000000000        7.2821751236915588E-003   4.6900220861418430E-005
        3500  0.50000000000000000        2.1627489477396011E-003   8.4386483282637866E-004
        3500  -1.0000000000000000        3.9820168167352676E-003   0.0000000000000000     
        3500   0.0000000000000000        2.0592058077454567E-002   2.2073146569057857E-015
        3500  0.20000000000000001        9.5952954143285751E-003   1.8019494585328006E-005
        3500  0.25000000000000000        7.1059409528970718E-003   4.8802964001879317E-005
        3500  0.50000000000000000        2.1137204021215439E-003   8.4964694728943463E-004
        3500  -1.0000000000000000        3.9819553494453430E-003   0.0000000000000000     
        3500   0.0000000000000000        2.0840503275394440E-002   2.2210177622333381E-015
        3500  0.20000000000000001        9.7666960209608078E-003   1.8915219563884964E-005
        3500  0.25000000000000000        7.1469955146312714E-003   4.8781214173443357E-005
        3500  0.50000000000000000        2.1216012537479401E-003   8.3944658561069729E-004
        3500  -1.0000000000000000        3.9763133972883224E-003   0.0000000000000000     
        3500   0.0000000000000000        2.0784417167305946E-002   2.2111331196510591E-015
        3500  0.20000000000000001        9.7493268549442291E-003   1.7170465850868941E-005
        3500  0.25000000000000000        7.1564186364412308E-003   4.5686025207741713E-005
        3500  0.50000000000000000        2.1238010376691818E-003   8.2602315102050616E-004
        3500  -1.0000000000000000        3.9739999920129776E-003   0.0000000000000000     
        3500   0.0000000000000000        2.0724892616271973E-002   2.2009835040775367E-015
        3500  0.20000000000000001        9.7444225102663040E-003   1.9594294714894262E-005
        3500  0.25000000000000000        7.1682166308164597E-003   5.4485107611422836E-005
        3500  0.50000000000000000        2.1530836820602417E-003   8.0518961191682688E-004
        3500  -1.0000000000000000        3.9737559854984283E-003   0.0000000000000000     
        3500   0.0000000000000000        2.0542617887258530E-002   2.2540380780605032E-015
        3500  0.20000000000000001        9.8022650927305222E-003   1.6579916332484556E-005
        3500  0.25000000000000000        7.2113834321498871E-003   4.4647265674267343E-005
        3500  0.50000000000000000        2.1596159785985947E-003   8.2649644874950015E-004
        4000  -1.0000000000000000        5.1825493574142456E-003   0.0000000000000000     
        4000   0.0000000000000000        2.7631919831037521E-002   2.3642097387194238E-015
        4000  0.20000000000000001        1.2165104970335960E-002   1.8724891896883130E-005
        4000  0.25000000000000000        8.8705494999885559E-003   5.0040710402808704E-005
        4000  0.50000000000000000        2.5950036942958832E-003   8.5043507370521194E-004
        4000  -1.0000000000000000        5.1477272063493729E-003   0.0000000000000000     
        4000   0.0000000000000000        2.6969248428940773E-002   2.3724444589613514E-015
        4000  0.20000000000000001        1.1973876506090164E-002   1.9405674856993033E-005
        4000  0.25000000000000000        8.7461955845355988E-003   4.9423505173633249E-005
        4000  0.50000000000000000        2.5846250355243683E-003   8.5298946854666519E-004
        4000  -1.0000000000000000        5.1746070384979248E-003   0.0000000000000000     
        4000   0.0000000000000000        2.7243003249168396E-002   2.3481170567208233E-015
        4000  0.20000000000000001        1.2134384363889694E-002   1.7585121109457615E-005
        4000  0.25000000000000000        8.8671632111072540E-003   4.7110440202510343E-005
        4000  0.50000000000000000        2.6142541319131851E-003   7.8105227979282407E-004
        4000  -1.0000000000000000        5.1487796008586884E-003   0.0000000000000000     
        4000   0.0000000000000000        2.7609266340732574E-002   2.3409974747049045E-015
        4000  0.20000000000000001        1.2297583743929863E-002   1.8534987751257444E-005
        4000  0.25000000000000000        8.9838337153196335E-003   4.8569823337066278E-005
        4000  0.50000000000000000        2.6385392993688583E-003   8.0335192628365969E-004
        4000  -1.0000000000000000        5.1532536745071411E-003   0.0000000000000000     
        4000   0.0000000000000000        2.7463074773550034E-002   2.4012924227355101E-015
        4000  0.20000000000000001        1.2256620451807976E-002   1.7035577727387399E-005
        4000  0.25000000000000000        8.9172124862670898E-003   4.6687387583259339E-005
        4000  0.50000000000000000        2.6159193366765976E-003   8.3254926052816688E-004
        4000  -1.0000000000000000        5.1976237446069717E-003   0.0000000000000000     
        4000   0.0000000000000000        2.7232868596911430E-002   2.3948938875747574E-015
        4000  0.20000000000000001        1.1943079531192780E-002   1.8514972980455424E-005
        4000  0.25000000000000000        8.7047684937715530E-003   4.8256727513764658E-005
        4000  0.50000000000000000        2.5523379445075989E-003   8.2286820015538373E-004
        4000  -1.0000000000000000        5.1778070628643036E-003   0.0000000000000000     
        4000   0.0000000000000000        2.7541855350136757E-002   2.3628391681993833E-015
        4000  0.20000000000000001        1.2444369494915009E-002   1.8416287025938503E-005
        4000  0.25000000000000000        9.3516781926155090E-003   5.0632263828617325E-005
        4000  0.50000000000000000        2.6124902069568634E-003   7.9847031303488503E-004
        4000  -1.0000000000000000        5.1639545708894730E-003   0.0000000000000000     
        4000   0.0000000000000000        2.7290720492601395E-002   2.3332905734944211E-015
        4000  0.20000000000000001        1.2626010924577713E-002   1.8839814443622892E-005
        4000  0.25000000000000000        8.7676532566547394E-003   4.9375209840782568E-005
        4000  0.50000000000000000        2.5726892054080963E-003   8.2141744801793499E-004
        4000  -1.0000000000000000        5.1570776849985123E-003   0.0000000000000000     
        4000   0.0000000000000000        2.7341663837432861E-002   2.3541622924573628E-015
        4000  0.20000000000000001        1.2237649410963058E-002   1.9399271089526012E-005
        4000  0.25000000000000000        8.9107118546962738E-003   4.6712696170970070E-005
        4000  0.50000000000000000        2.6267077773809433E-003   8.1089942926230183E-004
        4000  -1.0000000000000000        5.1919128745794296E-003   0.0000000000000000     
        4000   0.0000000000000000        2.7454840019345284E-002   2.3952337033981069E-015
        4000  0.20000000000000001        1.2028425931930542E-002   1.8861096584569252E-005
        4000  0.25000000000000000        8.7782759219408035E-003   4.9454795487775184E-005
        4000  0.50000000000000000        2.5658756494522095E-003   8.3433400638617539E-004
        4000  -1.0000000000000000        5.1872283220291138E-003   0.0000000000000000     
        4000   0.0000000000000000        2.7740458026528358E-002   2.4036908148698992E-015
        4000  0.20000000000000001        1.2145172804594040E-002   1.8477767155854412E-005
        4000  0.25000000000000000        8.8611710816621780E-003   4.9082469590770703E-005
        4000  0.50000000000000000        2.5988072156906128E-003   8.2339688372216110E-004
        4000  -1.0000000000000000        5.1550045609474182E-003   0.0000000000000000     
        4000   0.0000000000000000        2.7500864118337631E-002   2.4069752480997268E-015
        4000  0.20000000000000001        1.2141585350036621E-002   1.8621942980432712E-005
        4000  0.25000000000000000        8.8827665895223618E-003   4.7976084917795637E-005
        4000  0.50000000000000000        2.6295408606529236E-003   8.2608388496115505E-004
        4000  -1.0000000000000000        5.1761344075202942E-003   0.0000000000000000     
        4000   0.0000000000000000        2.7532584965229034E-002   2.3874423384872760E-015
        4000  0.20000000000000001        1.2193134054541588E-002   1.7880630265115053E-005
        4000  0.25000000000000000        9.1067310422658920E-003   4.7018708945786458E-005
        4000  0.50000000000000000        2.8281100094318390E-003   7.8492046559423074E-004
        4000  -1.0000000000000000        5.2146147936582565E-003   0.0000000000000000     
        4000   0.0000000000000000        2.7669738978147507E-002   2.3760257125511037E-015
        4000  0.20000000000000001        1.2241199612617493E-002   1.8036805214567622E-005
        4000  0.25000000000000000        8.9403074234724045E-003   4.7535587483301649E-005
        4000  0.50000000000000000        2.6252213865518570E-003   8.2562568727133974E-004
        4000  -1.0000000000000000        5.1520429551601410E-003   0.0000000000000000     
        4000   0.0000000000000000        2.7716947719454765E-002   2.4010249205819179E-015
        4000  0.20000000000000001        1.2261629104614258E-002   1.9696717485075634E-005
        4000  0.25000000000000000        8.9588984847068787E-003   5.0738117388945001E-005
        4000  0.50000000000000000        2.6252027601003647E-003   8.2728326745740838E-004
        4000  -1.0000000000000000        5.1619019359350204E-003   0.0000000000000000     
        4000   0.0000000000000000        2.7233000844717026E-002   2.3538113459832008E-015
        4000  0.20000000000000001        1.2154845520853996E-002   1.9441268601609429E-005
        4000  0.25000000000000000        8.8745374232530594E-003   4.9231203149494267E-005
        4000  0.50000000000000000        2.5917105376720428E-003   8.1093778172357624E-004
        4000  -1.0000000000000000        5.3499825298786163E-003   0.0000000000000000     
        4000   0.0000000000000000        2.7376390993595123E-002   2.4288391936433931E-015
        4000  0.20000000000000001        1.2098090723156929E-002   1.8185458775422836E-005
        4000  0.25000000000000000        8.8369622826576233E-003   4.9403816258977044E-005
        4000  0.50000000000000000        2.5881677865982056E-003   7.9116627956818614E-004
        4000  -1.0000000000000000        5.1596090197563171E-003   0.0000000000000000     
        4000   0.0000000000000000        2.7570465579628944E-002   2.3733173706386911E-015
        4000  0.20000000000000001        1.3164583593606949E-002   1.6748055232408555E-005
        4000  0.25000000000000000        9.3394331634044647E-003   4.7901524386497455E-005
        4000  0.50000000000000000        2.6311799883842468E-003   8.1089806228269777E-004
        4000  -1.0000000000000000        5.1895081996917725E-003   0.0000000000000000     
        4000   0.0000000000000000        2.7489654719829559E-002   2.3579809925555468E-015
        4000  0.20000000000000001        1.2173432856798172E-002   1.8702824411824097E-005
        4000  0.25000000000000000        8.8567305356264114E-003   4.8361390514601823E-005
        4000  0.50000000000000000        2.6026554405689240E-003   8.0424410661547520E-004
        4000  -1.0000000000000000        5.1621627062559128E-003   0.0000000000000000     
        4000   0.0000000000000000        2.7592923492193222E-002   2.3772107765729449E-015
        4000  0.20000000000000001        1.2303264811635017E-002   1.7552542904996137E-005
        4000  0.25000000000000000        8.9997183531522751E-003   4.8459301386262001E-005
        4000  0.50000000000000000        2.6473421603441238E-003   8.1578850392675158E-004
        4500  -1.0000000000000000        6.5698623657226562E-003   0.0000000000000000     
        4500   0.0000000000000000        3.5353291779756546E-002   2.4770859305241678E-015
        4500  0.20000000000000001        1.5036044642329216E-002   1.9667745914380663E-005
        4500  0.25000000000000000        1.0772202163934708E-002   5.2967401650863206E-005
        4500  0.50000000000000000        3.0063465237617493E-003   8.0482205991979857E-004
        4500  -1.0000000000000000        6.5864659845829010E-003   0.0000000000000000     
        4500   0.0000000000000000        3.5124439746141434E-002   2.5213908743204425E-015
        4500  0.20000000000000001        1.4954851940274239E-002   1.8446922150775146E-005
        4500  0.25000000000000000        1.0925106704235077E-002   4.8802458372444843E-005
        4500  0.50000000000000000        3.0089169740676880E-003   7.8513078193908964E-004
        4500  -1.0000000000000000        6.5717007964849472E-003   0.0000000000000000     
        4500   0.0000000000000000        3.5257618874311447E-002   2.5639980564688856E-015
        4500  0.20000000000000001        1.5113983303308487E-002   1.8965148412200656E-005
        4500  0.25000000000000000        1.0878039523959160E-002   4.9054856419017444E-005
        4500  0.50000000000000000        3.0451174825429916E-003   7.9764637184166277E-004
        4500  -1.0000000000000000        6.5737273544073105E-003   0.0000000000000000     
        4500   0.0000000000000000        3.5427143797278404E-002   2.5066071352534327E-015
        4500  0.20000000000000001        1.5081986784934998E-002   1.8400487944376283E-005
        4500  0.25000000000000000        1.0850671678781509E-002   4.8662463748275278E-005
        4500  0.50000000000000000        3.0613150447607040E-003   7.8983463930665276E-004
        4500  -1.0000000000000000        6.5964832901954651E-003   0.0000000000000000     
        4500   0.0000000000000000        3.5243717953562737E-002   2.5226695547246088E-015
        4500  0.20000000000000001        1.5130385756492615E-002   1.8326219414062620E-005
        4500  0.25000000000000000        1.0867850854992867E-002   4.6791742176821471E-005
        4500  0.50000000000000000        3.0378885567188263E-003   7.8839657701508319E-004
        4500  -1.0000000000000000        6.5618343651294708E-003   0.0000000000000000     
        4500   0.0000000000000000        3.5329883918166161E-002   2.5010604387561115E-015
        4500  0.20000000000000001        1.5245206654071808E-002   1.9686370044586842E-005
        4500  0.25000000000000000        1.0974023491144180E-002   5.1530006157605319E-005
        4500  0.50000000000000000        3.0778292566537857E-003   8.1500064251626629E-004
        4500  -1.0000000000000000        6.5761823207139969E-003   0.0000000000000000     
        4500   0.0000000000000000        3.5517940297722816E-002   2.5561944430434709E-015
        4500  0.20000000000000001        1.4866126701235771E-002   1.9114007514792550E-005
        4500  0.25000000000000000        1.0679377242922783E-002   4.9554914171013418E-005
        4500  0.50000000000000000        2.9997639358043671E-003   8.4349715141289439E-004
        4500  -1.0000000000000000        6.5640863031148911E-003   0.0000000000000000     
        4500   0.0000000000000000        3.5336585715413094E-002   2.5572532937502448E-015
        4500  0.20000000000000001        1.5203703194856644E-002   1.7667820374987031E-005
        4500  0.25000000000000000        1.0866766795516014E-002   4.6176658213862307E-005
        4500  0.50000000000000000        3.0532665550708771E-003   7.7895180396145649E-004
        4500  -1.0000000000000000        6.5725315362215042E-003   0.0000000000000000     
        4500   0.0000000000000000        3.5592332482337952E-002   2.5057749199528060E-015
        4500  0.20000000000000001        1.5000768005847931E-002   1.9292637659558529E-005
        4500  0.25000000000000000        1.0912362486124039E-002   5.1042413848911842E-005
        4500  0.50000000000000000        3.0404366552829742E-003   8.1952423417034064E-004
        4500  -1.0000000000000000        6.5578948706388474E-003   0.0000000000000000     
        4500   0.0000000000000000        3.5537766292691231E-002   2.5053319655591739E-015
        4500  0.20000000000000001        1.5016242861747742E-002   1.8473948233977064E-005
        4500  0.25000000000000000        1.0773370042443275E-002   4.7619837013093566E-005
        4500  0.50000000000000000        3.0459463596343994E-003   8.1176053620973473E-004
        4500  -1.0000000000000000        6.5939165651798248E-003   0.0000000000000000     
        4500   0.0000000000000000        3.5505788400769234E-002   2.5455598807712799E-015
        4500  0.20000000000000001        1.5028052031993866E-002   1.8197020361125433E-005
        4500  0.25000000000000000        1.0784676298499107E-002   4.8665041823752566E-005
        4500  0.50000000000000000        3.0339974910020828E-003   8.1499908581400646E-004
        4500  -1.0000000000000000        6.5783839672803879E-003   0.0000000000000000     
        4500   0.0000000000000000        3.4896140918135643E-002   2.5567850327634204E-015
        4500  0.20000000000000001        1.5214199200272560E-002   1.8694149502871757E-005
        4500  0.25000000000000000        1.0918600484728813E-002   4.6837802871402545E-005
        4500  0.50000000000000000        3.0758827924728394E-003   7.8223316529185986E-004
        4500  -1.0000000000000000        6.5944436937570572E-003   0.0000000000000000     
        4500   0.0000000000000000        3.5440478473901749E-002   2.5094674916458969E-015
        4500  0.20000000000000001        1.4981012791395187E-002   1.8363459559872582E-005
        4500  0.25000000000000000        1.0741239413619041E-002   4.8258447914393433E-005
        4500  0.50000000000000000        3.0109584331512451E-003   7.9504287061491776E-004
        4500  -1.0000000000000000        6.5801627933979034E-003   0.0000000000000000     
        4500   0.0000000000000000        3.6432554945349693E-002   2.5429598403573215E-015
        4500  0.20000000000000001        1.5647064894437790E-002   1.9998423014606193E-005
        4500  0.25000000000000000        1.1251628398895264E-002   5.1517846034373365E-005
        4500  0.50000000000000000        3.1927339732646942E-003   7.7671770646966327E-004
        4500  -1.0000000000000000        6.5914765000343323E-003   0.0000000000000000     
        4500   0.0000000000000000        3.5995043814182281E-002   2.5034358852732423E-015
        4500  0.20000000000000001        1.5659373253583908E-002   1.9318711537934205E-005
        4500  0.25000000000000000        1.1248221620917320E-002   5.1842391343830222E-005
        4500  0.50000000000000000        3.2000374048948288E-003   8.3436640535190570E-004
        4500  -1.0000000000000000        6.5792128443717957E-003   0.0000000000000000     
        4500   0.0000000000000000        3.6062527447938919E-002   2.5142858866177640E-015
        4500  0.20000000000000001        1.5560306608676910E-002   1.8864717218168913E-005
        4500  0.25000000000000000        1.1188808828592300E-002   5.1005236776410135E-005
        4500  0.50000000000000000        3.1560119241476059E-003   8.4138300364085803E-004
        4500  -1.0000000000000000        6.5794643014669418E-003   0.0000000000000000     
        4500   0.0000000000000000        3.5407276824116707E-002   2.5109819927920778E-015
        4500  0.20000000000000001        1.5099732205271721E-002   1.7141671024178802E-005
        4500  0.25000000000000000        1.0858960449695587E-002   4.3568797593038321E-005
        4500  0.50000000000000000        3.0593276023864746E-003   7.8966826645608960E-004
        4500  -1.0000000000000000        6.5615624189376831E-003   0.0000000000000000     
        4500   0.0000000000000000        3.5647891461849213E-002   2.4889639751607712E-015
        4500  0.20000000000000001        1.5170518308877945E-002   1.8634830530655738E-005
        4500  0.25000000000000000        1.0880492627620697E-002   4.8950914014209239E-005
        4500  0.50000000000000000        3.0417647212743759E-003   7.9644179864510160E-004
        4500  -1.0000000000000000        6.5897479653358459E-003   0.0000000000000000     
        4500   0.0000000000000000        3.5300819203257561E-002   2.5198100460797082E-015
        4500  0.20000000000000001        1.4959972351789474E-002   2.0734685182438082E-005
        4500  0.25000000000000000        1.0778810828924179E-002   5.0228466809977413E-005
        4500  0.50000000000000000        3.0429307371377945E-003   8.1574905917994691E-004
        4500  -1.0000000000000000        6.5731760114431381E-003   0.0000000000000000     
        4500   0.0000000000000000        3.5355407744646072E-002   2.4760636799872717E-015
        4500  0.20000000000000001        1.4965284615755081E-002   1.7752325381435868E-005
        4500  0.25000000000000000        1.0731568560004234E-002   4.8946169659041341E-005
        4500  0.50000000000000000        3.0267853289842606E-003   8.1342834119653960E-004
        5000  -1.0000000000000000        7.9762302339076996E-003   0.0000000000000000     
        5000   0.0000000000000000        4.4083176180720329E-002   2.6044289934066025E-015
        5000  0.20000000000000001        1.7525833100080490E-002   1.9398057034403106E-005
        5000  0.25000000000000000        1.2461325153708458E-002   5.0780517281995387E-005
        5000  0.50000000000000000        3.4400410950183868E-003   7.7583164913720421E-004
        5000  -1.0000000000000000        7.9788435250520706E-003   0.0000000000000000     
        5000   0.0000000000000000        4.4269897043704987E-002   2.6124471330202481E-015
        5000  0.20000000000000001        1.7775675281882286E-002   1.8562478192250699E-005
        5000  0.25000000000000000        1.2677406892180443E-002   5.0236034189353549E-005
        5000  0.50000000000000000        3.5127829760313034E-003   7.9516199723434595E-004
        5000  -1.0000000000000000        7.9615097492933273E-003   0.0000000000000000     
        5000   0.0000000000000000        4.3929884210228920E-002   2.5734702881396644E-015
        5000  0.20000000000000001        1.8022609874606133E-002   1.9460225079541492E-005
        5000  0.25000000000000000        1.2864110991358757E-002   4.6844147628607873E-005
        5000  0.50000000000000000        3.5608392208814621E-003   7.8098101354270573E-004
        5000  -1.0000000000000000        7.9826768487691879E-003   0.0000000000000000     
        5000   0.0000000000000000        4.4863084331154823E-002   2.6321587366321777E-015
        5000  0.20000000000000001        1.8238443881273270E-002   1.6959560269509465E-005
        5000  0.25000000000000000        1.2988133355975151E-002   4.6465702064928420E-005
        5000  0.50000000000000000        3.5862084478139877E-003   8.1595397134855477E-004
        5000  -1.0000000000000000        7.9848561435937881E-003   0.0000000000000000     
        5000   0.0000000000000000        4.4855114072561264E-002   2.6264949655305457E-015
        5000  0.20000000000000001        1.7982231453061104E-002   1.7676904926131843E-005
        5000  0.25000000000000000        1.2831974774599075E-002   4.6182062977401667E-005
        5000  0.50000000000000000        3.5606231540441513E-003   7.9652648180868495E-004
        5000  -1.0000000000000000        7.9598519951105118E-003   0.0000000000000000     
        5000   0.0000000000000000        4.4925697147846222E-002   2.5886892309960572E-015
        5000  0.20000000000000001        1.8041670322418213E-002   1.7005056785070804E-005
        5000  0.25000000000000000        1.2858495116233826E-002   4.8840411578866942E-005
        5000  0.50000000000000000        3.5485699772834778E-003   7.4148158105293515E-004
        5000  -1.0000000000000000        7.9512558877468109E-003   0.0000000000000000     
        5000   0.0000000000000000        4.4961262494325638E-002   2.6414010290993556E-015
        5000  0.20000000000000001        1.8118456006050110E-002   1.7238619074859386E-005
        5000  0.25000000000000000        1.2911038473248482E-002   4.5978268703051962E-005
        5000  0.50000000000000000        3.5641919821500778E-003   7.5257422095297531E-004
        5000  -1.0000000000000000        7.9794507473707199E-003   0.0000000000000000     
        5000   0.0000000000000000        4.5037742704153061E-002   2.6058737793057973E-015
        5000  0.20000000000000001        1.8353888764977455E-002   1.9703435960232230E-005
        5000  0.25000000000000000        1.3051427900791168E-002   5.1276642848891708E-005
        5000  0.50000000000000000        3.5989321768283844E-003   8.2268638294562214E-004
        5000  -1.0000000000000000        7.9778172075748444E-003   0.0000000000000000     
        5000   0.0000000000000000        4.4763660058379173E-002   2.6018310698077105E-015
        5000  0.20000000000000001        1.8038602545857430E-002   1.8640820429425397E-005
        5000  0.25000000000000000        1.2869302183389664E-002   4.8397503110192190E-005
        5000  0.50000000000000000        3.5647489130496979E-003   7.9101734802294627E-004
        5000  -1.0000000000000000        7.9742427915334702E-003   0.0000000000000000     
        5000   0.0000000000000000        4.4878916814923286E-002   2.6037694721819469E-015
        5000  0.20000000000000001        1.8011068925261497E-002   1.8324720515542669E-005
        5000  0.25000000000000000        1.2825373560190201E-002   4.6797658487452437E-005
        5000  0.50000000000000000        3.5501569509506226E-003   7.4927739749937534E-004
        5000  -1.0000000000000000        7.9797599464654922E-003   0.0000000000000000     
        5000   0.0000000000000000        4.4556133449077606E-002   2.6161325603259346E-015
        5000  0.20000000000000001        1.8028419464826584E-002   2.0026750530240408E-005
        5000  0.25000000000000000        1.2676345184445381E-002   5.0428635172135055E-005
        5000  0.50000000000000000        3.5125780850648880E-003   8.0493572182519055E-004
        5000  -1.0000000000000000        7.9680923372507095E-003   0.0000000000000000     
        5000   0.0000000000000000        4.4445866718888283E-002   2.6003309419873209E-015
        5000  0.20000000000000001        1.7738100141286850E-002   2.0499428986942226E-005
        5000  0.25000000000000000        1.2619990855455399E-002   5.1485935817673061E-005
        5000  0.50000000000000000        3.5085789859294891E-003   7.9470123203894349E-004
        5000  -1.0000000000000000        7.9843066632747650E-003   0.0000000000000000     
        5000   0.0000000000000000        4.3491587042808533E-002   2.6417209181388974E-015
        5000  0.20000000000000001        1.7405696213245392E-002   1.9470902009827455E-005
        5000  0.25000000000000000        1.2414423748850822E-002   4.8575997934218430E-005
        5000  0.50000000000000000        3.4546479582786560E-003   8.3227948820767091E-004
        5000  -1.0000000000000000        7.9594124108552933E-003   0.0000000000000000     
        5000   0.0000000000000000        4.3728265911340714E-002   2.6025619948907513E-015
        5000  0.20000000000000001        1.8352927640080452E-002   1.8189534356369752E-005
        5000  0.25000000000000000        1.2738417834043503E-002   4.6394448820362620E-005
        5000  0.50000000000000000        3.4650284796953201E-003   7.8029481259613031E-004
        5000  -1.0000000000000000        7.9844295978546143E-003   0.0000000000000000     
        5000   0.0000000000000000        4.3830325827002525E-002   2.6290584329744285E-015
        5000  0.20000000000000001        1.7752129584550858E-002   1.8880919713586897E-005
        5000  0.25000000000000000        1.2648781761527061E-002   4.7308991427136211E-005
        5000  0.50000000000000000        3.4924726933240891E-003   7.7045966155180371E-004
        5000  -1.0000000000000000        7.9734288156032562E-003   0.0000000000000000     
        5000   0.0000000000000000        4.3568145483732224E-002   2.6211421766563616E-015
        5000  0.20000000000000001        1.7463754862546921E-002   1.7922716785543540E-005
        5000  0.25000000000000000        1.2486068531870842E-002   4.7311289765247470E-005
        5000  0.50000000000000000        3.4639965742826462E-003   8.0069600340604036E-004
        5000  -1.0000000000000000        7.9824272543191910E-003   0.0000000000000000     
        5000   0.0000000000000000        4.3613117188215256E-002   2.6390307280167296E-015
        5000  0.20000000000000001        1.7614470794796944E-002   1.7991003757694654E-005
        5000  0.25000000000000000        1.2521376833319664E-002   4.6133749090498629E-005
        5000  0.50000000000000000        3.4756772220134735E-003   8.0231581442505512E-004
        5000  -1.0000000000000000        7.9733151942491531E-003   0.0000000000000000     
        5000   0.0000000000000000        4.3775055557489395E-002   2.5699773974600660E-015
        5000  0.20000000000000001        1.7331795766949654E-002   1.8973330756190333E-005
        5000  0.25000000000000000        1.2375887483358383E-002   5.0776722734860142E-005
        5000  0.50000000000000000        3.4436304122209549E-003   8.3385259332602161E-004
        5000  -1.0000000000000000        7.9743973910808563E-003   0.0000000000000000     
        5000   0.0000000000000000        4.4075639918446541E-002   2.6246870433902558E-015
        5000  0.20000000000000001        1.7795614898204803E-002   1.9228143667823412E-005
        5000  0.25000000000000000        1.2675579637289047E-002   4.6910621008861213E-005
        5000  0.50000000000000000        3.4805163741111755E-003   7.6612772049861999E-004
        5000  -1.0000000000000000        7.9507157206535339E-003   0.0000000000000000     
        5000   0.0000000000000000        4.4076515361666679E-002   2.6427202062229695E-015
        5000  0.20000000000000001        1.7773969098925591E-002   1.9557912281490086E-005
        5000  0.25000000000000000        1.2609131634235382E-002   5.3691521379911512E-005
        5000  0.50000000000000000        3.5003945231437683E-003   8.2191457744470618E-004
        5500  -1.0000000000000000        9.7706373780965805E-003   0.0000000000000000     
        5500   0.0000000000000000        5.3475093096494675E-002   2.6754603076441007E-015
        5500  0.20000000000000001        2.0609239116311073E-002   1.8687143038339202E-005
        5500  0.25000000000000000        1.4559885486960411E-002   4.8371851419594938E-005
        5500  0.50000000000000000        3.9687249809503555E-003   7.8660792990584356E-004
        5500  -1.0000000000000000        9.6181761473417282E-003   0.0000000000000000     
        5500   0.0000000000000000        5.3488774225115776E-002   2.7738940740444290E-015
        5500  0.20000000000000001        2.0043093711137772E-002   1.9489254553256264E-005
        5500  0.25000000000000000        1.4184694737195969E-002   5.0401720257837043E-005
        5500  0.50000000000000000        3.8755014538764954E-003   7.8090503560719778E-004
        5500  -1.0000000000000000        9.6199847757816315E-003   0.0000000000000000     
        5500   0.0000000000000000        5.3419899195432663E-002   2.7315154016510215E-015
        5500  0.20000000000000001        2.0135954022407532E-002   2.0061175152179896E-005
        5500  0.25000000000000000        1.4249891042709351E-002   5.0052476380509904E-005
        5500  0.50000000000000000        3.9066597819328308E-003   7.8341798934772138E-004
        5500  -1.0000000000000000        9.6216518431901932E-003   0.0000000000000000     
        5500   0.0000000000000000        5.3473848849534988E-002   2.7000910659666751E-015
        5500  0.20000000000000001        2.0185923203825951E-002   1.8461348776381435E-005
        5500  0.25000000000000000        1.4294547960162163E-002   4.8309757346125775E-005
        5500  0.50000000000000000        3.8978476077318192E-003   7.9592817187411325E-004
        5500  -1.0000000000000000        9.6256099641323090E-003   0.0000000000000000     
        5500   0.0000000000000000        5.3087471053004265E-002   2.7225917105939977E-015
        5500  0.20000000000000001        2.0115107297897339E-002   2.0397993299429184E-005
        5500  0.25000000000000000        1.4219107106328011E-002   4.9094105611391100E-005
        5500  0.50000000000000000        3.8843974471092224E-003   7.9408837094001631E-004
        5500  -1.0000000000000000        9.6132215112447739E-003   0.0000000000000000     
        5500   0.0000000000000000        5.2936598658561707E-002   2.7008488812950543E-015
        5500  0.20000000000000001        2.0190268754959106E-002   1.8019411050435163E-005
        5500  0.25000000000000000        1.4277650043368340E-002   4.8419865509772107E-005
        5500  0.50000000000000000        3.9104185998439789E-003   7.5544882093529840E-004
        5500  -1.0000000000000000        9.6248425543308258E-003   0.0000000000000000     
        5500   0.0000000000000000        5.3864736109972000E-002   2.7107101810873649E-015
        5500  0.20000000000000001        2.0493051037192345E-002   1.9244126709172798E-005
        5500  0.25000000000000000        1.4485621824860573E-002   4.8406782564908190E-005
        5500  0.50000000000000000        3.9309263229370117E-003   7.6013228110926342E-004
        5500  -1.0000000000000000        9.6244923770427704E-003   0.0000000000000000     
        5500   0.0000000000000000        5.3521940484642982E-002   2.7055503325411788E-015
        5500  0.20000000000000001        2.0044835284352303E-002   1.9372928375539174E-005
        5500  0.25000000000000000        1.4150891453027725E-002   5.1127773639189549E-005
        5500  0.50000000000000000        3.8456171751022339E-003   7.9437275096044617E-004
        5500  -1.0000000000000000        9.6326917409896851E-003   0.0000000000000000     
        5500   0.0000000000000000        5.3353790193796158E-002   2.7374922325553049E-015
        5500  0.20000000000000001        2.0230695605278015E-002   1.9413369918087636E-005
        5500  0.25000000000000000        1.4300709590315819E-002   4.9027633801501926E-005
        5500  0.50000000000000000        3.9101727306842804E-003   7.6771403448236430E-004
        5500  -1.0000000000000000        9.6179228276014328E-003   0.0000000000000000     
        5500   0.0000000000000000        5.3381502628326416E-002   2.7424826008026844E-015
        5500  0.20000000000000001        2.0023580640554428E-002   1.8247026345955389E-005
        5500  0.25000000000000000        1.4091208577156067E-002   5.0263991328074347E-005
        5500  0.50000000000000000        3.8397908210754395E-003   7.6357076529306664E-004
        5500  -1.0000000000000000        9.6208155155181885E-003   0.0000000000000000     
        5500   0.0000000000000000        5.3354190662503242E-002   2.7411582931420102E-015
        5500  0.20000000000000001        2.0442502573132515E-002   1.8254147337974376E-005
        5500  0.25000000000000000        1.4440972357988358E-002   4.8955705377600000E-005
        5500  0.50000000000000000        3.9355754852294922E-003   7.9481591323638846E-004
        5500  -1.0000000000000000        9.6284355968236923E-003   0.0000000000000000     
        5500   0.0000000000000000        5.3052792325615883E-002   2.7242095301093012E-015
        5500  0.20000000000000001        1.9939800724387169E-002   1.8793904118590299E-005
        5500  0.25000000000000000        1.4112917706370354E-002   4.8168942824841389E-005
        5500  0.50000000000000000        3.8762539625167847E-003   7.5666260587775635E-004
        5500  -1.0000000000000000        9.6202287822961807E-003   0.0000000000000000     
        5500   0.0000000000000000        5.2927346900105476E-002   2.7314540198434974E-015
        5500  0.20000000000000001        2.0419312641024590E-002   1.8575665033410076E-005
        5500  0.25000000000000000        1.4444695785641670E-002   4.8500328109737161E-005
        5500  0.50000000000000000        3.9372537285089493E-003   7.7650961941906681E-004
        5500  -1.0000000000000000        9.6155311912298203E-003   0.0000000000000000     
        5500   0.0000000000000000        5.3114451467990875E-002   2.7337901637217682E-015
        5500  0.20000000000000001        2.0682346075773239E-002   1.9526031468624333E-005
        5500  0.25000000000000000        1.4600204303860664E-002   5.2864396249002896E-005
        5500  0.50000000000000000        3.9789807051420212E-003   7.6675055822578403E-004
        5500  -1.0000000000000000        9.6278507262468338E-003   0.0000000000000000     
        5500   0.0000000000000000        5.3991233929991722E-002   2.7319136870106696E-015
        5500  0.20000000000000001        2.0076455548405647E-002   1.9011615846716577E-005
        5500  0.25000000000000000        1.4195432886481285E-002   4.9022392586395697E-005
        5500  0.50000000000000000        3.8907956331968307E-003   7.7279441406344427E-004
        5500  -1.0000000000000000        9.6326209604740143E-003   0.0000000000000000     
        5500   0.0000000000000000        5.3548198193311691E-002   2.7096155648636944E-015
        5500  0.20000000000000001        1.9982935860753059E-002   1.7437981056110474E-005
        5500  0.25000000000000000        1.4088196679949760E-002   4.4446155968452523E-005
        5500  0.50000000000000000        3.8681719452142715E-003   7.6560489565830135E-004
        5500  -1.0000000000000000        9.6242222934961319E-003   0.0000000000000000     
        5500   0.0000000000000000        5.3558712825179100E-002   2.7131712222988330E-015
        5500  0.20000000000000001        2.0252838730812073E-002   1.8344548361136758E-005
        5500  0.25000000000000000        1.4307169243693352E-002   4.6800999680244142E-005
        5500  0.50000000000000000        3.8928035646677017E-003   7.8655387974165317E-004
        5500  -1.0000000000000000        9.6145272254943848E-003   0.0000000000000000     
        5500   0.0000000000000000        5.3252361714839935E-002   2.7188067236569157E-015
        5500  0.20000000000000001        2.0175425335764885E-002   1.8890590079606993E-005
        5500  0.25000000000000000        1.4231806620955467E-002   4.7487666021511767E-005
        5500  0.50000000000000000        3.8805957883596420E-003   7.8634430796117112E-004
        5500  -1.0000000000000000        9.6350945532321930E-003   0.0000000000000000     
        5500   0.0000000000000000        5.3151516243815422E-002   2.7299816669684363E-015
        5500  0.20000000000000001        2.0167319104075432E-002   1.9433942929806178E-005
        5500  0.25000000000000000        1.4241538941860199E-002   5.0196890096456175E-005
        5500  0.50000000000000000        3.8961637765169144E-003   7.7642763705346770E-004
        5500  -1.0000000000000000        9.6308924257755280E-003   0.0000000000000000     
        5500   0.0000000000000000        5.3295692428946495E-002   2.7655905789971802E-015
        5500  0.20000000000000001        2.0004216581583023E-002   1.7578096279810994E-005
        5500  0.25000000000000000        1.4106154441833496E-002   4.5650791707318510E-005
        5500  0.50000000000000000        3.8631316274404526E-003   7.6850401409894536E-004
        6000  -1.0000000000000000        1.1433474719524384E-002   0.0000000000000000     
        6000   0.0000000000000000        6.4630497246980667E-002   2.8357199488931945E-015
        6000  0.20000000000000001        2.3579761385917664E-002   1.8418591730473264E-005
        6000  0.25000000000000000        1.6426205635070801E-002   4.4276057216708633E-005
        6000  0.50000000000000000        4.3833646923303604E-003   7.6234485260653407E-004
        6000  -1.0000000000000000        1.1413548141717911E-002   0.0000000000000000     
        6000   0.0000000000000000        6.4329167827963829E-002   2.8667678379661050E-015
        6000  0.20000000000000001        2.3403249680995941E-002   1.7430909511833052E-005
        6000  0.25000000000000000        1.6373997554183006E-002   4.6568929514957204E-005
        6000  0.50000000000000000        4.3418053537607193E-003   7.3579936420952667E-004
        6000  -1.0000000000000000        1.1451458558440208E-002   0.0000000000000000     
        6000   0.0000000000000000        6.4417464658617973E-002   2.8519707771009243E-015
        6000  0.20000000000000001        2.3296875879168510E-002   1.7789278785166090E-005
        6000  0.25000000000000000        1.6256021335721016E-002   4.6818028908166149E-005
        6000  0.50000000000000000        4.3240506201982498E-003   7.7894363934784966E-004
        6000  -1.0000000000000000        1.1436287313699722E-002   0.0000000000000000     
        6000   0.0000000000000000        6.4399512484669685E-002   2.8600987570344947E-015
        6000  0.20000000000000001        2.3528471589088440E-002   1.9905927365986263E-005
        6000  0.25000000000000000        1.6455229371786118E-002   4.9478670450444643E-005
        6000  0.50000000000000000        4.3606553226709366E-003   7.8396646786016357E-004
        6000  -1.0000000000000000        1.1443044990301132E-002   0.0000000000000000     
        6000   0.0000000000000000        6.4204052090644836E-002   2.8587166794096187E-015
        6000  0.20000000000000001        2.3329704999923706E-002   1.8301030062530698E-005
        6000  0.25000000000000000        1.6291189938783646E-002   4.6980966519409443E-005
        6000  0.50000000000000000        4.3188408017158508E-003   7.6719298154441463E-004
        6000  -1.0000000000000000        1.1452872306108475E-002   0.0000000000000000     
        6000   0.0000000000000000        6.4649922773241997E-002   2.7770021479006620E-015
        6000  0.20000000000000001        2.3365290835499763E-002   1.9777812726578586E-005
        6000  0.25000000000000000        1.6368210315704346E-002   4.8598728423018868E-005
        6000  0.50000000000000000        4.3548792600631714E-003   8.0175492897525936E-004
        6000  -1.0000000000000000        1.1405400931835175E-002   0.0000000000000000     
        6000   0.0000000000000000        6.4354361966252327E-002   2.8604249631511806E-015
        6000  0.20000000000000001        2.3296978324651718E-002   1.9308626759517748E-005
        6000  0.25000000000000000        1.6311235725879669E-002   4.8016331186819914E-005
        6000  0.50000000000000000        4.3404679745435715E-003   8.0508908640980134E-004
        6000  -1.0000000000000000        1.1462368071079254E-002   0.0000000000000000     
        6000   0.0000000000000000        6.4462089911103249E-002   2.8732897212950547E-015
        6000  0.20000000000000001        2.3360842838883400E-002   1.8121019269270619E-005
        6000  0.25000000000000000        1.6305662691593170E-002   4.8036559465161683E-005
        6000  0.50000000000000000        4.3041184544563293E-003   7.6820983746050161E-004
        6000  -1.0000000000000000        1.1420089751482010E-002   0.0000000000000000     
        6000   0.0000000000000000        6.4420625567436218E-002   2.8688260632223615E-015
        6000  0.20000000000000001        2.3390674963593483E-002   1.9127906920370561E-005
        6000  0.25000000000000000        1.6396112740039825E-002   4.8048371174184200E-005
        6000  0.50000000000000000        4.3498855084180832E-003   7.4870942996032154E-004
        6000  -1.0000000000000000        1.1439578607678413E-002   0.0000000000000000     
        6000   0.0000000000000000        6.4330926164984703E-002   2.8605495037079697E-015
        6000  0.20000000000000001        2.3332864046096802E-002   1.8937053680558959E-005
        6000  0.25000000000000000        1.6267821192741394E-002   4.6819048883483870E-005
        6000  0.50000000000000000        4.3370313942432404E-003   7.7220620592592312E-004
        6000  -1.0000000000000000        1.1402282863855362E-002   0.0000000000000000     
        6000   0.0000000000000000        6.4109724014997482E-002   2.8391911304136405E-015
        6000  0.20000000000000001        2.3947894573211670E-002   2.0197845304556180E-005
        6000  0.25000000000000000        1.6728317365050316E-002   4.8183230754355717E-005
        6000  0.50000000000000000        4.4112019240856171E-003   7.6612859154688389E-004
        6000  -1.0000000000000000        1.1406263336539268E-002   0.0000000000000000     
        6000   0.0000000000000000        6.4195470884442329E-002   2.8250152129998712E-015
        6000  0.20000000000000001        2.3876272141933441E-002   1.8951406203413000E-005
        6000  0.25000000000000000        1.6701867803931236E-002   4.9237852519207941E-005
        6000  0.50000000000000000        4.4290777295827866E-003   7.5985081417337039E-004
        6000  -1.0000000000000000        1.1446621268987656E-002   0.0000000000000000     
        6000   0.0000000000000000        6.3612544909119606E-002   2.8368240253492850E-015
        6000  0.20000000000000001        2.3518484085798264E-002   1.8263579256383519E-005
        6000  0.25000000000000000        1.7548223957419395E-002   4.8471400684577793E-005
        6000  0.50000000000000000        4.4907089322805405E-003   7.7592779367824448E-004
        6000  -1.0000000000000000        1.1406699195504189E-002   0.0000000000000000     
        6000   0.0000000000000000        6.4976787194609642E-002   2.8542676632009776E-015
        6000  0.20000000000000001        2.3548835888504982E-002   1.8949594358145601E-005
        6000  0.25000000000000000        1.8588995561003685E-002   4.8937201624838179E-005
        6000  0.50000000000000000        4.5607741922140121E-003   7.7506671947500392E-004
        6000  -1.0000000000000000        1.1411780491471291E-002   0.0000000000000000     
        6000   0.0000000000000000        6.4445843920111656E-002   2.8806487059442458E-015
        6000  0.20000000000000001        2.3182880133390427E-002   1.8716287825675073E-005
        6000  0.25000000000000000        1.6245104372501373E-002   4.8347144593026093E-005
        6000  0.50000000000000000        4.3027624487876892E-003   7.6690367612765179E-004
        6000  -1.0000000000000000        1.1438004672527313E-002   0.0000000000000000     
        6000   0.0000000000000000        6.4315356314182281E-002   2.8377412987222149E-015
        6000  0.20000000000000001        2.3282511159777641E-002   1.9023409278539964E-005
        6000  0.25000000000000000        1.6278037801384926E-002   4.8817580410625795E-005
        6000  0.50000000000000000        4.3528340756893158E-003   7.6498995766807363E-004
        6000  -1.0000000000000000        1.1407390236854553E-002   0.0000000000000000     
        6000   0.0000000000000000        6.4175011590123177E-002   2.8533702227961853E-015
        6000  0.20000000000000001        2.3637700825929642E-002   1.9443792378001778E-005
        6000  0.25000000000000000        1.6503378748893738E-002   4.7933156768581328E-005
        6000  0.50000000000000000        4.3987967073917389E-003   7.6403881417093822E-004
        6000  -1.0000000000000000        1.1480167508125305E-002   0.0000000000000000     
        6000   0.0000000000000000        6.4001049846410751E-002   2.8131869735682380E-015
        6000  0.20000000000000001        2.3578960448503494E-002   1.7572903049570737E-005
        6000  0.25000000000000000        1.6429496929049492E-002   4.5270663330149806E-005
        6000  0.50000000000000000        4.3437033891677856E-003   7.6029943936195099E-004
        6000  -1.0000000000000000        1.1428538709878922E-002   0.0000000000000000     
        6000   0.0000000000000000        6.4309470355510712E-002   2.8599903301306520E-015
        6000  0.20000000000000001        2.4177709594368935E-002   1.8297860722505308E-005
        6000  0.25000000000000000        1.6951058059930801E-002   4.8601481404199420E-005
        6000  0.50000000000000000        4.4909100979566574E-003   7.6599286258254506E-004
        6000  -1.0000000000000000        1.1418553069233894E-002   0.0000000000000000     
        6000   0.0000000000000000        6.4192987978458405E-002   2.8637227454042587E-015
        6000  0.20000000000000001        2.3446951061487198E-002   2.0073143154853327E-005
        6000  0.25000000000000000        1.6373848542571068E-002   5.0701318113495271E-005
        6000  0.50000000000000000        4.3415501713752747E-003   7.9728892176276578E-004
        6500  -1.0000000000000000        1.3465330004692078E-002   0.0000000000000000     
        6500   0.0000000000000000        7.6508305966854095E-002   2.9690595671348531E-015
        6500  0.20000000000000001        2.8689319267868996E-002   1.7303112038026484E-005
        6500  0.25000000000000000        1.9836004823446274E-002   4.5565040035433297E-005
        6500  0.50000000000000000        5.0892326980829239E-003   7.6774199912386042E-004
        6500  -1.0000000000000000        1.3370906934142113E-002   0.0000000000000000     
        6500   0.0000000000000000        7.7376859262585640E-002   3.0124346203017037E-015
        6500  0.20000000000000001        2.7859425172209740E-002   1.8045671625834555E-005
        6500  0.25000000000000000        1.9293881952762604E-002   4.6173379536516805E-005
        6500  0.50000000000000000        4.9681607633829117E-003   7.7213892837411967E-004
        6500  -1.0000000000000000        1.3373423367738724E-002   0.0000000000000000     
        6500   0.0000000000000000        7.6458111405372620E-002   2.9470375872037538E-015
        6500  0.20000000000000001        2.7498738840222359E-002   1.9490015198999213E-005
        6500  0.25000000000000000        1.9022278487682343E-002   4.8462062661272680E-005
        6500  0.50000000000000000        4.9679707735776901E-003   7.6814203215194677E-004
        6500  -1.0000000000000000        1.3374850153923035E-002   0.0000000000000000     
        6500   0.0000000000000000        7.6960444450378418E-002   2.9920835573540501E-015
        6500  0.20000000000000001        2.7816781774163246E-002   1.9928176159136875E-005
        6500  0.25000000000000000        1.9217785447835922E-002   5.0108276379951825E-005
        6500  0.50000000000000000        4.9899891018867493E-003   7.7427069748227232E-004
        6500  -1.0000000000000000        1.3416031375527382E-002   0.0000000000000000     
        6500   0.0000000000000000        7.6941313222050667E-002   2.9973457446422682E-015
        6500  0.20000000000000001        2.7915129438042641E-002   2.0166904011641058E-005
        6500  0.25000000000000000        1.9344599917531013E-002   5.0060093093930912E-005
        6500  0.50000000000000000        5.0261951982975006E-003   8.0033684440989435E-004
        6500  -1.0000000000000000        1.3375962153077126E-002   0.0000000000000000     
        6500   0.0000000000000000        7.6147919520735741E-002   2.9800592282313615E-015
        6500  0.20000000000000001        2.7706716209650040E-002   1.8746228499891029E-005
        6500  0.25000000000000000        1.9177157431840897E-002   4.7501549839694850E-005
        6500  0.50000000000000000        4.9841403961181641E-003   7.6233217794452240E-004
        6500  -1.0000000000000000        1.3456298038363457E-002   0.0000000000000000     
        6500   0.0000000000000000        7.6169556006789207E-002   3.0058867267151361E-015
        6500  0.20000000000000001        2.7476515620946884E-002   1.8827324639088586E-005
        6500  0.25000000000000000        1.9086763262748718E-002   4.7307565632398110E-005
        6500  0.50000000000000000        4.9509871751070023E-003   7.6484011778648795E-004
        6500  -1.0000000000000000        1.3374494388699532E-002   0.0000000000000000     
        6500   0.0000000000000000        7.6558053493499756E-002   3.0105023890717114E-015
        6500  0.20000000000000001        2.7288310229778290E-002   1.8384779389955063E-005
        6500  0.25000000000000000        1.9861418753862381E-002   4.8319015621465665E-005
        6500  0.50000000000000000        5.1166992634534836E-003   7.7806580936322291E-004
        6500  -1.0000000000000000        1.3375135138630867E-002   0.0000000000000000     
        6500   0.0000000000000000        8.1680404022336006E-002   3.0014493942383599E-015
        6500  0.20000000000000001        2.7901783585548401E-002   1.8850718280970137E-005
        6500  0.25000000000000000        1.9291536882519722E-002   4.8302832594929673E-005
        6500  0.50000000000000000        5.0106160342693329E-003   7.6966318078968820E-004
        6500  -1.0000000000000000        1.3358253985643387E-002   0.0000000000000000     
        6500   0.0000000000000000        7.7067244797945023E-002   2.9463601947266262E-015
        6500  0.20000000000000001        2.7588466182351112E-002   2.0292063930628842E-005
        6500  0.25000000000000000        1.9093276932835579E-002   5.1051919595693366E-005
        6500  0.50000000000000000        4.9586240202188492E-003   7.4990636075353279E-004
        6500  -1.0000000000000000        1.3367626816034317E-002   0.0000000000000000     
        6500   0.0000000000000000        7.7111540362238884E-002   2.9896806525134631E-015
        6500  0.20000000000000001        2.7660571038722992E-002   1.8153814989490218E-005
        6500  0.25000000000000000        1.9135780632495880E-002   4.6718015408906480E-005
        6500  0.50000000000000000        4.9931574612855911E-003   7.5446329243160414E-004
        6500  -1.0000000000000000        1.3369316235184669E-002   0.0000000000000000     
        6500   0.0000000000000000        7.6070593670010567E-002   2.9915285906562303E-015
        6500  0.20000000000000001        2.7771387249231339E-002   2.0311506116005956E-005
        6500  0.25000000000000000        1.9216446205973625E-002   4.8470849154333426E-005
        6500  0.50000000000000000        5.0188843160867691E-003   7.3079098520009158E-004
        6500  -1.0000000000000000        1.3371486216783524E-002   0.0000000000000000     
        6500   0.0000000000000000        7.6534096151590347E-002   2.9899998047572151E-015
        6500  0.20000000000000001        2.7605431154370308E-002   1.9500222674887020E-005
        6500  0.25000000000000000        1.9141631200909615E-002   4.6555242491473560E-005
        6500  0.50000000000000000        4.9361623823642731E-003   7.5678367032691238E-004
        6500  -1.0000000000000000        1.3400970026850700E-002   0.0000000000000000     
        6500   0.0000000000000000        7.6426912099123001E-002   2.9961272762321890E-015
        6500  0.20000000000000001        2.7854055166244507E-002   1.8274635045898115E-005
        6500  0.25000000000000000        1.9248614087700844E-002   4.6469422051056543E-005
        6500  0.50000000000000000        5.0207227468490601E-003   7.4594537580298305E-004
        6500  -1.0000000000000000        1.3363696634769440E-002   0.0000000000000000     
        6500   0.0000000000000000        7.6665658503770828E-002   3.0074990028321801E-015
        6500  0.20000000000000001        2.7708036825060844E-002   1.9513374750951341E-005
        6500  0.25000000000000000        1.9202342256903648E-002   4.8106529098462705E-005
        6500  0.50000000000000000        4.9849823117256165E-003   7.7943572667483357E-004
        6500  -1.0000000000000000        1.3377660885453224E-002   0.0000000000000000     
        6500   0.0000000000000000        7.6473740860819817E-002   2.9612927487296617E-015
        6500  0.20000000000000001        2.7820073068141937E-002   1.8659759900236301E-005
        6500  0.25000000000000000        1.9206844270229340E-002   4.8465444376770777E-005
        6500  0.50000000000000000        5.0039868801832199E-003   7.7580402670217753E-004
        6500  -1.0000000000000000        1.3364724814891815E-002   0.0000000000000000     
        6500   0.0000000000000000        7.7272262424230576E-002   2.9985395263534397E-015
        6500  0.20000000000000001        2.7794720605015755E-002   1.7635013027927834E-005
        6500  0.25000000000000000        1.9217262044548988E-002   4.5646530742336944E-005
        6500  0.50000000000000000        4.9600750207901001E-003   7.3558382782914816E-004
        6500  -1.0000000000000000        1.3417255133390427E-002   0.0000000000000000     
        6500   0.0000000000000000        7.7020436525344849E-002   3.0085429347932270E-015
        6500  0.20000000000000001        2.7512336149811745E-002   1.9562189533440808E-005
        6500  0.25000000000000000        1.9121933728456497E-002   5.1063565799120868E-005
        6500  0.50000000000000000        5.1340553909540176E-003   7.8770646445649258E-004
        6500  -1.0000000000000000        1.3374172151088715E-002   0.0000000000000000     
        6500   0.0000000000000000        7.6513428241014481E-002   3.0007397327375875E-015
        6500  0.20000000000000001        2.7814330533146858E-002   1.7663460762706886E-005
        6500  0.25000000000000000        1.9256377592682838E-002   4.5610355010189308E-005
        6500  0.50000000000000000        4.9884878098964691E-003   7.6609431362730765E-004
        6500  -1.0000000000000000        1.3364195823669434E-002   0.0000000000000000     
        6500   0.0000000000000000        7.6772058382630348E-002   2.9933041063623438E-015
        6500  0.20000000000000001        2.7729136869311333E-002   1.8535655618698963E-005
        6500  0.25000000000000000        1.9198909401893616E-002   4.7385139252787484E-005
        6500  0.50000000000000000        4.9795862287282944E-003   7.5860582315402008E-004
        7000  -1.0000000000000000        1.5497248619794846E-002   0.0000000000000000     
        7000   0.0000000000000000        8.8861022144556046E-002   3.1553636225960582E-015
        7000  0.20000000000000001        3.0916510149836540E-002   1.9528323047832510E-005
        7000  0.25000000000000000        2.1218597888946533E-002   4.7649419800745968E-005
        7000  0.50000000000000000        5.4553933441638947E-003   7.5106814402240373E-004
        7000  -1.0000000000000000        1.5477769076824188E-002   0.0000000000000000     
        7000   0.0000000000000000        9.0869508683681488E-002   3.0937887381512390E-015
        7000  0.20000000000000001        3.1363843008875847E-002   1.8005202063681693E-005
        7000  0.25000000000000000        2.1629145368933678E-002   4.5343609505041608E-005
        7000  0.50000000000000000        5.6111775338649750E-003   7.3261110376409973E-004
        7000  -1.0000000000000000        1.5494477003812790E-002   0.0000000000000000     
        7000   0.0000000000000000        9.0014996007084846E-002   3.0833083291166985E-015
        7000  0.20000000000000001        3.1499464064836502E-002   1.7855145106050976E-005
        7000  0.25000000000000000        2.1681770682334900E-002   4.6207459668169366E-005
        7000  0.50000000000000000        5.5771078914403915E-003   7.3690114081401820E-004
        7000  -1.0000000000000000        1.5498613938689232E-002   0.0000000000000000     
        7000   0.0000000000000000        9.0368134900927544E-002   3.1103763754894213E-015
        7000  0.20000000000000001        3.0987972393631935E-002   1.8101312097861828E-005
        7000  0.25000000000000000        2.1317271515727043E-002   4.7894449236542632E-005
        7000  0.50000000000000000        5.5011268705129623E-003   7.5204135352719055E-004
        7000  -1.0000000000000000        1.5490341931581497E-002   0.0000000000000000     
        7000   0.0000000000000000        8.9699905365705490E-002   3.1315911786153119E-015
        7000  0.20000000000000001        3.1201055273413658E-002   1.8193222666073402E-005
        7000  0.25000000000000000        2.1510241553187370E-002   4.6339718665799456E-005
        7000  0.50000000000000000        5.5555999279022217E-003   7.3829059162121595E-004
        7000  -1.0000000000000000        1.5512587502598763E-002   0.0000000000000000     
        7000   0.0000000000000000        9.0542042627930641E-002   3.1461176819803102E-015
        7000  0.20000000000000001        3.1555484980344772E-002   1.8924138449224768E-005
        7000  0.25000000000000000        2.1737493574619293E-002   4.7327710534645927E-005
        7000  0.50000000000000000        5.6057125329971313E-003   7.3425129717358695E-004
        7000  -1.0000000000000000        1.5495385974645615E-002   0.0000000000000000     
        7000   0.0000000000000000        9.1050630435347557E-002   3.1253912217129340E-015
        7000  0.20000000000000001        3.1490076333284378E-002   1.8487319894472576E-005
        7000  0.25000000000000000        2.1718790754675865E-002   4.7330172128829157E-005
        7000  0.50000000000000000        5.5721197277307510E-003   7.7361327698146091E-004
        7000  -1.0000000000000000        1.5488578006625175E-002   0.0000000000000000     
        7000   0.0000000000000000        9.0699745342135429E-002   3.0986528570138032E-015
        7000  0.20000000000000001        3.0875187367200851E-002   1.8159874743630347E-005
        7000  0.25000000000000000        2.1299228072166443E-002   4.6139363183013414E-005
        7000  0.50000000000000000        5.4993648082017899E-003   7.4194868561577507E-004
        7000  -1.0000000000000000        1.5468042343854904E-002   0.0000000000000000     
        7000   0.0000000000000000        9.0187059715390205E-002   3.1199024993367727E-015
        7000  0.20000000000000001        3.3499380573630333E-002   1.8547742051426017E-005
        7000  0.25000000000000000        2.1775200963020325E-002   4.6881149590686749E-005
        7000  0.50000000000000000        5.5777654051780701E-003   7.5260383484496097E-004
        7000  -1.0000000000000000        1.5485128387808800E-002   0.0000000000000000     
        7000   0.0000000000000000        9.0522291138768196E-002   3.0944866698317006E-015
        7000  0.20000000000000001        3.1192667782306671E-002   1.7645078014300289E-005
        7000  0.25000000000000000        2.1485453471541405E-002   4.7315009666730981E-005
        7000  0.50000000000000000        5.5447127670049667E-003   7.4856115234485734E-004
        7000  -1.0000000000000000        1.5647280961275101E-002   0.0000000000000000     
        7000   0.0000000000000000        8.8858949020504951E-002   3.1156961848958301E-015
        7000  0.20000000000000001        3.0251050367951393E-002   1.9993694018546256E-005
        7000  0.25000000000000000        2.0853657275438309E-002   4.9114637696618849E-005
        7000  0.50000000000000000        5.3412951529026031E-003   7.8290351410527695E-004
        7000  -1.0000000000000000        1.5476047992706299E-002   0.0000000000000000     
        7000   0.0000000000000000        8.8750356808304787E-002   3.0915978849261535E-015
        7000  0.20000000000000001        3.0113939195871353E-002   1.8061814578443555E-005
        7000  0.25000000000000000        2.0702907815575600E-002   4.6207655328106979E-005
        7000  0.50000000000000000        5.3278133273124695E-003   7.2830882207997017E-004
        7000  -1.0000000000000000        1.5493407845497131E-002   0.0000000000000000     
        7000   0.0000000000000000        8.9052334427833557E-002   3.1514085912243720E-015
        7000  0.20000000000000001        3.0350629240274429E-002   1.9638460893803016E-005
        7000  0.25000000000000000        2.0910499617457390E-002   4.9202315924903535E-005
        7000  0.50000000000000000        5.3730774670839310E-003   7.8446313458540857E-004
        7000  -1.0000000000000000        1.5498228371143341E-002   0.0000000000000000     
        7000   0.0000000000000000        8.9977722615003586E-002   3.1167808702182470E-015
        7000  0.20000000000000001        3.0992219224572182E-002   1.7652605750529980E-005
        7000  0.25000000000000000        2.1337410435080528E-002   4.6292172091473697E-005
        7000  0.50000000000000000        5.5117718875408173E-003   7.2668647016144671E-004
        7000  -1.0000000000000000        1.5479682013392448E-002   0.0000000000000000     
        7000   0.0000000000000000        9.0316470712423325E-002   3.1401282770080079E-015
        7000  0.20000000000000001        3.1543897464871407E-002   1.6746684138832196E-005
        7000  0.25000000000000000        2.1706918254494667E-002   4.2960484939497523E-005
        7000  0.50000000000000000        5.5997427552938461E-003   7.1834086881751580E-004
        7000  -1.0000000000000000        1.5541220083832741E-002   0.0000000000000000     
        7000   0.0000000000000000        9.0836295858025551E-002   3.0886183966698177E-015
        7000  0.20000000000000001        3.1240053474903107E-002   1.9710465086581476E-005
        7000  0.25000000000000000        2.1480703726410866E-002   5.0249428241548992E-005
        7000  0.50000000000000000        5.5068526417016983E-003   7.4559964020010983E-004
        7000  -1.0000000000000000        1.5487613156437874E-002   0.0000000000000000     
        7000   0.0000000000000000        8.9940091595053673E-002   3.1143886507340488E-015
        7000  0.20000000000000001        3.1137945130467415E-002   1.9760126784932634E-005
        7000  0.25000000000000000        2.1429434418678284E-002   5.0784849939641048E-005
        7000  0.50000000000000000        5.5443514138460159E-003   7.7110734070127919E-004
        7000  -1.0000000000000000        1.5507698059082031E-002   0.0000000000000000     
        7000   0.0000000000000000        9.0379415079951286E-002   3.1152497315545312E-015
        7000  0.20000000000000001        3.1166091561317444E-002   1.9705550148160912E-005
        7000  0.25000000000000000        2.1456077694892883E-002   4.7879178050238480E-005
        7000  0.50000000000000000        5.5370908230543137E-003   7.4295771535196661E-004
        7000  -1.0000000000000000        1.5519479289650917E-002   0.0000000000000000     
        7000   0.0000000000000000        8.9011117815971375E-002   3.1429731099720196E-015
        7000  0.20000000000000001        3.0462974682450294E-002   1.9055959165763284E-005
        7000  0.25000000000000000        2.0905945450067520E-002   4.9620461352535665E-005
        7000  0.50000000000000000        5.3498353809118271E-003   7.5337501950986695E-004
        7000  -1.0000000000000000        1.5480527654290199E-002   0.0000000000000000     
        7000   0.0000000000000000        8.9246662333607674E-002   3.0984081707056405E-015
        7000  0.20000000000000001        3.0185341835021973E-002   1.8618398977155113E-005
        7000  0.25000000000000000        2.0792311057448387E-002   4.7268322943688300E-005
        7000  0.50000000000000000        5.3769815713167191E-003   7.6807874889445616E-004
        7500  -1.0000000000000000        1.7779419198632240E-002   0.0000000000000000     
        7500   0.0000000000000000       0.10541715100407600        3.2593452173328113E-015
        7500  0.20000000000000001        3.4953584894537926E-002   1.8449142972532077E-005
        7500  0.25000000000000000        2.3803241550922394E-002   4.4794019773239495E-005
        7500  0.50000000000000000        6.0199797153472900E-003   7.3952577524608390E-004
        7500  -1.0000000000000000        1.7767410725355148E-002   0.0000000000000000     
        7500   0.0000000000000000       0.10561125539243221        3.2117944249852760E-015
        7500  0.20000000000000001        3.4629860892891884E-002   1.8692027858824097E-005
        7500  0.25000000000000000        2.3624958470463753E-002   4.5620633172944787E-005
        7500  0.50000000000000000        5.9833042323589325E-003   7.3995281036814216E-004
        7500  -1.0000000000000000        1.7780158668756485E-002   0.0000000000000000     
        7500   0.0000000000000000       0.10606107302010059        3.2183703683117886E-015
        7500  0.20000000000000001        3.4445842728018761E-002   1.8371996387709794E-005
        7500  0.25000000000000000        2.3531932383775711E-002   4.8165994879671860E-005
        7500  0.50000000000000000        5.9626959264278412E-003   7.4893444699763848E-004
        7500  -1.0000000000000000        1.7757702618837357E-002   0.0000000000000000     
        7500   0.0000000000000000       0.10635049082338810        3.2564894647121927E-015
        7500  0.20000000000000001        3.4528197720646858E-002   1.8387686868060512E-005
        7500  0.25000000000000000        2.3575762286782265E-002   4.7099744452553975E-005
        7500  0.50000000000000000        5.9459563344717026E-003   7.4668088156447702E-004
        7500  -1.0000000000000000        1.7759516835212708E-002   0.0000000000000000     
        7500   0.0000000000000000       0.10607078485190868        3.2350575823768720E-015
        7500  0.20000000000000001        3.4804513677954674E-002   1.8273339669638061E-005
        7500  0.25000000000000000        2.3687692359089851E-002   4.6632028492404735E-005
        7500  0.50000000000000000        5.9891156852245331E-003   7.3329766368757684E-004
        7500  -1.0000000000000000        1.7782501876354218E-002   0.0000000000000000     
        7500   0.0000000000000000       0.10599689744412899        3.2020806405329434E-015
        7500  0.20000000000000001        3.4164885058999062E-002   1.8617216752147384E-005
        7500  0.25000000000000000        2.3335117846727371E-002   4.6389767306225420E-005
        7500  0.50000000000000000        5.9202406555414200E-003   7.5466705335806036E-004
        7500  -1.0000000000000000        1.7762470990419388E-002   0.0000000000000000     
        7500   0.0000000000000000       0.10589744336903095        3.2560769287781578E-015
        7500  0.20000000000000001        3.5138871520757675E-002   1.9442156838057354E-005
        7500  0.25000000000000000        2.3948460817337036E-002   4.7791362173342244E-005
        7500  0.50000000000000000        6.0645770281553268E-003   7.4699864064826666E-004
        7500  -1.0000000000000000        1.7778107896447182E-002   0.0000000000000000     
        7500   0.0000000000000000       0.10705284401774406        3.2301535741597811E-015
        7500  0.20000000000000001        3.4705255180597305E-002   1.8625017918719272E-005
        7500  0.25000000000000000        2.3701867088675499E-002   4.6125940941996462E-005
        7500  0.50000000000000000        5.9927422553300858E-003   7.3326562260726303E-004
        7500  -1.0000000000000000        1.7754627391695976E-002   0.0000000000000000     
        7500   0.0000000000000000       0.10601242631673813        3.2680333162348065E-015
        7500  0.20000000000000001        3.4173391759395599E-002   1.9150465452182461E-005
        7500  0.25000000000000000        2.3357788100838661E-002   4.8801651877947505E-005
        7500  0.50000000000000000        5.9095360338687897E-003   7.5603608917346990E-004
        7500  -1.0000000000000000        1.7758259549736977E-002   0.0000000000000000     
        7500   0.0000000000000000       0.10557671822607517        3.2222384594342546E-015
        7500  0.20000000000000001        3.5099241882562637E-002   1.9448784835616768E-005
        7500  0.25000000000000000        2.3910436779260635E-002   4.6785154532312700E-005
        7500  0.50000000000000000        6.0123242437839508E-003   7.2919573680853722E-004
        7500  -1.0000000000000000        1.7756454646587372E-002   0.0000000000000000     
        7500   0.0000000000000000       0.10631419345736504        3.2492934976672935E-015
        7500  0.20000000000000001        3.4266889095306396E-002   1.8307938021866113E-005
        7500  0.25000000000000000        2.3432953283190727E-002   4.7220718582865295E-005
        7500  0.50000000000000000        5.9717781841754913E-003   7.5214533262749333E-004
        7500  -1.0000000000000000        1.7767824232578278E-002   0.0000000000000000     
        7500   0.0000000000000000       0.10626997612416744        3.2559316139957680E-015
        7500  0.20000000000000001        3.4506395459175110E-002   1.8186122538681806E-005
        7500  0.25000000000000000        2.3550901561975479E-002   4.5424413838063736E-005
        7500  0.50000000000000000        5.9462450444698334E-003   7.4087946430095527E-004
        7500  -1.0000000000000000        1.7773190513253212E-002   0.0000000000000000     
        7500   0.0000000000000000       0.10629938915371895        3.2420858080271738E-015
        7500  0.20000000000000001        3.4665975719690323E-002   1.8121826508628466E-005
        7500  0.25000000000000000        2.3701449856162071E-002   4.8247567965707296E-005
        7500  0.50000000000000000        6.0105547308921814E-003   7.4760851568976886E-004
        7500  -1.0000000000000000        1.7767889425158501E-002   0.0000000000000000     
        7500   0.0000000000000000       0.10513123124837875        3.2540004549451382E-015
        7500  0.20000000000000001        3.4419182687997818E-002   1.8360001886454691E-005
        7500  0.25000000000000000        2.3468304425477982E-002   4.6637522111392194E-005
        7500  0.50000000000000000        5.9291981160640717E-003   7.3553143301434594E-004
        7500  -1.0000000000000000        1.7754994332790375E-002   0.0000000000000000     
        7500   0.0000000000000000       0.10566039383411407        3.2187990036821254E-015
        7500  0.20000000000000001        3.4622896462678909E-002   1.8632600860155448E-005
        7500  0.25000000000000000        2.3674987256526947E-002   4.4692964637457876E-005
        7500  0.50000000000000000        6.0147587209939957E-003   7.4947852345574645E-004
        7500  -1.0000000000000000        1.7763292416930199E-002   0.0000000000000000     
        7500   0.0000000000000000       0.10618933476507664        3.2556931674760664E-015
        7500  0.20000000000000001        3.4919384866952896E-002   1.7419018701605084E-005
        7500  0.25000000000000000        2.3813754320144653E-002   4.4437335702923747E-005
        7500  0.50000000000000000        6.0242563486099243E-003   7.2838395077761461E-004
        7500  -1.0000000000000000        1.7752507701516151E-002   0.0000000000000000     
        7500   0.0000000000000000       0.10711460188031197        3.2252808949207673E-015
        7500  0.20000000000000001        3.4309564158320427E-002   1.9010985452408825E-005
        7500  0.25000000000000000        2.3405421525239944E-002   4.9767380415800531E-005
        7500  0.50000000000000000        5.9282481670379639E-003   7.6251074878035520E-004
        7500  -1.0000000000000000        1.7784418538212776E-002   0.0000000000000000     
        7500   0.0000000000000000       0.10633952915668488        3.2223016401269526E-015
        7500  0.20000000000000001        3.4559976309537888E-002   1.8777949627797476E-005
        7500  0.25000000000000000        2.3569710552692413E-002   4.6941189159650268E-005
        7500  0.50000000000000000        5.9614777565002441E-003   7.4076742966425494E-004
        7500  -1.0000000000000000        1.7758417874574661E-002   0.0000000000000000     
        7500   0.0000000000000000       0.10653097368776798        3.2454965218786567E-015
        7500  0.20000000000000001        3.4443181008100510E-002   1.7352669324927554E-005
        7500  0.25000000000000000        2.3430373519659042E-002   4.6521585402238197E-005
        7500  0.50000000000000000        5.9495661407709122E-003   7.2004023781292888E-004
        7500  -1.0000000000000000        1.7760144546627998E-002   0.0000000000000000     
        7500   0.0000000000000000       0.10508012399077415        3.2173472940122075E-015
        7500  0.20000000000000001        3.4425564110279083E-002   1.8127091148272643E-005
        7500  0.25000000000000000        2.3519178852438927E-002   4.7018174414875943E-005
        7500  0.50000000000000000        5.9607457369565964E-003   7.2859323870045375E-004
        8000  -1.0000000000000000        2.0850284025073051E-002   0.0000000000000000     
        8000   0.0000000000000000       0.12120002694427967        3.3597655619823169E-015
        8000  0.20000000000000001        3.9813766255974770E-002   1.9352658156557422E-005
        8000  0.25000000000000000        2.6947960257530212E-002   4.8768181231721048E-005
        8000  0.50000000000000000        6.6194348037242889E-003   7.4241294340096533E-004
        8000  -1.0000000000000000        2.0567279309034348E-002   0.0000000000000000     
        8000   0.0000000000000000       0.12038145214319229        3.3574259457487589E-015
        8000  0.20000000000000001        3.9417238906025887E-002   1.8732708741135302E-005
        8000  0.25000000000000000        2.6838449761271477E-002   4.7876872057215042E-005
        8000  0.50000000000000000        6.5972413867712021E-003   7.2142902614989854E-004
        8000  -1.0000000000000000        2.0656498149037361E-002   0.0000000000000000     
        8000   0.0000000000000000       0.12061938084661961        3.3445319824921883E-015
        8000  0.20000000000000001        4.2020943015813828E-002   2.0051899153708007E-005
        8000  0.25000000000000000        2.8947688639163971E-002   4.8290245762705217E-005
        8000  0.50000000000000000        6.5774433314800262E-003   7.3736335647801301E-004
        8000  -1.0000000000000000        2.0928781479597092E-002   0.0000000000000000     
        8000   0.0000000000000000       0.12131801992654800        3.3210626902027714E-015
        8000  0.20000000000000001        3.9291283115744591E-002   1.8192477162794711E-005
        8000  0.25000000000000000        2.6587514206767082E-002   4.5976696537367330E-005
        8000  0.50000000000000000        6.6602677106857300E-003   7.4775345341943230E-004
        8000  -1.0000000000000000        2.0501472055912018E-002   0.0000000000000000     
        8000   0.0000000000000000       0.12106233462691307        3.3499652759589160E-015
        8000  0.20000000000000001        3.9583861827850342E-002   1.8543885116927250E-005
        8000  0.25000000000000000        2.6802878826856613E-002   4.6320462261412414E-005
        8000  0.50000000000000000        6.6265314817428589E-003   7.4620916828294244E-004
        8000  -1.0000000000000000        2.0499425008893013E-002   0.0000000000000000     
        8000   0.0000000000000000       0.12021929211914539        3.3522875448818664E-015
        8000  0.20000000000000001        3.8779899477958679E-002   1.9226153502222616E-005
        8000  0.25000000000000000        2.6299737393856049E-002   4.9370884513854260E-005
        8000  0.50000000000000000        6.5292343497276306E-003   7.3705455777091930E-004
        8000  -1.0000000000000000        2.0859686657786369E-002   0.0000000000000000     
        8000   0.0000000000000000       0.12172102555632591        3.3960991638155587E-015
        8000  0.20000000000000001        3.9841597899794579E-002   1.7655206743893546E-005
        8000  0.25000000000000000        2.7005093172192574E-002   4.5922150753976331E-005
        8000  0.50000000000000000        6.6733453422784805E-003   7.5208224760515985E-004
        8000  -1.0000000000000000        2.0644418895244598E-002   0.0000000000000000     
        8000   0.0000000000000000       0.12133482098579407        3.3662161327200212E-015
        8000  0.20000000000000001        3.9808312430977821E-002   1.8932879805430577E-005
        8000  0.25000000000000000        2.6937942951917648E-002   4.6433292916980081E-005
        8000  0.50000000000000000        6.6171381622552872E-003   7.4276858750332235E-004
        8000  -1.0000000000000000        2.0585585385560989E-002   0.0000000000000000     
        8000   0.0000000000000000       0.12124803289771080        3.3717592933609899E-015
        8000  0.20000000000000001        3.9053529500961304E-002   1.8618966134689460E-005
        8000  0.25000000000000000        2.6416219770908356E-002   4.6407046565007883E-005
        8000  0.50000000000000000        6.5058581531047821E-003   7.1119373926901931E-004
        8000  -1.0000000000000000        2.0529599860310555E-002   0.0000000000000000     
        8000   0.0000000000000000       0.12107579596340656        3.3673529450436607E-015
        8000  0.20000000000000001        3.9851821959018707E-002   1.8439805388777175E-005
        8000  0.25000000000000000        2.7008006349205971E-002   4.7482534214480104E-005
        8000  0.50000000000000000        6.6555216908454895E-003   7.3652494950689825E-004
        8000  -1.0000000000000000        2.0638881251215935E-002   0.0000000000000000     
        8000   0.0000000000000000       0.12209643051028252        3.3481282196051536E-015
        8000  0.20000000000000001        3.9967773482203484E-002   1.8688629849913498E-005
        8000  0.25000000000000000        2.7071401476860046E-002   4.7558369835123370E-005
        8000  0.50000000000000000        6.6872052848339081E-003   7.5049446957000927E-004
        8000  -1.0000000000000000        2.0559815689921379E-002   0.0000000000000000     
        8000   0.0000000000000000       0.12144766375422478        3.3697872288898124E-015
        8000  0.20000000000000001        3.9473004639148712E-002   1.9346431473161972E-005
        8000  0.25000000000000000        2.6760878041386604E-002   4.7431895290860884E-005
        8000  0.50000000000000000        6.5968073904514313E-003   7.3503354666289394E-004
        8000  -1.0000000000000000        2.0437313243746758E-002   0.0000000000000000     
        8000   0.0000000000000000       0.12082573026418686        3.3807592437014161E-015
        8000  0.20000000000000001        3.9608586579561234E-002   1.8745694635017520E-005
        8000  0.25000000000000000        2.6880823075771332E-002   4.5977608251930916E-005
        8000  0.50000000000000000        6.7863799631595612E-003   7.3858777272934456E-004
        8000  -1.0000000000000000        2.0733550190925598E-002   0.0000000000000000     
        8000   0.0000000000000000       0.12124601937830448        3.3255049034500650E-015
        8000  0.20000000000000001        3.9065670222043991E-002   1.8890732558614223E-005
        8000  0.25000000000000000        2.6430206373333931E-002   4.8941265200175687E-005
        8000  0.50000000000000000        6.5505690872669220E-003   7.6594931674081753E-004
        8000  -1.0000000000000000        2.0379528403282166E-002   0.0000000000000000     
        8000   0.0000000000000000       0.12150618620216846        3.3417074142110607E-015
        8000  0.20000000000000001        3.9780005812644958E-002   1.8290652870427899E-005
        8000  0.25000000000000000        2.6908868923783302E-002   4.5886157819279191E-005
        8000  0.50000000000000000        6.6490042954683304E-003   7.5018411151156754E-004
        8000  -1.0000000000000000        2.0652854815125465E-002   0.0000000000000000     
        8000   0.0000000000000000       0.11981439217925072        3.3500437636712640E-015
        8000  0.20000000000000001        3.9888268336653709E-002   2.0053545792026943E-005
        8000  0.25000000000000000        2.7033613994717598E-002   4.8869238860755335E-005
        8000  0.50000000000000000        6.6921673715114594E-003   7.3170805775439585E-004
        8000  -1.0000000000000000        2.0498629659414291E-002   0.0000000000000000     
        8000   0.0000000000000000       0.12122634053230286        3.3654508017964758E-015
        8000  0.20000000000000001        3.9709150791168213E-002   1.8657225737832941E-005
        8000  0.25000000000000000        2.6813691481947899E-002   4.7850540692304044E-005
        8000  0.50000000000000000        6.6215451806783676E-003   7.4118044556067812E-004
        8000  -1.0000000000000000        2.0598052069544792E-002   0.0000000000000000     
        8000   0.0000000000000000       0.12120920233428478        3.3580812993515332E-015
        8000  0.20000000000000001        3.9883652701973915E-002   1.8969233582994111E-005
        8000  0.25000000000000000        2.7090666815638542E-002   4.7739867198700597E-005
        8000  0.50000000000000000        6.6918339580297470E-003   7.3572127099245401E-004
        8000  -1.0000000000000000        2.0541468635201454E-002   0.0000000000000000     
        8000   0.0000000000000000       0.12172316759824753        3.3917460670014839E-015
        8000  0.20000000000000001        3.9247130975127220E-002   1.7148976740236955E-005
        8000  0.25000000000000000        2.6646390557289124E-002   4.4153017949279306E-005
        8000  0.50000000000000000        6.5876170992851257E-003   7.1638177504555897E-004
        8000  -1.0000000000000000        2.0576057955622673E-002   0.0000000000000000     
        8000   0.0000000000000000       0.12100915983319283        3.3282933701130715E-015
        8000  0.20000000000000001        3.9229029789566994E-002   2.0723287979222989E-005
        8000  0.25000000000000000        2.6605950668454170E-002   5.0295770666013338E-005
        8000  0.50000000000000000        6.5627302974462509E-003   7.3518722750068560E-004
        8500  -1.0000000000000000        2.2922361269593239E-002   0.0000000000000000     
        8500   0.0000000000000000       0.13643062114715576        3.4695458516400344E-015
        8500  0.20000000000000001        4.2190372943878174E-002   1.7122949124939788E-005
        8500  0.25000000000000000        2.8466552495956421E-002   4.6402551348719644E-005
        8500  0.50000000000000000        7.0324353873729706E-003   6.9520084290494743E-004
        8500  -1.0000000000000000        2.2878009825944901E-002   0.0000000000000000     
        8500   0.0000000000000000       0.13481454364955425        3.4648621953874566E-015
        8500  0.20000000000000001        4.2285030707716942E-002   1.9492193842498939E-005
        8500  0.25000000000000000        2.8488326817750931E-002   4.7763994407829345E-005
        8500  0.50000000000000000        7.0720110088586807E-003   7.1248131332130743E-004
        8500  -1.0000000000000000        2.2976214066147804E-002   0.0000000000000000     
        8500   0.0000000000000000       0.13602867722511292        3.4630185260293510E-015
        8500  0.20000000000000001        4.2635528370738029E-002   1.7711644899592411E-005
        8500  0.25000000000000000        2.8683627024292946E-002   4.4478145586697927E-005
        8500  0.50000000000000000        7.0723183453083038E-003   7.1027612134169724E-004
        8500  -1.0000000000000000        2.2986415773630142E-002   0.0000000000000000     
        8500   0.0000000000000000       0.13545116782188416        3.4534715977005318E-015
        8500  0.20000000000000001        4.2265061289072037E-002   1.7791449206517760E-005
        8500  0.25000000000000000        2.8437225148081779E-002   4.5791102781590275E-005
        8500  0.50000000000000000        7.0686545222997665E-003   7.3077843132546337E-004
        8500  -1.0000000000000000        2.3088250309228897E-002   0.0000000000000000     
        8500   0.0000000000000000       0.13544258847832680        3.4810755646040973E-015
        8500  0.20000000000000001        4.2459808290004730E-002   1.9246899123605723E-005
        8500  0.25000000000000000        2.8584361076354980E-002   4.9162160944031744E-005
        8500  0.50000000000000000        7.0738885551691055E-003   7.3137876296662865E-004
        8500  -1.0000000000000000        2.3049080744385719E-002   0.0000000000000000     
        8500   0.0000000000000000       0.13612903095781803        3.4539667077514835E-015
        8500  0.20000000000000001        4.3459907174110413E-002   1.7841072157233036E-005
        8500  0.25000000000000000        2.9234139248728752E-002   4.6048415417447658E-005
        8500  0.50000000000000000        7.1864146739244461E-003   7.2498020021779174E-004
        8500  -1.0000000000000000        2.2939356043934822E-002   0.0000000000000000     
        8500   0.0000000000000000       0.13472452946007252        3.4405196764895420E-015
        8500  0.20000000000000001        4.4544853270053864E-002   1.8393825291479075E-005
        8500  0.25000000000000000        3.0892565846443176E-002   4.6556708748591140E-005
        8500  0.50000000000000000        7.0447642356157303E-003   7.3011374745660931E-004
        8500  -1.0000000000000000        2.2894779220223427E-002   0.0000000000000000     
        8500   0.0000000000000000       0.13642758689820766        3.4550334042700451E-015
        8500  0.20000000000000001        4.1947156190872192E-002   1.7749168292917554E-005
        8500  0.25000000000000000        2.8303170576691628E-002   4.3946704848260652E-005
        8500  0.50000000000000000        7.0073306560516357E-003   7.2599146056808101E-004
        8500  -1.0000000000000000        2.3082314059138298E-002   0.0000000000000000     
        8500   0.0000000000000000       0.13401981629431248        3.4597147656953516E-015
        8500  0.20000000000000001        4.2219547554850578E-002   1.9135493372377541E-005
        8500  0.25000000000000000        2.8418935835361481E-002   4.7304837000163297E-005
        8500  0.50000000000000000        7.0579536259174347E-003   7.3107681964133450E-004
        8500  -1.0000000000000000        2.3099128156900406E-002   0.0000000000000000     
        8500   0.0000000000000000       0.13468824140727520        3.4686870339524938E-015
        8500  0.20000000000000001        4.2298860847949982E-002   1.8114872660877276E-005
        8500  0.25000000000000000        2.8521437197923660E-002   4.5846504246282290E-005
        8500  0.50000000000000000        7.0624984800815582E-003   7.0949983380209870E-004
        8500  -1.0000000000000000        2.2941051051020622E-002   0.0000000000000000     
        8500   0.0000000000000000       0.13681463897228241        3.4444899815713944E-015
        8500  0.20000000000000001        4.2492890730500221E-002   1.8941508186083543E-005
        8500  0.25000000000000000        2.8650000691413879E-002   4.8609885065343180E-005
        8500  0.50000000000000000        7.0712696760892868E-003   7.2807930414851190E-004
        8500  -1.0000000000000000        2.2948190569877625E-002   0.0000000000000000     
        8500   0.0000000000000000       0.13592886179685593        3.4323096512533489E-015
        8500  0.20000000000000001        4.2585493996739388E-002   1.7844190829900774E-005
        8500  0.25000000000000000        2.8715975582599640E-002   4.5183602921299764E-005
        8500  0.50000000000000000        7.1004647761583328E-003   7.3613534229211193E-004
        8500  -1.0000000000000000        2.3038888350129128E-002   0.0000000000000000     
        8500   0.0000000000000000       0.13681382685899734        3.4405500430239262E-015
        8500  0.20000000000000001        4.2375905439257622E-002   1.9051902001796122E-005
        8500  0.25000000000000000        2.8385002166032791E-002   4.7844705311600660E-005
        8500  0.50000000000000000        7.0293974131345749E-003   7.2267893761144436E-004
        8500  -1.0000000000000000        2.2951381281018257E-002   0.0000000000000000     
        8500   0.0000000000000000       0.13558496907353401        3.5133929938309716E-015
        8500  0.20000000000000001        4.2477300390601158E-002   1.8764271570990422E-005
        8500  0.25000000000000000        2.8557963669300079E-002   4.4916849921805124E-005
        8500  0.50000000000000000        7.0858504623174667E-003   7.0696620751234938E-004
        8500  -1.0000000000000000        2.2958302870392799E-002   0.0000000000000000     
        8500   0.0000000000000000       0.13568130135536194        3.5194674864614773E-015
        8500  0.20000000000000001        4.2316915467381477E-002   1.8595816487910862E-005
        8500  0.25000000000000000        2.8528826311230659E-002   4.4568598107185318E-005
        8500  0.50000000000000000        7.0616528391838074E-003   7.1756942342487875E-004
        8500  -1.0000000000000000        2.2915722802281380E-002   0.0000000000000000     
        8500   0.0000000000000000       0.13542417623102665        3.4724637987359073E-015
        8500  0.20000000000000001        4.2428193613886833E-002   1.8576528432308012E-005
        8500  0.25000000000000000        2.8565553948283195E-002   4.6088670577015638E-005
        8500  0.50000000000000000        7.0663802325725555E-003   7.1661033085111117E-004
        8500  -1.0000000000000000        2.2962693125009537E-002   0.0000000000000000     
        8500   0.0000000000000000       0.13689687103033066        3.4422562730077854E-015
        8500  0.20000000000000001        4.2750539258122444E-002   1.8295858653087119E-005
        8500  0.25000000000000000        2.8772408142685890E-002   4.7081177675954961E-005
        8500  0.50000000000000000        7.1073193103075027E-003   7.3771003349676291E-004
        8500  -1.0000000000000000        2.2940667346119881E-002   0.0000000000000000     
        8500   0.0000000000000000       0.13607595860958099        3.4073103469485027E-015
        8500  0.20000000000000001        4.2588764801621437E-002   1.8346262700195832E-005
        8500  0.25000000000000000        2.8724139556288719E-002   4.4514070119697681E-005
        8500  0.50000000000000000        7.1376860141754150E-003   7.3309694349948961E-004
        8500  -1.0000000000000000        2.2942436859011650E-002   0.0000000000000000     
        8500   0.0000000000000000       0.13453167304396629        3.4380973048658574E-015
        8500  0.20000000000000001        4.2595323175191879E-002   1.8552159244117863E-005
        8500  0.25000000000000000        2.8679825365543365E-002   4.6336065381079218E-005
        8500  0.50000000000000000        7.0787183940410614E-003   7.2263580858233792E-004
        8500  -1.0000000000000000        2.2975023835897446E-002   0.0000000000000000     
        8500   0.0000000000000000       0.13652316294610500        3.4550459072125477E-015
        8500  0.20000000000000001        4.2550254613161087E-002   1.8455798949253563E-005
        8500  0.25000000000000000        2.8598031029105186E-002   4.7127042593783906E-005
        8500  0.50000000000000000        7.0699416100978851E-003   7.4524435764969919E-004
        9000  -1.0000000000000000        2.5764927268028259E-002   0.0000000000000000     
        9000   0.0000000000000000       0.15791618078947067        3.5288420264700821E-015
        9000  0.20000000000000001        4.6711776405572891E-002   1.8684241958507310E-005
        9000  0.25000000000000000        3.1263181939721107E-002   4.5745170412503848E-005
        9000  0.50000000000000000        7.5282342731952667E-003   7.1523060834574484E-004
        9000  -1.0000000000000000        2.5837119668722153E-002   0.0000000000000000     
        9000   0.0000000000000000       0.15789437107741833        3.5428362916293899E-015
        9000  0.20000000000000001        4.6739296987652779E-002   1.8200658302311614E-005
        9000  0.25000000000000000        3.1269418075680733E-002   4.7057124077454495E-005
        9000  0.50000000000000000        7.5923278927803040E-003   7.2262655773134275E-004
        9000  -1.0000000000000000        2.5788711383938789E-002   0.0000000000000000     
        9000   0.0000000000000000       0.15616382472217083        3.5300559479132053E-015
        9000  0.20000000000000001        4.6608889475464821E-002   1.7784655543262917E-005
        9000  0.25000000000000000        3.1182389706373215E-002   4.6615497282825033E-005
        9000  0.50000000000000000        7.5555983930826187E-003   7.1304015064073759E-004
        9000  -1.0000000000000000        2.5784872472286224E-002   0.0000000000000000     
        9000   0.0000000000000000       0.15696484223008156        3.4862147552756637E-015
        9000  0.20000000000000001        4.6814836561679840E-002   1.9794307654819515E-005
        9000  0.25000000000000000        3.1253227964043617E-002   4.7654283012301076E-005
        9000  0.50000000000000000        7.8626349568367004E-003   7.1584695665606027E-004
        9000  -1.0000000000000000        2.5812968611717224E-002   0.0000000000000000     
        9000   0.0000000000000000       0.15660735592246056        3.5741845314078359E-015
        9000  0.20000000000000001        4.6152809634804726E-002   1.8714977856398025E-005
        9000  0.25000000000000000        3.0920710414648056E-002   4.6330131196148989E-005
        9000  0.50000000000000000        7.4325576424598694E-003   7.3548281548047327E-004
        9000  -1.0000000000000000        2.5785038247704506E-002   0.0000000000000000     
        9000   0.0000000000000000       0.15841075778007507        3.5277499799931892E-015
        9000  0.20000000000000001        4.7375544905662537E-002   1.8347413924598728E-005
        9000  0.25000000000000000        3.1662046909332275E-002   4.5212219704030502E-005
        9000  0.50000000000000000        7.6159257441759109E-003   7.0924754629087059E-004
        9000  -1.0000000000000000        2.5748210027813911E-002   0.0000000000000000     
        9000   0.0000000000000000       0.15707621350884438        3.5697558268302518E-015
        9000  0.20000000000000001        4.6567505225539207E-002   1.8810490256236694E-005
        9000  0.25000000000000000        3.1394634395837784E-002   4.8787353012455075E-005
        9000  0.50000000000000000        7.5554773211479187E-003   7.3027497375437764E-004
        9000  -1.0000000000000000        2.5745283812284470E-002   0.0000000000000000     
        9000   0.0000000000000000       0.15759710408747196        3.5529655441571193E-015
        9000  0.20000000000000001        4.7120559960603714E-002   1.8970715767115110E-005
        9000  0.25000000000000000        3.1526785343885422E-002   4.7098405945788861E-005
        9000  0.50000000000000000        7.6096151024103165E-003   7.1576224473004438E-004
        9000  -1.0000000000000000        2.5883417576551437E-002   0.0000000000000000     
        9000   0.0000000000000000       0.15986421331763268        3.5687510406163576E-015
        9000  0.20000000000000001        4.8436993733048439E-002   1.7960491225826794E-005
        9000  0.25000000000000000        3.2460166141390800E-002   4.5505207724798990E-005
        9000  0.50000000000000000        7.9013351351022720E-003   7.1997884207270684E-004
        9000  -1.0000000000000000        2.5793772190809250E-002   0.0000000000000000     
        9000   0.0000000000000000       0.15913283452391624        3.5334940265540933E-015
        9000  0.20000000000000001        4.8230811953544617E-002   1.8432418290691891E-005
        9000  0.25000000000000000        3.2346202060580254E-002   4.5621137985387469E-005
        9000  0.50000000000000000        7.8104734420776367E-003   7.1196329574201467E-004
        9000  -1.0000000000000000        2.5772087275981903E-002   0.0000000000000000     
        9000   0.0000000000000000       0.15875638276338577        3.5562760340063557E-015
        9000  0.20000000000000001        4.7195313498377800E-002   1.9090097585650788E-005
        9000  0.25000000000000000        3.1675724312663078E-002   4.7913376528015107E-005
        9000  0.50000000000000000        7.7117048203945160E-003   7.2728240554911804E-004
        9000  -1.0000000000000000        2.5778943672776222E-002   0.0000000000000000     
        9000   0.0000000000000000       0.15833785943686962        3.5438221158361319E-015
        9000  0.20000000000000001        4.7905534505844116E-002   1.8862529820313503E-005
        9000  0.25000000000000000        3.2204674556851387E-002   4.7348994934832656E-005
        9000  0.50000000000000000        7.8237615525722504E-003   7.5070325859156279E-004
        9000  -1.0000000000000000        2.5742867961525917E-002   0.0000000000000000     
        9000   0.0000000000000000       0.15813185274600983        3.5051760628217829E-015
        9000  0.20000000000000001        4.7668257728219032E-002   1.9258302537446641E-005
        9000  0.25000000000000000        3.1954031437635422E-002   4.6889451413386297E-005
        9000  0.50000000000000000        7.7612493187189102E-003   7.0899279432302671E-004
        9000  -1.0000000000000000        2.5758475065231323E-002   0.0000000000000000     
        9000   0.0000000000000000       0.16001009568572044        3.4847082105568259E-015
        9000  0.20000000000000001        4.8531498759984970E-002   1.8668435516497054E-005
        9000  0.25000000000000000        3.2517403364181519E-002   4.7017137150295936E-005
        9000  0.50000000000000000        7.8260116279125214E-003   7.4486453868608969E-004
        9000  -1.0000000000000000        2.5783527642488480E-002   0.0000000000000000     
        9000   0.0000000000000000       0.15959526598453522        3.5451862083100957E-015
        9000  0.20000000000000001        4.8583136871457100E-002   1.7273108318744537E-005
        9000  0.25000000000000000        3.2533632591366768E-002   4.6181649489091378E-005
        9000  0.50000000000000000        7.8549273312091827E-003   6.9674585219043879E-004
        9000  -1.0000000000000000        2.5788024067878723E-002   0.0000000000000000     
        9000   0.0000000000000000       0.15925117395818233        3.5365128796816566E-015
        9000  0.20000000000000001        4.8469020053744316E-002   1.8865941917926976E-005
        9000  0.25000000000000000        3.2543983310461044E-002   4.7192383973545550E-005
        9000  0.50000000000000000        7.8607238829135895E-003   7.2679027349856077E-004
        9000  -1.0000000000000000        2.5766355916857719E-002   0.0000000000000000     
        9000   0.0000000000000000       0.15816338732838631        3.5497860853495884E-015
        9000  0.20000000000000001        4.8286499455571175E-002   1.8381712042231104E-005
        9000  0.25000000000000000        3.2310988754034042E-002   4.8342080148745888E-005
        9000  0.50000000000000000        7.8552011400461197E-003   7.0962796382764899E-004
        9000  -1.0000000000000000        2.5758234784007072E-002   0.0000000000000000     
        9000   0.0000000000000000       0.15689031407237053        3.5773954335028108E-015
        9000  0.20000000000000001        4.6725969761610031E-002   1.7463756046368549E-005
        9000  0.25000000000000000        3.1221576035022736E-002   4.4305791236482011E-005
        9000  0.50000000000000000        7.5127333402633667E-003   7.2841741087604941E-004
        9000  -1.0000000000000000        2.5845391675829887E-002   0.0000000000000000     
        9000   0.0000000000000000       0.15815591812133789        3.5467538202376223E-015
        9000  0.20000000000000001        4.6878190711140633E-002   1.7688250100533698E-005
        9000  0.25000000000000000        3.1468486413359642E-002   4.3756892739739906E-005
        9000  0.50000000000000000        7.6225288212299347E-003   7.2584791749894905E-004
        9000  -1.0000000000000000        2.5773324072360992E-002   0.0000000000000000     
        9000   0.0000000000000000       0.16098481230437756        3.5279752320763958E-015
        9000  0.20000000000000001        4.8218673095107079E-002   1.8295479996452565E-005
        9000  0.25000000000000000        3.2398005947470665E-002   4.6270697175113148E-005
        9000  0.50000000000000000        7.8989174216985703E-003   7.2426903183104262E-004
        9500  -1.0000000000000000        2.8591373935341835E-002   0.0000000000000000     
        9500   0.0000000000000000       0.17819737456738949        3.6157384021128962E-015
        9500  0.20000000000000001        5.3458133712410927E-002   1.9647964043031270E-005
        9500  0.25000000000000000        3.5839166492223740E-002   4.7819491956937878E-005
        9500  0.50000000000000000        8.6473487317562103E-003   7.2483077425692483E-004
        9500  -1.0000000000000000        2.8585489839315414E-002   0.0000000000000000     
        9500   0.0000000000000000       0.17874944210052490        3.5933374625936088E-015
        9500  0.20000000000000001        5.3335009142756462E-002   1.8937591558119884E-005
        9500  0.25000000000000000        3.5891087725758553E-002   4.5952307059007862E-005
        9500  0.50000000000000000        8.6967051029205322E-003   7.0138804795104521E-004
        9500  -1.0000000000000000        2.8577290475368500E-002   0.0000000000000000     
        9500   0.0000000000000000       0.17721486836671829        3.5911670304995849E-015
        9500  0.20000000000000001        5.3345300257205963E-002   1.7698156221614880E-005
        9500  0.25000000000000000        3.5824475809931755E-002   4.3432656811122391E-005
        9500  0.50000000000000000        8.6980517953634262E-003   7.1784827560508486E-004
        9500  -1.0000000000000000        2.8717286884784698E-002   0.0000000000000000     
        9500   0.0000000000000000       0.17816569469869137        3.6273759418183356E-015
        9500  0.20000000000000001        5.2935939282178879E-002   1.8284025760731377E-005
        9500  0.25000000000000000        3.5647809505462646E-002   4.5081194759280810E-005
        9500  0.50000000000000000        8.6743608117103577E-003   7.0121693617431857E-004
        9500  -1.0000000000000000        2.8595533221960068E-002   0.0000000000000000     
        9500   0.0000000000000000       0.17703038826584816        3.6138795453637512E-015
        9500  0.20000000000000001        5.3356561809778214E-002   1.8091148222391636E-005
        9500  0.25000000000000000        3.5864897072315216E-002   4.5713880001332242E-005
        9500  0.50000000000000000        8.6845271289348602E-003   7.1100791082793406E-004
        9500  -1.0000000000000000        2.8628919273614883E-002   0.0000000000000000     
        9500   0.0000000000000000       0.17753272689878941        3.6155081806881571E-015
        9500  0.20000000000000001        5.3147966042160988E-002   1.8428270532129871E-005
        9500  0.25000000000000000        3.5599565133452415E-002   4.6646578901793276E-005
        9500  0.50000000000000000        8.6572263389825821E-003   6.9441121667298763E-004
        9500  -1.0000000000000000        2.8633248060941696E-002   0.0000000000000000     
        9500   0.0000000000000000       0.17878190241754055        3.6376829010396783E-015
        9500  0.20000000000000001        5.3058331832289696E-002   1.8207872009128951E-005
        9500  0.25000000000000000        3.7160951644182205E-002   4.5976519305551606E-005
        9500  0.50000000000000000        8.6032673716545105E-003   7.1414139750340937E-004
        9500  -1.0000000000000000        2.8679611161351204E-002   0.0000000000000000     
        9500   0.0000000000000000       0.17840921692550182        3.6359579283363945E-015
        9500  0.20000000000000001        5.2683306857943535E-002   1.8278108947328769E-005
        9500  0.25000000000000000        3.5321976989507675E-002   4.5655858211143124E-005
        9500  0.50000000000000000        8.6158905178308487E-003   6.9568562832903337E-004
        9500  -1.0000000000000000        2.8632096946239471E-002   0.0000000000000000     
        9500   0.0000000000000000       0.17568452656269073        3.5884713893647250E-015
        9500  0.20000000000000001        5.2372099831700325E-002   1.9842840043950000E-005
        9500  0.25000000000000000        3.5073535516858101E-002   4.9311104994424643E-005
        9500  0.50000000000000000        8.3733815699815750E-003   7.2120199902425924E-004
        9500  -1.0000000000000000        2.8625436127185822E-002   0.0000000000000000     
        9500   0.0000000000000000       0.17451940849423409        3.5726266703257353E-015
        9500  0.20000000000000001        5.1788154989480972E-002   1.8253555359610455E-005
        9500  0.25000000000000000        3.4655503928661346E-002   4.4763645840150841E-005
        9500  0.50000000000000000        8.3039626479148865E-003   7.1052685786260686E-004
        9500  -1.0000000000000000        2.8615284711122513E-002   0.0000000000000000     
        9500   0.0000000000000000       0.17455416917800903        3.5993996807112008E-015
        9500  0.20000000000000001        5.1779029890894890E-002   1.7336755401274252E-005
        9500  0.25000000000000000        3.4684969112277031E-002   4.4857370708187184E-005
        9500  0.50000000000000000        8.3290394395589828E-003   7.1307428693418915E-004
        9500  -1.0000000000000000        2.8593266382813454E-002   0.0000000000000000     
        9500   0.0000000000000000       0.17489373870193958        3.5836226654220965E-015
        9500  0.20000000000000001        5.2230346947908401E-002   1.7315679738581007E-005
        9500  0.25000000000000000        3.4692097455263138E-002   4.2551619321009434E-005
        9500  0.50000000000000000        8.3426330238580704E-003   6.8939556602390980E-004
        9500  -1.0000000000000000        2.8598289936780930E-002   0.0000000000000000     
        9500   0.0000000000000000       0.17574500292539597        3.6136969199330353E-015
        9500  0.20000000000000001        5.2282398566603661E-002   1.8373829849191312E-005
        9500  0.25000000000000000        3.4797048196196556E-002   4.7027312768898626E-005
        9500  0.50000000000000000        8.4744468331336975E-003   7.2320049702344130E-004
        9500  -1.0000000000000000        2.8547532856464386E-002   0.0000000000000000     
        9500   0.0000000000000000       0.17575468681752682        3.6496908128394167E-015
        9500  0.20000000000000001        5.2361899986863136E-002   1.9232885494502899E-005
        9500  0.25000000000000000        3.5010060295462608E-002   4.7903434011309400E-005
        9500  0.50000000000000000        8.3445478230714798E-003   7.2154744582445473E-004
        9500  -1.0000000000000000        2.8636019676923752E-002   0.0000000000000000     
        9500   0.0000000000000000       0.17516226135194302        3.6339885411425593E-015
        9500  0.20000000000000001        5.1380217075347900E-002   1.7886249759172312E-005
        9500  0.25000000000000000        3.4438993781805038E-002   4.4830891110714308E-005
        9500  0.50000000000000000        8.2668606191873550E-003   6.9478264817232464E-004
        9500  -1.0000000000000000        2.8634270653128624E-002   0.0000000000000000     
        9500   0.0000000000000000       0.17574737966060638        3.6166204158320312E-015
        9500  0.20000000000000001        5.1849761977791786E-002   1.8070577832013074E-005
        9500  0.25000000000000000        3.4420508891344070E-002   4.4599894125635820E-005
        9500  0.50000000000000000        8.2734320312738419E-003   7.1210248549178181E-004
        9500  -1.0000000000000000        2.8719466179609299E-002   0.0000000000000000     
        9500   0.0000000000000000       0.17501934058964252        3.6277181408087347E-015
        9500  0.20000000000000001        5.3495779633522034E-002   1.8093585839132347E-005
        9500  0.25000000000000000        3.5088753327727318E-002   4.4264326018357257E-005
        9500  0.50000000000000000        8.2887187600135803E-003   7.0003290189532129E-004
        9500  -1.0000000000000000        2.8610924258828163E-002   0.0000000000000000     
        9500   0.0000000000000000       0.17689602449536324        3.6179167608965657E-015
        9500  0.20000000000000001        5.2149843424558640E-002   1.8222479904391921E-005
        9500  0.25000000000000000        3.4894537180662155E-002   4.6737807095976027E-005
        9500  0.50000000000000000        8.3078909665346146E-003   7.0422776454046466E-004
        9500  -1.0000000000000000        2.8646547347307205E-002   0.0000000000000000     
        9500   0.0000000000000000       0.17504373751580715        3.6249786179611624E-015
        9500  0.20000000000000001        5.1589407026767731E-002   1.6371933471874179E-005
        9500  0.25000000000000000        3.4604754298925400E-002   4.2380609236583278E-005
        9500  0.50000000000000000        8.3004906773567200E-003   7.0690510983589696E-004
        9500  -1.0000000000000000        2.8569873422384262E-002   0.0000000000000000     
        9500   0.0000000000000000       0.17617567256093025        3.6365903090530917E-015
        9500  0.20000000000000001        5.2524808794260025E-002   1.8364997111345299E-005
        9500  0.25000000000000000        3.5173140466213226E-002   4.5670567530126770E-005
        9500  0.50000000000000000        8.4175635129213333E-003   7.0747297889901296E-004
       10000  -1.0000000000000000        3.1646318733692169E-002   0.0000000000000000     
       10000   0.0000000000000000       0.20258137024939060        3.6389017983324921E-015
       10000  0.20000000000000001        5.8684544637799263E-002   1.8320788182050717E-005
       10000  0.25000000000000000        3.9276437833905220E-002   4.4824765842843321E-005
       10000  0.50000000000000000        9.3105621635913849E-003   7.0226658215716015E-004
       10000  -1.0000000000000000        3.1619189307093620E-002   0.0000000000000000     
       10000   0.0000000000000000       0.20228107087314129        3.6735007160965105E-015
       10000  0.20000000000000001        5.9352837502956390E-002   1.7548946223933898E-005
       10000  0.25000000000000000        3.9687825366854668E-002   4.3811100822020936E-005
       10000  0.50000000000000000        9.3444623053073883E-003   6.8777275672083792E-004
       10000  -1.0000000000000000        3.1638661399483681E-002   0.0000000000000000     
       10000   0.0000000000000000       0.20151923410594463        3.6967363839048363E-015
       10000  0.20000000000000001        5.8839002624154091E-002   1.7716917130725562E-005
       10000  0.25000000000000000        3.9340786635875702E-002   4.4852725173440608E-005
       10000  0.50000000000000000        9.2989709228277206E-003   6.9673047844296570E-004
       10000  -1.0000000000000000        3.1632725149393082E-002   0.0000000000000000     
       10000   0.0000000000000000       0.19758259318768978        3.6582643267942480E-015
       10000  0.20000000000000001        5.8073133230209351E-002   1.8439741951680820E-005
       10000  0.25000000000000000        3.8842834532260895E-002   4.5753745672051030E-005
       10000  0.50000000000000000        9.1322101652622223E-003   6.9208420920690325E-004
       10000  -1.0000000000000000        3.1826015561819077E-002   0.0000000000000000     
       10000   0.0000000000000000       0.19913782924413681        3.6864317821935405E-015
       10000  0.20000000000000001        5.7757398113608360E-002   1.9512634710116227E-005
       10000  0.25000000000000000        3.8717040792107582E-002   4.8548588468992655E-005
       10000  0.50000000000000000        9.1564897447824478E-003   7.1454145969198930E-004
       10000  -1.0000000000000000        3.1603431329131126E-002   0.0000000000000000     
       10000   0.0000000000000000       0.20004916004836559        3.7164296254372171E-015
       10000  0.20000000000000001        5.7412264868617058E-002   1.8341411548944188E-005
       10000  0.25000000000000000        3.8365062326192856E-002   4.6584840858242531E-005
       10000  0.50000000000000000        9.0514868497848511E-003   7.1847635959792263E-004
       10000  -1.0000000000000000        3.1624117866158485E-002   0.0000000000000000     
       10000   0.0000000000000000       0.19940149411559105        3.6759087158695303E-015
       10000  0.20000000000000001        5.7470461353659630E-002   1.8380813721519962E-005
       10000  0.25000000000000000        3.8502000272274017E-002   4.4479066038769246E-005
       10000  0.50000000000000000        9.0581178665161133E-003   7.0198504357369448E-004
       10000  -1.0000000000000000        3.1598769128322601E-002   0.0000000000000000     
       10000   0.0000000000000000       0.19944175891578197        3.7159299267706745E-015
       10000  0.20000000000000001        5.7350739836692810E-002   1.8763796285647534E-005
       10000  0.25000000000000000        3.8289228454232216E-002   4.5904498021047348E-005
       10000  0.50000000000000000        9.0257134288549423E-003   7.1697712383491036E-004
       10000  -1.0000000000000000        3.1647298485040665E-002   0.0000000000000000     
       10000   0.0000000000000000       0.20007381029427052        3.7007341269717481E-015
       10000  0.20000000000000001        5.7240888476371765E-002   1.7972840715930517E-005
       10000  0.25000000000000000        3.8250500336289406E-002   4.5627741992148349E-005
       10000  0.50000000000000000        9.0849436819553375E-003   7.2704936239816477E-004
       10000  -1.0000000000000000        3.1637290492653847E-002   0.0000000000000000     
       10000   0.0000000000000000       0.19985316134989262        3.6631395576897616E-015
       10000  0.20000000000000001        5.8604849502444267E-002   1.7376302177757376E-005
       10000  0.25000000000000000        3.9096051827073097E-002   4.6662849621015179E-005
       10000  0.50000000000000000        9.1798231005668640E-003   6.9922436149410735E-004
       10000  -1.0000000000000000        3.1600639224052429E-002   0.0000000000000000     
       10000   0.0000000000000000       0.19952765107154846        3.6788171625620654E-015
       10000  0.20000000000000001        5.7219004258513451E-002   1.6937937938591673E-005
       10000  0.25000000000000000        3.8329424336552620E-002   4.2406933336812242E-005
       10000  0.50000000000000000        9.0517308562994003E-003   6.7968754784430659E-004
       10000  -1.0000000000000000        3.1694348901510239E-002   0.0000000000000000     
       10000   0.0000000000000000       0.19835409894585609        3.6944696177282986E-015
       10000  0.20000000000000001        5.7799333706498146E-002   1.9166388085581469E-005
       10000  0.25000000000000000        3.8611123338341713E-002   4.6861860480758571E-005
       10000  0.50000000000000000        9.1005545109510422E-003   6.9314334075543658E-004
       10000  -1.0000000000000000        3.1641922891139984E-002   0.0000000000000000     
       10000   0.0000000000000000       0.20040985010564327        3.7074208525075526E-015
       10000  0.20000000000000001        5.7405849918723106E-002   1.7762889503649760E-005
       10000  0.25000000000000000        3.8347633555531502E-002   4.4646667084362757E-005
       10000  0.50000000000000000        9.0189408510923386E-003   7.2259952435238051E-004
       10000  -1.0000000000000000        3.1592261046171188E-002   0.0000000000000000     
       10000   0.0000000000000000       0.19855160824954510        3.7006140690092704E-015
       10000  0.20000000000000001        5.7383131235837936E-002   1.7271237729922951E-005
       10000  0.25000000000000000        3.8430051878094673E-002   4.4456407031644469E-005
       10000  0.50000000000000000        9.0613551437854767E-003   7.0488276338782690E-004
       10000  -1.0000000000000000        3.1659850850701332E-002   0.0000000000000000     
       10000   0.0000000000000000       0.19877810217440128        3.7313116716955902E-015
       10000  0.20000000000000001        5.7926496490836143E-002   1.7320586779249857E-005
       10000  0.25000000000000000        3.8753796368837357E-002   4.3040354577012054E-005
       10000  0.50000000000000000        9.1243106871843338E-003   6.8267933292400515E-004
       10000  -1.0000000000000000        3.1652277335524559E-002   0.0000000000000000     
       10000   0.0000000000000000       0.19985564053058624        3.6547395165096423E-015
       10000  0.20000000000000001        5.7515159249305725E-002   1.7205893398870991E-005
       10000  0.25000000000000000        3.8502585142850876E-002   4.3072082295911856E-005
       10000  0.50000000000000000        9.0810451656579971E-003   7.0676345563157013E-004
       10000  -1.0000000000000000        3.1611694023013115E-002   0.0000000000000000     
       10000   0.0000000000000000       0.20113379321992397        3.6831699374698780E-015
       10000  0.20000000000000001        5.7354515418410301E-002   1.8425046786002207E-005
       10000  0.25000000000000000        3.8350030779838562E-002   4.5707647146870381E-005
       10000  0.50000000000000000        9.0477634221315384E-003   7.0251193277321702E-004
       10000  -1.0000000000000000        3.1551193445920944E-002   0.0000000000000000     
       10000   0.0000000000000000       0.20021970756351948        3.6660149893944890E-015
       10000  0.20000000000000001        5.7647766545414925E-002   1.9017845762936090E-005
       10000  0.25000000000000000        3.8609938696026802E-002   4.8936113058816473E-005
       10000  0.50000000000000000        9.0590547770261765E-003   7.0489971490541974E-004
       10000  -1.0000000000000000        3.1659357249736786E-002   0.0000000000000000     
       10000   0.0000000000000000       0.19882517680525780        3.7401635000708971E-015
       10000  0.20000000000000001        5.8378592133522034E-002   1.8760372697988682E-005
       10000  0.25000000000000000        3.9065761491656303E-002   4.8512933691577178E-005
       10000  0.50000000000000000        9.1926120221614838E-003   7.1966789284613839E-004
       10000  -1.0000000000000000        3.1632814556360245E-002   0.0000000000000000     
       10000   0.0000000000000000       0.20008899830281734        3.6839402519392911E-015
       10000  0.20000000000000001        5.7794781401753426E-002   1.8577603276489929E-005
       10000  0.25000000000000000        3.8651153445243835E-002   4.3867169600863198E-005
       10000  0.50000000000000000        9.1209467500448227E-003   7.1474677196630418E-004
