         500  -1.0000000000000000        2.5805830955505371E-004   0.0000000000000000     
         500   0.0000000000000000        5.0616264343261719E-004   8.1582609037941005E-016
         500  0.20000000000000001        4.5415572822093964E-004   1.2266270131352614E-005
         500  0.25000000000000000        3.5868026316165924E-004   3.8445248006673929E-005
         500  0.50000000000000000        1.7825886607170105E-004   7.9575268242493811E-004
         500  -1.0000000000000000        2.2817775607109070E-004   0.0000000000000000     
         500   0.0000000000000000        3.3719837665557861E-004   7.1976902417777239E-016
         500  0.20000000000000001        3.0023977160453796E-004   9.7312952280486650E-006
         500  0.25000000000000000        2.7798488736152649E-004   3.0352128541666643E-005
         500  0.50000000000000000        1.6631744801998138E-004   6.9930421605216063E-004
         500  -1.0000000000000000        2.7577951550483704E-004   0.0000000000000000     
         500   0.0000000000000000        3.3629871904850006E-004   8.6791677005446394E-016
         500  0.20000000000000001        2.7800910174846649E-004   1.4319264103210467E-005
         500  0.25000000000000000        2.6767142117023468E-004   4.4861162401508538E-005
         500  0.50000000000000000        1.8022954463958740E-004   9.1036887759187942E-004
         500  -1.0000000000000000        1.8440559506416321E-004   0.0000000000000000     
         500   0.0000000000000000        3.2293610274791718E-004   9.2177714863695237E-016
         500  0.20000000000000001        2.8260052204132080E-004   1.0057340577205746E-005
         500  0.25000000000000000        2.4853460490703583E-004   3.3159779725971397E-005
         500  0.50000000000000000        1.6156397759914398E-004   8.0298461845474452E-004
         500  -1.0000000000000000        2.3405253887176514E-004   0.0000000000000000     
         500   0.0000000000000000        3.2025575637817383E-004   8.5641804970367098E-016
         500  0.20000000000000001        2.6978924870491028E-004   1.3853781996003631E-005
         500  0.25000000000000000        2.5699473917484283E-004   4.0263501025815986E-005
         500  0.50000000000000000        1.5821680426597595E-004   9.2433899755051314E-004
         500  -1.0000000000000000        2.9243528842926025E-004   0.0000000000000000     
         500   0.0000000000000000        3.0966661870479584E-004   8.7378558957779864E-016
         500  0.20000000000000001        2.5585852563381195E-004   1.2518584871085509E-005
         500  0.25000000000000000        2.4305842816829681E-004   3.6553895619540269E-005
         500  0.50000000000000000        1.5149079263210297E-004   8.4395668506978864E-004
         500  -1.0000000000000000        2.8967484831809998E-004   0.0000000000000000     
         500   0.0000000000000000        3.1759962439537048E-004   7.3188633319253055E-016
         500  0.20000000000000001        2.7336180210113525E-004   1.3676446787900387E-005
         500  0.25000000000000000        2.5710649788379669E-004   3.8196611012697129E-005
         500  0.50000000000000000        1.5744380652904510E-004   8.0504136554132111E-004
         500  -1.0000000000000000        2.9959343373775482E-004   0.0000000000000000     
         500   0.0000000000000000        2.9139220714569092E-004   9.4850244207044698E-016
         500  0.20000000000000001        2.5792606174945831E-004   1.2519278947969583E-005
         500  0.25000000000000000        2.5434978306293488E-004   3.3629080294874800E-005
         500  0.50000000000000000        1.5366636216640472E-004   8.7580281377974798E-004
         500  -1.0000000000000000        2.7417019009590149E-004   0.0000000000000000     
         500   0.0000000000000000        2.9916130006313324E-004   8.2744323011047553E-016
         500  0.20000000000000001        2.5218538939952850E-004   1.0552225147377657E-005
         500  0.25000000000000000        2.3478083312511444E-004   3.2188117284347711E-005
         500  0.50000000000000000        1.6013532876968384E-004   9.2769355288700337E-004
         500  -1.0000000000000000        2.6957318186759949E-004   0.0000000000000000     
         500   0.0000000000000000        2.9372423887252808E-004   8.4211453151811012E-016
         500  0.20000000000000001        2.6339851319789886E-004   1.3319979573461477E-005
         500  0.25000000000000000        2.3174099624156952E-004   4.0480767785571495E-005
         500  0.50000000000000000        1.5169940888881683E-004   8.7350837173739103E-004
         500  -1.0000000000000000        2.3361109197139740E-004   0.0000000000000000     
         500   0.0000000000000000        3.0483677983283997E-004   9.1685598212850628E-016
         500  0.20000000000000001        2.4701654911041260E-004   1.4081262754571820E-005
         500  0.25000000000000000        2.4914741516113281E-004   4.0875802104957551E-005
         500  0.50000000000000000        1.3975054025650024E-004   9.3220145603720910E-004
         500  -1.0000000000000000        2.0153820514678955E-004   0.0000000000000000     
         500   0.0000000000000000        2.7787685394287109E-004   8.3227513002445703E-016
         500  0.20000000000000001        2.3408979177474976E-004   1.6337113673800509E-005
         500  0.25000000000000000        2.2281520068645477E-004   4.7022169483133350E-005
         500  0.50000000000000000        1.3976171612739563E-004   9.0258613377440923E-004
         500  -1.0000000000000000        2.2378936409950256E-004   0.0000000000000000     
         500   0.0000000000000000        2.7972832322120667E-004   9.9723420938326881E-016
         500  0.20000000000000001        2.4104304611682892E-004   1.0644557493826107E-005
         500  0.25000000000000000        2.2959895431995392E-004   3.3361297910400844E-005
         500  0.50000000000000000        1.3814680278301239E-004   7.7004811133602065E-004
         500  -1.0000000000000000        2.1087378263473511E-004   0.0000000000000000     
         500   0.0000000000000000        2.8646923601627350E-004   8.1645183488021320E-016
         500  0.20000000000000001        2.3143924772739410E-004   1.5347246510513571E-005
         500  0.25000000000000000        2.1983869373798370E-004   5.1532416142053136E-005
         500  0.50000000000000000        1.4921836555004120E-004   9.8224231460888596E-004
         500  -1.0000000000000000        2.8021261096000671E-004   0.0000000000000000     
         500   0.0000000000000000        2.7537345886230469E-004   8.4421740791737557E-016
         500  0.20000000000000001        2.2877752780914307E-004   1.7892602544261333E-005
         500  0.25000000000000000        2.2070296108722687E-004   4.8973623537793677E-005
         500  0.50000000000000000        1.3600662350654602E-004   1.0207388683698812E-003
         500  -1.0000000000000000        2.1939352154731750E-004   0.0000000000000000     
         500   0.0000000000000000        2.7270987629890442E-004   7.8789652400909207E-016
         500  0.20000000000000001        2.3021548986434937E-004   1.0227759072713123E-005
         500  0.25000000000000000        2.3568607866764069E-004   3.1719721799635123E-005
         500  0.50000000000000000        1.3723596930503845E-004   8.2604716930705785E-004
         500  -1.0000000000000000        1.8209032714366913E-004   0.0000000000000000     
         500   0.0000000000000000        2.9213353991508484E-004   8.4719329820143388E-016
         500  0.20000000000000001        2.3337267339229584E-004   1.1685807016186688E-005
         500  0.25000000000000000        2.2207759320735931E-004   3.8503590302492428E-005
         500  0.50000000000000000        1.4425441622734070E-004   9.2101602771782443E-004
         500  -1.0000000000000000        2.1695904433727264E-004   0.0000000000000000     
         500   0.0000000000000000        2.7600489556789398E-004   8.2894456909723614E-016
         500  0.20000000000000001        2.3194216191768646E-004   1.3140325430031472E-005
         500  0.25000000000000000        2.1922029554843903E-004   3.5612790887861702E-005
         500  0.50000000000000000        1.6539357602596283E-004   9.6216176940434395E-004
         500  -1.0000000000000000        2.2428855299949646E-004   0.0000000000000000     
         500   0.0000000000000000        2.8440356254577637E-004   8.6719003755168172E-016
         500  0.20000000000000001        2.2570975124835968E-004   1.4458495171971571E-005
         500  0.25000000000000000        2.1402165293693542E-004   4.3231679830955934E-005
         500  0.50000000000000000        1.4343485236167908E-004   9.3599139195812780E-004
         500  -1.0000000000000000        2.3821368813514709E-004   0.0000000000000000     
         500   0.0000000000000000        2.7905590832233429E-004   8.6044542031233098E-016
         500  0.20000000000000001        2.2868812084197998E-004   1.0841853481788126E-005
         500  0.25000000000000000        2.2017769515514374E-004   3.2279928539437959E-005
         500  0.50000000000000000        1.4004856348037720E-004   7.1281850248741023E-004
        1000  -1.0000000000000000        5.2977725863456726E-004   0.0000000000000000     
        1000   0.0000000000000000        1.0394826531410217E-003   1.2477185730997086E-015
        1000  0.20000000000000001        8.8611990213394165E-004   1.7821445693832963E-005
        1000  0.25000000000000000        7.9533457756042480E-004   5.1024444489423585E-005
        1000  0.50000000000000000        4.5044347643852234E-004   9.3196598686456228E-004
        1000  -1.0000000000000000        4.1373074054718018E-004   0.0000000000000000     
        1000   0.0000000000000000        1.0573435574769974E-003   1.2101836680595625E-015
        1000  0.20000000000000001        8.5925683379173279E-004   1.6609043656401078E-005
        1000  0.25000000000000000        7.6835975050926208E-004   5.3112995723761035E-005
        1000  0.50000000000000000        3.7801638245582581E-004   1.0206534249072336E-003
        1000  -1.0000000000000000        4.8678554594516754E-004   0.0000000000000000     
        1000   0.0000000000000000        1.0341685265302658E-003   1.1905225003429508E-015
        1000  0.20000000000000001        8.3407759666442871E-004   1.4784705070135229E-005
        1000  0.25000000000000000        7.5587071478366852E-004   4.2209808683040849E-005
        1000  0.50000000000000000        3.6152265965938568E-004   8.1940756119986931E-004
        1000  -1.0000000000000000        4.0582194924354553E-004   0.0000000000000000     
        1000   0.0000000000000000        1.0327566415071487E-003   1.1345931283852621E-015
        1000  0.20000000000000001        8.8164024055004120E-004   1.6807971664628196E-005
        1000  0.25000000000000000        8.1572681665420532E-004   4.7230540681999830E-005
        1000  0.50000000000000000        4.1596777737140656E-004   9.6565202779051176E-004
        1000  -1.0000000000000000        4.0562823414802551E-004   0.0000000000000000     
        1000   0.0000000000000000        1.0275281965732574E-003   1.1381889371259540E-015
        1000  0.20000000000000001        8.3603523671627045E-004   1.4181960549725028E-005
        1000  0.25000000000000000        7.4824318289756775E-004   4.3413635139922805E-005
        1000  0.50000000000000000        3.5621039569377899E-004   8.4813070175708441E-004
        1000  -1.0000000000000000        4.0945410728454590E-004   0.0000000000000000     
        1000   0.0000000000000000        1.0447930544614792E-003   1.1759504693194243E-015
        1000  0.20000000000000001        8.7763369083404541E-004   1.5368211473330742E-005
        1000  0.25000000000000000        7.7708624303340912E-004   4.5147605803069283E-005
        1000  0.50000000000000000        3.8236007094383240E-004   9.2151328402361257E-004
        1000  -1.0000000000000000        4.2275339365005493E-004   0.0000000000000000     
        1000   0.0000000000000000        1.0350663214921951E-003   1.1582415272404957E-015
        1000  0.20000000000000001        8.7368115782737732E-004   1.5608354887039308E-005
        1000  0.25000000000000000        7.8416056931018829E-004   4.6087721244467214E-005
        1000  0.50000000000000000        3.8183480501174927E-004   9.0382003593888712E-004
        1000  -1.0000000000000000        4.1144713759422302E-004   0.0000000000000000     
        1000   0.0000000000000000        1.0244175791740417E-003   1.1355680357472781E-015
        1000  0.20000000000000001        8.5835345089435577E-004   1.5228759481073542E-005
        1000  0.25000000000000000        7.6397322118282318E-004   4.8388755948122281E-005
        1000  0.50000000000000000        3.6519952118396759E-004   9.8125146913160036E-004
        1000  -1.0000000000000000        4.0896609425544739E-004   0.0000000000000000     
        1000   0.0000000000000000        9.7000598907470703E-004   1.1908628135190681E-015
        1000  0.20000000000000001        8.5151940584182739E-004   1.9221714619392745E-005
        1000  0.25000000000000000        7.6790526509284973E-004   4.8129894905626612E-005
        1000  0.50000000000000000        3.7446618080139160E-004   8.9669236076491082E-004
        1000  -1.0000000000000000        4.6849623322486877E-004   0.0000000000000000     
        1000   0.0000000000000000        9.5711648464202881E-004   1.1849682930606532E-015
        1000  0.20000000000000001        8.7297894060611725E-004   1.6042440348701327E-005
        1000  0.25000000000000000        7.9025141894817352E-004   4.5750657527651136E-005
        1000  0.50000000000000000        3.9751082658767700E-004   8.9599727878386800E-004
        1000  -1.0000000000000000        4.1043758392333984E-004   0.0000000000000000     
        1000   0.0000000000000000        9.7446702420711517E-004   1.1394630228898194E-015
        1000  0.20000000000000001        8.4005855023860931E-004   1.8070643226596415E-005
        1000  0.25000000000000000        7.4717774987220764E-004   4.9348599536110145E-005
        1000  0.50000000000000000        3.5832263529300690E-004   9.1541813288722660E-004
        1000  -1.0000000000000000        5.4003298282623291E-004   0.0000000000000000     
        1000   0.0000000000000000        9.9829398095607758E-004   1.1402700422737966E-015
        1000  0.20000000000000001        8.5596926510334015E-004   1.1944626562214495E-005
        1000  0.25000000000000000        7.7950209379196167E-004   3.8120884616063182E-005
        1000  0.50000000000000000        3.9299391210079193E-004   8.6198104453006903E-004
        1000  -1.0000000000000000        5.1648914813995361E-004   0.0000000000000000     
        1000   0.0000000000000000        9.8102912306785583E-004   1.2007603639944936E-015
        1000  0.20000000000000001        8.7138265371322632E-004   1.8190947474837950E-005
        1000  0.25000000000000000        7.8475475311279297E-004   5.1002348698768269E-005
        1000  0.50000000000000000        3.9235875010490417E-004   9.0558269921393669E-004
        1000  -1.0000000000000000        5.2757002413272858E-004   0.0000000000000000     
        1000   0.0000000000000000        1.0038167238235474E-003   1.2183282379277280E-015
        1000  0.20000000000000001        8.7761133909225464E-004   1.9561019122728426E-005
        1000  0.25000000000000000        7.8003481030464172E-004   5.2941673416182911E-005
        1000  0.50000000000000000        3.8682669401168823E-004   1.0289176236455344E-003
        1000  -1.0000000000000000        5.1723048090934753E-004   0.0000000000000000     
        1000   0.0000000000000000        9.9864415824413300E-004   1.1986406070462342E-015
        1000  0.20000000000000001        8.6336396634578705E-004   1.5967470708232816E-005
        1000  0.25000000000000000        7.7443011105060577E-004   5.0121883112015363E-005
        1000  0.50000000000000000        3.7547759711742401E-004   1.0568527827744503E-003
        1000  -1.0000000000000000        4.2138807475566864E-004   0.0000000000000000     
        1000   0.0000000000000000        1.2138001620769501E-003   1.2449544640602328E-015
        1000  0.20000000000000001        8.5075572133064270E-004   1.3224801338612470E-005
        1000  0.25000000000000000        7.8490376472473145E-004   4.1299149545652058E-005
        1000  0.50000000000000000        3.9417482912540436E-004   8.5916176606101616E-004
        1000  -1.0000000000000000        3.9774551987648010E-004   0.0000000000000000     
        1000   0.0000000000000000        1.2190099805593491E-003   1.1852312851457084E-015
        1000  0.20000000000000001        8.4740109741687775E-004   1.5150835307052960E-005
        1000  0.25000000000000000        7.6313130557537079E-004   4.5915221351813232E-005
        1000  0.50000000000000000        3.9652176201343536E-004   8.4524974014723588E-004
        1000  -1.0000000000000000        4.0271505713462830E-004   0.0000000000000000     
        1000   0.0000000000000000        9.7528472542762756E-004   1.1429812829777608E-015
        1000  0.20000000000000001        8.9692138135433197E-004   1.4745775576436297E-005
        1000  0.25000000000000000        8.8122673332691193E-004   4.5386923137102224E-005
        1000  0.50000000000000000        4.2169168591499329E-004   8.6994763807561094E-004
        1000  -1.0000000000000000        4.1012465953826904E-004   0.0000000000000000     
        1000   0.0000000000000000        1.0270345956087112E-003   1.2177500132375807E-015
        1000  0.20000000000000001        8.6197070777416229E-004   1.6031394037560176E-005
        1000  0.25000000000000000        7.7527202665805817E-004   4.4663611119351984E-005
        1000  0.50000000000000000        3.9739161729812622E-004   9.3958525545660015E-004
        1000  -1.0000000000000000        4.0756911039352417E-004   0.0000000000000000     
        1000   0.0000000000000000        1.0261572897434235E-003   1.0905796627196034E-015
        1000  0.20000000000000001        8.9672394096851349E-004   1.5683716515382493E-005
        1000  0.25000000000000000        7.9528056085109711E-004   4.6382078905959922E-005
        1000  0.50000000000000000        3.9364024996757507E-004   8.6308381349198477E-004
        1500  -1.0000000000000000        8.7464787065982819E-004   0.0000000000000000     
        1500   0.0000000000000000        2.0318198949098587E-003   1.4511016636810953E-015
        1500  0.20000000000000001        1.7488691955804825E-003   1.5811002529055400E-005
        1500  0.25000000000000000        1.4892928302288055E-003   4.1673880514726560E-005
        1500  0.50000000000000000        6.2696821987628937E-004   8.7391809529754742E-004
        1500  -1.0000000000000000        8.7562389671802521E-004   0.0000000000000000     
        1500   0.0000000000000000        2.1158792078495026E-003   1.3827130732188670E-015
        1500  0.20000000000000001        1.8101278692483902E-003   1.7861057616898327E-005
        1500  0.25000000000000000        1.5283562242984772E-003   5.2981596555955438E-005
        1500  0.50000000000000000        6.5455585718154907E-004   9.3514044669081768E-004
        1500  -1.0000000000000000        8.7395869195461273E-004   0.0000000000000000     
        1500   0.0000000000000000        2.1017324179410934E-003   1.4156595306138684E-015
        1500  0.20000000000000001        1.8239878118038177E-003   1.7979192520520530E-005
        1500  0.25000000000000000        1.5628412365913391E-003   5.3595342876958709E-005
        1500  0.50000000000000000        6.7685917019844055E-004   9.5727716358361928E-004
        1500  -1.0000000000000000        8.7372772395610809E-004   0.0000000000000000     
        1500   0.0000000000000000        2.0876172930002213E-003   1.4168195371080202E-015
        1500  0.20000000000000001        1.8643531948328018E-003   1.5824543058779091E-005
        1500  0.25000000000000000        1.5964787453413010E-003   4.6053447647579291E-005
        1500  0.50000000000000000        7.0292875170707703E-004   9.1055556037788533E-004
        1500  -1.0000000000000000        8.7941065430641174E-004   0.0000000000000000     
        1500   0.0000000000000000        2.0964313298463821E-003   1.4299515856234914E-015
        1500  0.20000000000000001        1.8394943326711655E-003   1.8501562781698211E-005
        1500  0.25000000000000000        1.5711914747953415E-003   5.0319338798942281E-005
        1500  0.50000000000000000        6.8549625575542450E-004   9.3455746939860552E-004
        1500  -1.0000000000000000        8.7511353194713593E-004   0.0000000000000000     
        1500   0.0000000000000000        2.0832773298025131E-003   1.4193497474796296E-015
        1500  0.20000000000000001        1.8856432288885117E-003   2.0658848643645409E-005
        1500  0.25000000000000000        1.6421992331743240E-003   5.7280004687597472E-005
        1500  0.50000000000000000        7.4833445250988007E-004   1.0194065427771189E-003
        1500  -1.0000000000000000        9.1274082660675049E-004   0.0000000000000000     
        1500   0.0000000000000000        2.1153632551431656E-003   1.4380279887512476E-015
        1500  0.20000000000000001        1.8177796155214310E-003   1.7457359200457006E-005
        1500  0.25000000000000000        1.5786718577146530E-003   4.9388047482962808E-005
        1500  0.50000000000000000        6.9656968116760254E-004   8.6333006287742651E-004
        1500  -1.0000000000000000        8.7831914424896240E-004   0.0000000000000000     
        1500   0.0000000000000000        2.0952671766281128E-003   1.4005994528920688E-015
        1500  0.20000000000000001        1.7888080328702927E-003   1.6882401401764212E-005
        1500  0.25000000000000000        1.5041027218103409E-003   4.7510426333825445E-005
        1500  0.50000000000000000        6.2786787748336792E-004   8.4552652190239639E-004
        1500  -1.0000000000000000        8.7012536823749542E-004   0.0000000000000000     
        1500   0.0000000000000000        2.0931474864482880E-003   1.4412982590145529E-015
        1500  0.20000000000000001        1.8990375101566315E-003   1.6655306894948411E-005
        1500  0.25000000000000000        1.6579944640398026E-003   4.9925849490441085E-005
        1500  0.50000000000000000        7.4823386967182159E-004   9.0381906483585168E-004
        1500  -1.0000000000000000        8.7043456733226776E-004   0.0000000000000000     
        1500   0.0000000000000000        2.1116454154253006E-003   1.4775139819132745E-015
        1500  0.20000000000000001        1.9015632569789886E-003   1.9357166333795253E-005
        1500  0.25000000000000000        1.6294065862894058E-003   5.2893668872005163E-005
        1500  0.50000000000000000        7.0840865373611450E-004   9.4611112134537637E-004
        1500  -1.0000000000000000        9.4554387032985687E-004   0.0000000000000000     
        1500   0.0000000000000000        2.1395646035671234E-003   1.4731775566801738E-015
        1500  0.20000000000000001        1.8164012581110001E-003   2.0232335424971404E-005
        1500  0.25000000000000000        1.5741325914859772E-003   5.6302039749688428E-005
        1500  0.50000000000000000        6.8547576665878296E-004   9.3357996105035857E-004
        1500  -1.0000000000000000        8.6150877177715302E-004   0.0000000000000000     
        1500   0.0000000000000000        2.0834691822528839E-003   1.4271154198514544E-015
        1500  0.20000000000000001        1.7821118235588074E-003   1.5237682687372502E-005
        1500  0.25000000000000000        1.5456657856702805E-003   5.0172173979362763E-005
        1500  0.50000000000000000        6.7040137946605682E-004   9.3053429499004824E-004
        1500  -1.0000000000000000        8.6770206689834595E-004   0.0000000000000000     
        1500   0.0000000000000000        2.1125040948390961E-003   1.4261481873562680E-015
        1500  0.20000000000000001        1.8189400434494019E-003   1.5947900917127241E-005
        1500  0.25000000000000000        1.5809386968612671E-003   4.7104356849445353E-005
        1500  0.50000000000000000        6.8577937781810760E-004   8.9583162762084845E-004
        1500  -1.0000000000000000        8.6995959281921387E-004   0.0000000000000000     
        1500   0.0000000000000000        2.0663551986217499E-003   1.4556254668640854E-015
        1500  0.20000000000000001        1.6705561429262161E-003   1.6926637543518971E-005
        1500  0.25000000000000000        1.3310108333826065E-003   5.0308156554928533E-005
        1500  0.50000000000000000        5.7583674788475037E-004   8.7374458691834159E-004
        1500  -1.0000000000000000        8.3457678556442261E-004   0.0000000000000000     
        1500   0.0000000000000000        1.8950812518596649E-003   1.4673852674331011E-015
        1500  0.20000000000000001        1.5617702156305313E-003   2.0280261634043266E-005
        1500  0.25000000000000000        1.3460218906402588E-003   5.7052754768819386E-005
        1500  0.50000000000000000        6.0139782726764679E-004   9.4392421180063948E-004
        1500  -1.0000000000000000        8.3699636161327362E-004   0.0000000000000000     
        1500   0.0000000000000000        1.9618142396211624E-003   1.5273448174211652E-015
        1500  0.20000000000000001        1.5398897230625153E-003   1.9715946935337055E-005
        1500  0.25000000000000000        1.3245474547147751E-003   5.1761410876198056E-005
        1500  0.50000000000000000        5.6892074644565582E-004   9.2713180667833490E-004
        1500  -1.0000000000000000        8.3986856043338776E-004   0.0000000000000000     
        1500   0.0000000000000000        1.9395370036363602E-003   1.4002238432363677E-015
        1500  0.20000000000000001        1.5257243067026138E-003   1.9412260801913485E-005
        1500  0.25000000000000000        1.3018231838941574E-003   5.2191984864461355E-005
        1500  0.50000000000000000        5.7042017579078674E-004   9.4037534440368463E-004
        1500  -1.0000000000000000        8.3517841994762421E-004   0.0000000000000000     
        1500   0.0000000000000000        1.9182506948709488E-003   1.3993610197048228E-015
        1500  0.20000000000000001        1.5103500336408615E-003   1.5991328436028042E-005
        1500  0.25000000000000000        1.2965872883796692E-003   4.7310176315909707E-005
        1500  0.50000000000000000        5.3830258548259735E-004   8.8696538924112325E-004
        1500  -1.0000000000000000        8.3457119762897491E-004   0.0000000000000000     
        1500   0.0000000000000000        1.9411612302064896E-003   1.4260947119792086E-015
        1500  0.20000000000000001        1.5353970229625702E-003   1.5317210006133634E-005
        1500  0.25000000000000000        1.3084970414638519E-003   4.3477217421299020E-005
        1500  0.50000000000000000        5.4316967725753784E-004   9.2928454740251010E-004
        1500  -1.0000000000000000        8.3498097956180573E-004   0.0000000000000000     
        1500   0.0000000000000000        1.9502490758895874E-003   1.4167702471123738E-015
        1500  0.20000000000000001        1.5648808330297470E-003   1.6901834151879565E-005
        1500  0.25000000000000000        1.3267993927001953E-003   4.7935739220381482E-005
        1500  0.50000000000000000        5.6294538080692291E-004   9.1195159130062992E-004
        2000  -1.0000000000000000        1.3735536485910416E-003   0.0000000000000000     
        2000   0.0000000000000000        3.3023785799741745E-003   1.6931010858107386E-015
        2000  0.20000000000000001        2.7032587677240372E-003   1.5634527369460218E-005
        2000  0.25000000000000000        2.2503212094306946E-003   4.1851953795074913E-005
        2000  0.50000000000000000        8.9666806161403656E-004   8.2694248284265800E-004
        2000  -1.0000000000000000        1.3770014047622681E-003   0.0000000000000000     
        2000   0.0000000000000000        3.3552534878253937E-003   1.6686608170004438E-015
        2000  0.20000000000000001        2.6336591690778732E-003   1.8629771831520338E-005
        2000  0.25000000000000000        2.1769553422927856E-003   4.9770286218772668E-005
        2000  0.50000000000000000        8.5947476327419281E-004   8.7341498443861926E-004
        2000  -1.0000000000000000        1.3820081949234009E-003   0.0000000000000000     
        2000   0.0000000000000000        3.3213384449481964E-003   1.6939147508717519E-015
        2000  0.20000000000000001        2.5928169488906860E-003   1.6284624324125999E-005
        2000  0.25000000000000000        2.1496079862117767E-003   4.6403235508078347E-005
        2000  0.50000000000000000        8.2646496593952179E-004   8.8758640413434426E-004
        2000  -1.0000000000000000        1.3791266828775406E-003   0.0000000000000000     
        2000   0.0000000000000000        3.3500511199235916E-003   1.6915179543199223E-015
        2000  0.20000000000000001        2.6117544621229172E-003   1.6732036479911162E-005
        2000  0.25000000000000000        2.1538250148296356E-003   4.8977052053736405E-005
        2000  0.50000000000000000        8.3756074309349060E-004   9.1855637029694800E-004
        2000  -1.0000000000000000        1.3839211314916611E-003   0.0000000000000000     
        2000   0.0000000000000000        3.2249931246042252E-003   1.7082499424191878E-015
        2000  0.20000000000000001        2.5262795388698578E-003   1.8733110570127942E-005
        2000  0.25000000000000000        2.0808856934309006E-003   5.0092101400755178E-005
        2000  0.50000000000000000        7.8989006578922272E-004   9.0682870541257822E-004
        2000  -1.0000000000000000        1.3920869678258896E-003   0.0000000000000000     
        2000   0.0000000000000000        3.3935513347387314E-003   1.6812698277707320E-015
        2000  0.20000000000000001        2.6011653244495392E-003   1.8025684494696253E-005
        2000  0.25000000000000000        2.1474156528711319E-003   5.0855191818904280E-005
        2000  0.50000000000000000        8.4232725203037262E-004   9.2704443388998961E-004
        2000  -1.0000000000000000        1.3828761875629425E-003   0.0000000000000000     
        2000   0.0000000000000000        3.2482184469699860E-003   1.6682349386027147E-015
        2000  0.20000000000000001        2.5684684514999390E-003   1.8760468559918831E-005
        2000  0.25000000000000000        2.1124333143234253E-003   4.9992434930882730E-005
        2000  0.50000000000000000        8.2349404692649841E-004   9.0531115368463198E-004
        2000  -1.0000000000000000        1.3816077262163162E-003   0.0000000000000000     
        2000   0.0000000000000000        3.4149531275033951E-003   1.6701225605465141E-015
        2000  0.20000000000000001        2.7666278183460236E-003   1.8487369608204717E-005
        2000  0.25000000000000000        2.2932291030883789E-003   4.9436813497534159E-005
        2000  0.50000000000000000        8.8537670671939850E-004   9.6422664379248958E-004
        2000  -1.0000000000000000        1.3725105673074722E-003   0.0000000000000000     
        2000   0.0000000000000000        3.8913413882255554E-003   1.7611818588235222E-015
        2000  0.20000000000000001        2.5620274245738983E-003   1.9325538067315349E-005
        2000  0.25000000000000000        2.1304860711097717E-003   5.0272214877564326E-005
        2000  0.50000000000000000        8.3204545080661774E-004   8.9786636341446355E-004
        2000  -1.0000000000000000        1.3850294053554535E-003   0.0000000000000000     
        2000   0.0000000000000000        3.5828333348035812E-003   1.7186277552113937E-015
        2000  0.20000000000000001        2.6900637894868851E-003   1.6695868017553423E-005
        2000  0.25000000000000000        2.2224131971597672E-003   4.9766641404979318E-005
        2000  0.50000000000000000        8.6126476526260376E-004   9.0319472091283947E-004
        2000  -1.0000000000000000        1.3861153274774551E-003   0.0000000000000000     
        2000   0.0000000000000000        3.3595301210880280E-003   1.6637972941657753E-015
        2000  0.20000000000000001        2.7761310338973999E-003   1.6138776793774914E-005
        2000  0.25000000000000000        2.3117680102586746E-003   4.7453649045545520E-005
        2000  0.50000000000000000        9.2387944459915161E-004   8.3341773797849790E-004
        2000  -1.0000000000000000        1.3811513781547546E-003   0.0000000000000000     
        2000   0.0000000000000000        3.3335089683532715E-003   1.6837064543882202E-015
        2000  0.20000000000000001        2.7181599289178848E-003   1.6276685454518742E-005
        2000  0.25000000000000000        2.2252537310123444E-003   4.2818020569337909E-005
        2000  0.50000000000000000        8.5061043500900269E-004   8.5183983285315673E-004
        2000  -1.0000000000000000        1.3815853744745255E-003   0.0000000000000000     
        2000   0.0000000000000000        3.2811444252729416E-003   1.6556601231792139E-015
        2000  0.20000000000000001        2.7506947517395020E-003   1.7152725042137427E-005
        2000  0.25000000000000000        2.2953096777200699E-003   4.8172647984782848E-005
        2000  0.50000000000000000        9.1603957116603851E-004   8.8094700503481597E-004
        2000  -1.0000000000000000        1.3736151158809662E-003   0.0000000000000000     
        2000   0.0000000000000000        3.3063981682062149E-003   1.6912480516160713E-015
        2000  0.20000000000000001        2.7249846607446671E-003   1.7322737111073640E-005
        2000  0.25000000000000000        2.2703278809785843E-003   4.6509596096926131E-005
        2000  0.50000000000000000        9.0355053544044495E-004   9.1195404960909079E-004
        2000  -1.0000000000000000        1.3870801776647568E-003   0.0000000000000000     
        2000   0.0000000000000000        3.2686758786439896E-003   1.6588544126444297E-015
        2000  0.20000000000000001        2.7342922985553741E-003   1.8127194631904094E-005
        2000  0.25000000000000000        2.2576302289962769E-003   4.9414997294372191E-005
        2000  0.50000000000000000        8.9908950030803680E-004   8.3732404058162407E-004
        2000  -1.0000000000000000        1.3833995908498764E-003   0.0000000000000000     
        2000   0.0000000000000000        3.2987371087074280E-003   1.6541231446989819E-015
        2000  0.20000000000000001        2.5786887854337692E-003   1.8227141409446348E-005
        2000  0.25000000000000000        2.1612942218780518E-003   4.9933743061728519E-005
        2000  0.50000000000000000        8.0954656004905701E-004   8.9318926787782318E-004
        2000  -1.0000000000000000        1.3779886066913605E-003   0.0000000000000000     
        2000   0.0000000000000000        3.3365655690431595E-003   1.6872603843880341E-015
        2000  0.20000000000000001        2.6357676833868027E-003   1.8367440619872608E-005
        2000  0.25000000000000000        2.1715667098760605E-003   4.9882684988436660E-005
        2000  0.50000000000000000        8.3270110189914703E-004   9.1128217192573864E-004
        2000  -1.0000000000000000        1.3832282274961472E-003   0.0000000000000000     
        2000   0.0000000000000000        3.3355914056301117E-003   1.7029815625672171E-015
        2000  0.20000000000000001        2.6865787804126740E-003   1.7378928109657347E-005
        2000  0.25000000000000000        2.2006016224622726E-003   4.9674819951568942E-005
        2000  0.50000000000000000        8.6642801761627197E-004   8.3565114395711020E-004
        2000  -1.0000000000000000        1.3898555189371109E-003   0.0000000000000000     
        2000   0.0000000000000000        3.2649934291839600E-003   1.6937834570188093E-015
        2000  0.20000000000000001        2.5688949972391129E-003   1.8864400258629247E-005
        2000  0.25000000000000000        2.1263193339109421E-003   5.2502263132394698E-005
        2000  0.50000000000000000        8.2363188266754150E-004   9.3877940577198767E-004
        2000  -1.0000000000000000        1.3757236301898956E-003   0.0000000000000000     
        2000   0.0000000000000000        3.2878164201974869E-003   1.7095203769009609E-015
        2000  0.20000000000000001        2.5987196713685989E-003   1.9285095876404468E-005
        2000  0.25000000000000000        2.1758303046226501E-003   5.2368417156450168E-005
        2000  0.50000000000000000        8.3717331290245056E-004   8.8045820013795263E-004
        2500  -1.0000000000000000        2.0940117537975311E-003   0.0000000000000000     
        2500   0.0000000000000000        5.0208810716867447E-003   1.8207986916436790E-015
        2500  0.20000000000000001        3.9080642163753510E-003   1.7014618751168019E-005
        2500  0.25000000000000000        3.1295623630285263E-003   4.5026692826177822E-005
        2500  0.50000000000000000        1.1493060737848282E-003   8.7624950076718483E-004
        2500  -1.0000000000000000        2.1000616252422333E-003   0.0000000000000000     
        2500   0.0000000000000000        5.1476564258337021E-003   1.8249506504439237E-015
        2500  0.20000000000000001        3.8984287530183792E-003   1.9138274244415302E-005
        2500  0.25000000000000000        3.1194984912872314E-003   5.0654872646708895E-005
        2500  0.50000000000000000        1.1286288499832153E-003   8.6320307024476226E-004
        2500  -1.0000000000000000        2.1315477788448334E-003   0.0000000000000000     
        2500   0.0000000000000000        5.1913857460021973E-003   1.8494910253510327E-015
        2500  0.20000000000000001        3.8710236549377441E-003   1.6871882531988520E-005
        2500  0.25000000000000000        3.1059216707944870E-003   4.6137165267872862E-005
        2500  0.50000000000000000        1.0936036705970764E-003   8.6363374812850635E-004
        2500  -1.0000000000000000        2.1379776298999786E-003   0.0000000000000000     
        2500   0.0000000000000000        5.1165204495191574E-003   1.8680323446239296E-015
        2500  0.20000000000000001        3.9671100676059723E-003   1.7253110613964618E-005
        2500  0.25000000000000000        3.2015256583690643E-003   4.7884492444387681E-005
        2500  0.50000000000000000        1.1800024658441544E-003   8.7619554077127549E-004
        2500  -1.0000000000000000        2.1341498941183090E-003   0.0000000000000000     
        2500   0.0000000000000000        5.2048694342374802E-003   1.8558423484001548E-015
        2500  0.20000000000000001        3.9614662528038025E-003   1.7426742057489775E-005
        2500  0.25000000000000000        3.1613465398550034E-003   4.4997561181760400E-005
        2500  0.50000000000000000        1.1492427438497543E-003   8.5440591289613263E-004
        2500  -1.0000000000000000        2.1174475550651550E-003   0.0000000000000000     
        2500   0.0000000000000000        5.7532992213964462E-003   1.8838056190695663E-015
        2500  0.20000000000000001        4.0746610611677170E-003   1.9310713299977352E-005
        2500  0.25000000000000000        3.2736826688051224E-003   4.9804236687913463E-005
        2500  0.50000000000000000        1.1832993477582932E-003   8.7149091939341475E-004
        2500  -1.0000000000000000        2.1547805517911911E-003   0.0000000000000000     
        2500   0.0000000000000000        5.1472466439008713E-003   1.8368227564937500E-015
        2500  0.20000000000000001        3.9445087313652039E-003   1.7335346308383404E-005
        2500  0.25000000000000000        3.1892675906419754E-003   4.9390763281511895E-005
        2500  0.50000000000000000        1.1504571884870529E-003   8.4584825823145148E-004
        2500  -1.0000000000000000        2.1447893232107162E-003   0.0000000000000000     
        2500   0.0000000000000000        5.1666870713233948E-003   1.8104692984961200E-015
        2500  0.20000000000000001        3.9880797266960144E-003   1.8605629839090434E-005
        2500  0.25000000000000000        3.2073501497507095E-003   4.8987137526187911E-005
        2500  0.50000000000000000        1.1662021279335022E-003   8.3023719509491359E-004
        2500  -1.0000000000000000        2.1390635520219803E-003   0.0000000000000000     
        2500   0.0000000000000000        5.1757283508777618E-003   1.8289719626191656E-015
        2500  0.20000000000000001        3.9606764912605286E-003   1.7375871836732666E-005
        2500  0.25000000000000000        3.1920541077852249E-003   4.8408008227975187E-005
        2500  0.50000000000000000        1.1476725339889526E-003   9.0602575629766466E-004
        2500  -1.0000000000000000        2.1331459283828735E-003   0.0000000000000000     
        2500   0.0000000000000000        5.1718968898057938E-003   1.8586571484584994E-015
        2500  0.20000000000000001        3.9882194250822067E-003   1.9072837109894948E-005
        2500  0.25000000000000000        3.2062288373708725E-003   5.0940212943054578E-005
        2500  0.50000000000000000        1.1510811746120453E-003   8.9269624167855521E-004
        2500  -1.0000000000000000        2.1373350173234940E-003   0.0000000000000000     
        2500   0.0000000000000000        5.1092803478240967E-003   1.8516793024096445E-015
        2500  0.20000000000000001        3.9320457726716995E-003   1.7712568524101273E-005
        2500  0.25000000000000000        3.1545087695121765E-003   5.0154349269458801E-005
        2500  0.50000000000000000        1.1207032948732376E-003   8.6310027870218676E-004
        2500  -1.0000000000000000        2.1341051906347275E-003   0.0000000000000000     
        2500   0.0000000000000000        5.2254311740398407E-003   1.8372248085831066E-015
        2500  0.20000000000000001        3.9149392396211624E-003   2.0989231456295755E-005
        2500  0.25000000000000000        3.1306333839893341E-003   5.5956102212734361E-005
        2500  0.50000000000000000        1.1273548007011414E-003   8.6723498752948466E-004
        2500  -1.0000000000000000        2.1247752010822296E-003   0.0000000000000000     
        2500   0.0000000000000000        5.1247961819171906E-003   1.8813959310053935E-015
        2500  0.20000000000000001        3.9270315319299698E-003   1.7422347081354648E-005
        2500  0.25000000000000000        3.1056609004735947E-003   4.6832770998907420E-005
        2500  0.50000000000000000        1.1276248842477798E-003   8.4258871914729696E-004
        2500  -1.0000000000000000        2.1175965666770935E-003   0.0000000000000000     
        2500   0.0000000000000000        5.2403621375560760E-003   1.8683822060756357E-015
        2500  0.20000000000000001        3.9120856672525406E-003   1.7386881827296750E-005
        2500  0.25000000000000000        3.1561814248561859E-003   4.7791648945157082E-005
        2500  0.50000000000000000        1.1287909001111984E-003   8.7516779356451037E-004
        2500  -1.0000000000000000        2.1189562976360321E-003   0.0000000000000000     
        2500   0.0000000000000000        5.1748361438512802E-003   1.8945587922680662E-015
        2500  0.20000000000000001        3.9605349302291870E-003   1.9133667989181416E-005
        2500  0.25000000000000000        3.2052621245384216E-003   5.0563752021770021E-005
        2500  0.50000000000000000        1.1855270713567734E-003   9.0282599797961800E-004
        2500  -1.0000000000000000        2.1333880722522736E-003   0.0000000000000000     
        2500   0.0000000000000000        5.1394104957580566E-003   1.8035926941696207E-015
        2500  0.20000000000000001        3.9034597575664520E-003   1.7436463892772381E-005
        2500  0.25000000000000000        3.1544081866741180E-003   5.1240994324922614E-005
        2500  0.50000000000000000        1.1466033756732941E-003   8.4109830267093538E-004
        2500  -1.0000000000000000        2.1193511784076691E-003   0.0000000000000000     
        2500   0.0000000000000000        5.2531119436025620E-003   1.8544515109165559E-015
        2500  0.20000000000000001        3.8798060268163681E-003   1.6453669018442252E-005
        2500  0.25000000000000000        3.1119771301746368E-003   4.6677321263485806E-005
        2500  0.50000000000000000        1.0901317000389099E-003   8.3325454589225963E-004
        2500  -1.0000000000000000        2.1236725151538849E-003   0.0000000000000000     
        2500   0.0000000000000000        5.5874232202768326E-003   1.8394725663164316E-015
        2500  0.20000000000000001        3.8759429007768631E-003   1.8544628436596955E-005
        2500  0.25000000000000000        3.0364617705345154E-003   4.9270695577181635E-005
        2500  0.50000000000000000        1.0790992528200150E-003   8.7927854075230995E-004
        2500  -1.0000000000000000        2.1102204918861389E-003   0.0000000000000000     
        2500   0.0000000000000000        5.1755383610725403E-003   1.8881411146275367E-015
        2500  0.20000000000000001        3.9385203272104263E-003   1.8954843358476023E-005
        2500  0.25000000000000000        3.1737647950649261E-003   5.1431396201690111E-005
        2500  0.50000000000000000        1.1564213782548904E-003   8.5685364485904179E-004
        2500  -1.0000000000000000        2.1241791546344757E-003   0.0000000000000000     
        2500   0.0000000000000000        5.1561258733272552E-003   1.8281360642116216E-015
        2500  0.20000000000000001        3.9543155580759048E-003   1.8726086076293530E-005
        2500  0.25000000000000000        3.1767301261425018E-003   5.3975443758480033E-005
        2500  0.50000000000000000        1.1516492813825607E-003   9.0818127583612367E-004
        3000  -1.0000000000000000        2.9648877680301666E-003   0.0000000000000000     
        3000   0.0000000000000000        7.2420667856931686E-003   2.0000475771585316E-015
        3000  0.20000000000000001        5.1158163696527481E-003   1.7403339077872997E-005
        3000  0.25000000000000000        4.0218643844127655E-003   4.8631585417554828E-005
        3000  0.50000000000000000        1.3745613396167755E-003   8.2828347407149926E-004
        3000  -1.0000000000000000        2.9738377779722214E-003   0.0000000000000000     
        3000   0.0000000000000000        7.4252281337976456E-003   1.9963946874718357E-015
        3000  0.20000000000000001        5.1855519413948059E-003   1.7760889850901961E-005
        3000  0.25000000000000000        4.0670149028301239E-003   4.6231481821792735E-005
        3000  0.50000000000000000        1.3500228524208069E-003   8.1633710489132706E-004
        3000  -1.0000000000000000        2.9764473438262939E-003   0.0000000000000000     
        3000   0.0000000000000000        7.3726773262023926E-003   2.0481984186113736E-015
        3000  0.20000000000000001        5.2635781466960907E-003   1.9009542453247987E-005
        3000  0.25000000000000000        4.1314084082841873E-003   4.9528204085275959E-005
        3000  0.50000000000000000        1.4057308435440063E-003   8.0173347065112767E-004
        3000  -1.0000000000000000        2.9540285468101501E-003   0.0000000000000000     
        3000   0.0000000000000000        7.0421248674392700E-003   2.0571404217401479E-015
        3000  0.20000000000000001        5.0498675554990768E-003   1.7197663207294751E-005
        3000  0.25000000000000000        3.9746146649122238E-003   4.7070934244368270E-005
        3000  0.50000000000000000        1.3388507068157196E-003   7.9673538704661277E-004
        3000  -1.0000000000000000        3.1618215143680573E-003   0.0000000000000000     
        3000   0.0000000000000000        7.2132200002670288E-003   2.0218106753808111E-015
        3000  0.20000000000000001        5.2832718938589096E-003   2.2154655223188509E-005
        3000  0.25000000000000000        4.1782669723033905E-003   5.6452511098006685E-005
        3000  0.50000000000000000        1.4399867504835129E-003   8.9964649609475364E-004
        3000  -1.0000000000000000        2.9522720724344254E-003   0.0000000000000000     
        3000   0.0000000000000000        7.2435718029737473E-003   2.0511381568664603E-015
        3000  0.20000000000000001        5.3675938397645950E-003   1.6821041369471736E-005
        3000  0.25000000000000000        4.2196083813905716E-003   4.5283858322948571E-005
        3000  0.50000000000000000        1.4459080994129181E-003   8.3159693167781268E-004
        3000  -1.0000000000000000        2.9919948428869247E-003   0.0000000000000000     
        3000   0.0000000000000000        8.4170233458280563E-003   2.0423988388370179E-015
        3000  0.20000000000000001        5.3583681583404541E-003   1.6611311239723112E-005
        3000  0.25000000000000000        4.2179003357887268E-003   4.6539051461194683E-005
        3000  0.50000000000000000        1.4462489634752274E-003   8.2807788210656659E-004
        3000  -1.0000000000000000        2.9579810798168182E-003   0.0000000000000000     
        3000   0.0000000000000000        7.4010360985994339E-003   2.0067747948644145E-015
        3000  0.20000000000000001        5.3395014256238937E-003   2.1705951129447496E-005
        3000  0.25000000000000000        4.2150206863880157E-003   5.4118992604529067E-005
        3000  0.50000000000000000        1.4574062079191208E-003   8.4759155653608748E-004
        3000  -1.0000000000000000        2.9830168932676315E-003   0.0000000000000000     
        3000   0.0000000000000000        7.2907824069261551E-003   2.0394356914396505E-015
        3000  0.20000000000000001        5.2003134042024612E-003   1.7898492377653508E-005
        3000  0.25000000000000000        4.0997341275215149E-003   4.6515847573218774E-005
        3000  0.50000000000000000        1.3843663036823273E-003   8.1723935909023442E-004
        3000  -1.0000000000000000        2.9915533959865570E-003   0.0000000000000000     
        3000   0.0000000000000000        7.1943365037441254E-003   2.0176189373228617E-015
        3000  0.20000000000000001        5.1625706255435944E-003   1.8983130500662198E-005
        3000  0.25000000000000000        4.0408726781606674E-003   4.8122570743142361E-005
        3000  0.50000000000000000        1.3844165951013565E-003   8.3413361306218081E-004
        3000  -1.0000000000000000        2.9952973127365112E-003   0.0000000000000000     
        3000   0.0000000000000000        7.2313919663429260E-003   2.0206709812012115E-015
        3000  0.20000000000000001        5.3879432380199432E-003   2.0007894693370372E-005
        3000  0.25000000000000000        4.2619183659553528E-003   5.1221106444279067E-005
        3000  0.50000000000000000        1.4713034033775330E-003   8.3324151106323630E-004
        3000  -1.0000000000000000        2.9619559645652771E-003   0.0000000000000000     
        3000   0.0000000000000000        7.3384623974561691E-003   2.1107539179213617E-015
        3000  0.20000000000000001        5.6215394288301468E-003   1.7402212171995685E-005
        3000  0.25000000000000000        4.4418834149837494E-003   4.7498355379536120E-005
        3000  0.50000000000000000        1.5275087207555771E-003   8.5523141584881743E-004
        3000  -1.0000000000000000        2.9828343540430069E-003   0.0000000000000000     
        3000   0.0000000000000000        7.1701332926750183E-003   1.9860434341469992E-015
        3000  0.20000000000000001        5.2797365933656693E-003   1.7507861740382631E-005
        3000  0.25000000000000000        4.1547417640686035E-003   4.8639169466116161E-005
        3000  0.50000000000000000        1.4075748622417450E-003   8.4025228882692938E-004
        3000  -1.0000000000000000        2.9815323650836945E-003   0.0000000000000000     
        3000   0.0000000000000000        7.3522906750440598E-003   2.0502876216087967E-015
        3000  0.20000000000000001        5.2124876528978348E-003   1.7272367242446986E-005
        3000  0.25000000000000000        4.0656235069036484E-003   4.7568867432325942E-005
        3000  0.50000000000000000        1.3884734362363815E-003   8.7399015801543174E-004
        3000  -1.0000000000000000        2.9542203992605209E-003   0.0000000000000000     
        3000   0.0000000000000000        7.7832210808992386E-003   2.0028683476324581E-015
        3000  0.20000000000000001        5.3273160010576248E-003   1.8912591530867025E-005
        3000  0.25000000000000000        4.1663572192192078E-003   4.9799812083569256E-005
        3000  0.50000000000000000        1.4162864536046982E-003   8.4356060476550648E-004
        3000  -1.0000000000000000        2.9901713132858276E-003   0.0000000000000000     
        3000   0.0000000000000000        7.7963657677173615E-003   1.9902286181172389E-015
        3000  0.20000000000000001        5.2175391465425491E-003   1.7723723998031611E-005
        3000  0.25000000000000000        4.0816962718963623E-003   5.0680166718166666E-005
        3000  0.50000000000000000        1.3944227248430252E-003   8.8791369560389159E-004
        3000  -1.0000000000000000        2.9839295893907547E-003   0.0000000000000000     
        3000   0.0000000000000000        8.2290638238191605E-003   2.0141630012601444E-015
        3000  0.20000000000000001        5.5393334478139877E-003   1.9229323543758627E-005
        3000  0.25000000000000000        4.2797848582267761E-003   5.5119553501960362E-005
        3000  0.50000000000000000        1.4907922595739365E-003   8.6480600538944136E-004
        3000  -1.0000000000000000        2.9825884848833084E-003   0.0000000000000000     
        3000   0.0000000000000000        7.2893742471933365E-003   1.9848263465234622E-015
        3000  0.20000000000000001        5.2529890090227127E-003   1.9022611432361608E-005
        3000  0.25000000000000000        4.1445046663284302E-003   4.8300698993722517E-005
        3000  0.50000000000000000        1.4028698205947876E-003   8.5652532998921230E-004
        3000  -1.0000000000000000        2.9799714684486389E-003   0.0000000000000000     
        3000   0.0000000000000000        7.2628408670425415E-003   2.0247232502648282E-015
        3000  0.20000000000000001        5.2428133785724640E-003   1.7977831412429528E-005
        3000  0.25000000000000000        4.1335374116897583E-003   4.9599977325961375E-005
        3000  0.50000000000000000        1.4246739447116852E-003   8.4001615579834316E-004
        3000  -1.0000000000000000        2.9872674494981766E-003   0.0000000000000000     
        3000   0.0000000000000000        7.2634536772966385E-003   2.0105528713399727E-015
        3000  0.20000000000000001        5.4117701947689056E-003   1.7426786662089706E-005
        3000  0.25000000000000000        4.2251180857419968E-003   4.6528556760542684E-005
        3000  0.50000000000000000        1.4809146523475647E-003   8.5542767037069794E-004
        3500  -1.0000000000000000        3.9731264114379883E-003   0.0000000000000000     
        3500   0.0000000000000000        1.0200278833508492E-002   2.2542882160010812E-015
        3500  0.20000000000000001        6.6342316567897797E-003   1.9263186158807297E-005
        3500  0.25000000000000000        5.1626693457365036E-003   4.9368273120800321E-005
        3500  0.50000000000000000        1.6751252114772797E-003   8.0804515668758876E-004
        3500  -1.0000000000000000        3.9776824414730072E-003   0.0000000000000000     
        3500   0.0000000000000000        1.0064879432320595E-002   2.2066241867364296E-015
        3500  0.20000000000000001        7.0031918585300446E-003   1.7979745128978377E-005
        3500  0.25000000000000000        5.4294243454933167E-003   4.9191092334825614E-005
        3500  0.50000000000000000        1.8069148063659668E-003   8.0590318750672245E-004
        3500  -1.0000000000000000        3.9792060852050781E-003   0.0000000000000000     
        3500   0.0000000000000000        1.0218048468232155E-002   2.1906134087249887E-015
        3500  0.20000000000000001        6.8889632821083069E-003   1.8771189962251082E-005
        3500  0.25000000000000000        5.3229238837957382E-003   5.0845070539913780E-005
        3500  0.50000000000000000        1.7410814762115479E-003   7.9160332435674404E-004
        3500  -1.0000000000000000        3.9814375340938568E-003   0.0000000000000000     
        3500   0.0000000000000000        1.0402560234069824E-002   2.2381502692077800E-015
        3500  0.20000000000000001        6.7463163286447525E-003   1.8514601044497206E-005
        3500  0.25000000000000000        5.1480866968631744E-003   4.7389967759113104E-005
        3500  0.50000000000000000        1.6897730529308319E-003   8.4633108958411126E-004
        3500  -1.0000000000000000        4.0336903184652328E-003   0.0000000000000000     
        3500   0.0000000000000000        1.0242866352200508E-002   2.2402826724040371E-015
        3500  0.20000000000000001        7.1152504533529282E-003   1.8345514996669765E-005
        3500  0.25000000000000000        5.5254008620977402E-003   5.0097533662940768E-005
        3500  0.50000000000000000        1.8415395170450211E-003   8.7928598455062315E-004
        3500  -1.0000000000000000        3.9771553128957748E-003   0.0000000000000000     
        3500   0.0000000000000000        1.0289842262864113E-002   2.2565899657579974E-015
        3500  0.20000000000000001        6.9188252091407776E-003   1.8236477834985897E-005
        3500  0.25000000000000000        5.3193606436252594E-003   4.8191406439651642E-005
        3500  0.50000000000000000        1.7389282584190369E-003   8.4414782733223024E-004
        3500  -1.0000000000000000        3.9789583534002304E-003   0.0000000000000000     
        3500   0.0000000000000000        1.0311270132660866E-002   2.1780544775973726E-015
        3500  0.20000000000000001        6.8638287484645844E-003   1.7780647925680260E-005
        3500  0.25000000000000000        5.2817277610301971E-003   4.5422741702036242E-005
        3500  0.50000000000000000        1.7528999596834183E-003   7.7141041939781817E-004
        3500  -1.0000000000000000        3.9811320602893829E-003   0.0000000000000000     
        3500   0.0000000000000000        1.0237753391265869E-002   2.1558403625480545E-015
        3500  0.20000000000000001        6.7220628261566162E-003   1.8703911397651102E-005
        3500  0.25000000000000000        5.1917266100645065E-003   5.1092454098190458E-005
        3500  0.50000000000000000        1.7036739736795425E-003   8.4109208811604516E-004
        3500  -1.0000000000000000        3.9805937558412552E-003   0.0000000000000000     
        3500   0.0000000000000000        1.0310780256986618E-002   2.2116714267079608E-015
        3500  0.20000000000000001        6.6505223512649536E-003   1.7822807199861734E-005
        3500  0.25000000000000000        5.1275324076414108E-003   4.5364004431638150E-005
        3500  0.50000000000000000        1.6647968441247940E-003   8.1468656647981533E-004
        3500  -1.0000000000000000        3.9808582514524460E-003   0.0000000000000000     
        3500   0.0000000000000000        1.0292638093233109E-002   2.2260972557297485E-015
        3500  0.20000000000000001        6.7523028701543808E-003   1.7293161306906904E-005
        3500  0.25000000000000000        5.2121188491582870E-003   4.6174050139325304E-005
        3500  0.50000000000000000        1.6850773245096207E-003   8.1343302606637325E-004
        3500  -1.0000000000000000        3.9800666272640228E-003   0.0000000000000000     
        3500   0.0000000000000000        1.0311763733625412E-002   2.2061273284480443E-015
        3500  0.20000000000000001        7.0240199565887451E-003   1.7646870872770074E-005
        3500  0.25000000000000000        5.4354593157768250E-003   4.8191630438040598E-005
        3500  0.50000000000000000        1.7974525690078735E-003   8.0244342481420965E-004
        3500  -1.0000000000000000        4.0028691291809082E-003   0.0000000000000000     
        3500   0.0000000000000000        1.0211458429694176E-002   2.1721055624720153E-015
        3500  0.20000000000000001        7.0621017366647720E-003   1.9344687588545667E-005
        3500  0.25000000000000000        5.5029094219207764E-003   5.0671724166528802E-005
        3500  0.50000000000000000        1.8734615296125412E-003   8.4556328602804329E-004
        3500  -1.0000000000000000        4.0216892957687378E-003   0.0000000000000000     
        3500   0.0000000000000000        1.0374728590250015E-002   2.2708020174958886E-015
        3500  0.20000000000000001        7.0543773472309113E-003   2.1287149855990035E-005
        3500  0.25000000000000000        5.4355915635824203E-003   5.4244663804987660E-005
        3500  0.50000000000000000        1.7888881266117096E-003   8.6431425740189584E-004
        3500  -1.0000000000000000        3.9797835052013397E-003   0.0000000000000000     
        3500   0.0000000000000000        1.0075697675347328E-002   2.2297626735326699E-015
        3500  0.20000000000000001        6.7757833749055862E-003   1.8954162849892783E-005
        3500  0.25000000000000000        5.2468366920948029E-003   4.8197923611523545E-005
        3500  0.50000000000000000        1.7048567533493042E-003   8.7917571193420305E-004
        3500  -1.0000000000000000        3.9786808192729950E-003   0.0000000000000000     
        3500   0.0000000000000000        1.0117245838046074E-002   2.2402503017615694E-015
        3500  0.20000000000000001        6.7041609436273575E-003   1.7609445447220302E-005
        3500  0.25000000000000000        5.1710996776819229E-003   4.5132165130814886E-005
        3500  0.50000000000000000        1.6747266054153442E-003   7.9937828506916153E-004
        3500  -1.0000000000000000        4.0053017437458038E-003   0.0000000000000000     
        3500   0.0000000000000000        1.0493494570255280E-002   2.2150028122492142E-015
        3500  0.20000000000000001        6.7136548459529877E-003   1.9496565233093126E-005
        3500  0.25000000000000000        5.1785875111818314E-003   5.0475668291391986E-005
        3500  0.50000000000000000        1.7072651535272598E-003   8.6367341227693581E-004
        3500  -1.0000000000000000        3.9829649031162262E-003   0.0000000000000000     
        3500   0.0000000000000000        1.0195715352892876E-002   2.2210566311904835E-015
        3500  0.20000000000000001        6.8427603691816330E-003   1.8610840711584621E-005
        3500  0.25000000000000000        5.3052976727485657E-003   4.8722500794266488E-005
        3500  0.50000000000000000        1.7362330108880997E-003   8.2078084226203780E-004
        3500  -1.0000000000000000        3.9807390421628952E-003   0.0000000000000000     
        3500   0.0000000000000000        1.0212788358330727E-002   2.1748380590336746E-015
        3500  0.20000000000000001        6.8302359431982040E-003   1.8629965948928358E-005
        3500  0.25000000000000000        5.2982252091169357E-003   4.9357912407702772E-005
        3500  0.50000000000000000        1.7335992306470871E-003   8.0036683433934951E-004
        3500  -1.0000000000000000        4.0000285953283310E-003   0.0000000000000000     
        3500   0.0000000000000000        1.0290913283824921E-002   2.1957284979963826E-015
        3500  0.20000000000000001        6.8541970103979111E-003   1.8443849490955148E-005
        3500  0.25000000000000000        5.3065344691276550E-003   4.7802371620230493E-005
        3500  0.50000000000000000        1.7643924802541733E-003   8.1246948783361044E-004
        3500  -1.0000000000000000        3.9781425148248672E-003   0.0000000000000000     
        3500   0.0000000000000000        1.0239701718091965E-002   2.1980479571345719E-015
        3500  0.20000000000000001        7.0280544459819794E-003   1.9227045676739915E-005
        3500  0.25000000000000000        5.4223537445068359E-003   4.6208200687298128E-005
        3500  0.50000000000000000        1.8041040748357773E-003   8.3941369408204554E-004
        4000  -1.0000000000000000        5.1902625709772110E-003   0.0000000000000000     
        4000   0.0000000000000000        1.3862261548638344E-002   2.3601511873894606E-015
        4000  0.20000000000000001        8.3902478218078613E-003   1.7223103035566459E-005
        4000  0.25000000000000000        6.3950624316930771E-003   4.8460553081520754E-005
        4000  0.50000000000000000        2.0359791815280914E-003   8.4747311112239119E-004
        4000  -1.0000000000000000        5.1634144037961960E-003   0.0000000000000000     
        4000   0.0000000000000000        1.3933770358562469E-002   2.3931888999427093E-015
        4000  0.20000000000000001        8.5120107978582382E-003   1.9485670979243023E-005
        4000  0.25000000000000000        6.5015964210033417E-003   5.0354424282552735E-005
        4000  0.50000000000000000        2.0648743957281113E-003   8.1304974757587885E-004
        4000  -1.0000000000000000        5.1597170531749725E-003   0.0000000000000000     
        4000   0.0000000000000000        1.3733472675085068E-002   2.3968766803048445E-015
        4000  0.20000000000000001        8.7080523371696472E-003   1.9627795212200003E-005
        4000  0.25000000000000000        6.6658649593591690E-003   4.9782447802780559E-005
        4000  0.50000000000000000        2.1540820598602295E-003   8.5245441413289648E-004
        4000  -1.0000000000000000        5.2136313170194626E-003   0.0000000000000000     
        4000   0.0000000000000000        1.4932440593838692E-002   2.3935267593735761E-015
        4000  0.20000000000000001        8.2650166004896164E-003   1.6918807313883025E-005
        4000  0.25000000000000000        6.2647648155689240E-003   4.6924608278026080E-005
        4000  0.50000000000000000        2.0061507821083069E-003   7.9448726903243356E-004
        4000  -1.0000000000000000        5.2117276936769485E-003   0.0000000000000000     
        4000   0.0000000000000000        1.5524253249168396E-002   2.3710508487652205E-015
        4000  0.20000000000000001        8.9750029146671295E-003   1.7515937796603171E-005
        4000  0.25000000000000000        6.7273937165737152E-003   4.8434585167962409E-005
        4000  0.50000000000000000        2.1396465599536896E-003   8.1297312008340181E-004
        4000  -1.0000000000000000        5.1771868020296097E-003   0.0000000000000000     
        4000   0.0000000000000000        1.3821860775351524E-002   2.3963089617574857E-015
        4000  0.20000000000000001        8.5846241563558578E-003   1.7976842303318923E-005
        4000  0.25000000000000000        6.5331030637025833E-003   4.7336689224323930E-005
        4000  0.50000000000000000        2.0860228687524796E-003   8.1064939060052836E-004
        4000  -1.0000000000000000        5.2067078649997711E-003   0.0000000000000000     
        4000   0.0000000000000000        1.3824477791786194E-002   2.3908166578334601E-015
        4000  0.20000000000000001        8.5347481071949005E-003   2.0611287744070446E-005
        4000  0.25000000000000000        6.5652038902044296E-003   5.3663674245230514E-005
        4000  0.50000000000000000        2.1043568849563599E-003   8.3808643954649418E-004
        4000  -1.0000000000000000        5.1613859832286835E-003   0.0000000000000000     
        4000   0.0000000000000000        1.3721598312258720E-002   2.3711311940172482E-015
        4000  0.20000000000000001        8.8216774165630341E-003   1.8862647410538357E-005
        4000  0.25000000000000000        6.7634265869855881E-003   4.6546980507963360E-005
        4000  0.50000000000000000        2.2051297128200531E-003   7.9910792137075852E-004
        4000  -1.0000000000000000        5.2261259406805038E-003   0.0000000000000000     
        4000   0.0000000000000000        1.3853048905730247E-002   2.3938034787740862E-015
        4000  0.20000000000000001        8.6430497467517853E-003   1.8403989592597093E-005
        4000  0.25000000000000000        6.6310092806816101E-003   4.9537767631495536E-005
        4000  0.50000000000000000        2.1135620772838593E-003   8.5418703021266599E-004
        4000  -1.0000000000000000        5.2105784416198730E-003   0.0000000000000000     
        4000   0.0000000000000000        1.3823604211211205E-002   2.4285172309550143E-015
        4000  0.20000000000000001        8.6316261440515518E-003   1.7598173688291925E-005
        4000  0.25000000000000000        6.5791793167591095E-003   4.6585127424742614E-005
        4000  0.50000000000000000        2.1132659167051315E-003   7.9260101490161844E-004
        4000  -1.0000000000000000        5.1642451435327530E-003   0.0000000000000000     
        4000   0.0000000000000000        1.3555951416492462E-002   2.3322331009844237E-015
        4000  0.20000000000000001        8.4333308041095734E-003   1.8277571376385771E-005
        4000  0.25000000000000000        6.4186882227659225E-003   4.7015792881133880E-005
        4000  0.50000000000000000        2.0425245165824890E-003   8.1505658136503715E-004
        4000  -1.0000000000000000        5.1706004887819290E-003   0.0000000000000000     
        4000   0.0000000000000000        1.3833967968821526E-002   2.3865726096330132E-015
        4000  0.20000000000000001        8.3544254302978516E-003   1.7105562189347802E-005
        4000  0.25000000000000000        6.4060036092996597E-003   4.5846208834081417E-005
        4000  0.50000000000000000        2.0494498312473297E-003   8.4808403973206121E-004
        4000  -1.0000000000000000        5.1892437040805817E-003   0.0000000000000000     
        4000   0.0000000000000000        1.3834159821271896E-002   2.3776055976315733E-015
        4000  0.20000000000000001        8.3976555615663528E-003   1.8708862815576084E-005
        4000  0.25000000000000000        6.3905026763677597E-003   4.8494197204641025E-005
        4000  0.50000000000000000        2.0168945193290710E-003   8.1081242580353897E-004
        4000  -1.0000000000000000        5.1553063094615936E-003   0.0000000000000000     
        4000   0.0000000000000000        1.3677341863512993E-002   2.3755963488598053E-015
        4000  0.20000000000000001        8.5009876638650894E-003   1.8087615512654993E-005
        4000  0.25000000000000000        6.4380764961242676E-003   4.6764967735000982E-005
        4000  0.50000000000000000        2.0383633673191071E-003   8.1220355368679450E-004
        4000  -1.0000000000000000        5.1576271653175354E-003   0.0000000000000000     
        4000   0.0000000000000000        1.3712517917156219E-002   2.3936401060976049E-015
        4000  0.20000000000000001        8.6362455040216446E-003   1.8054693463673261E-005
        4000  0.25000000000000000        6.6428519785404205E-003   4.6728836641577073E-005
        4000  0.50000000000000000        2.1425224840641022E-003   7.7300334444197849E-004
        4000  -1.0000000000000000        5.1629729568958282E-003   0.0000000000000000     
        4000   0.0000000000000000        1.5366498380899429E-002   2.3658969149253444E-015
        4000  0.20000000000000001        8.3825755864381790E-003   1.8294145387149305E-005
        4000  0.25000000000000000        6.3904728740453720E-003   4.6015629177098638E-005
        4000  0.50000000000000000        2.0271483808755875E-003   7.8100974998811538E-004
        4000  -1.0000000000000000        5.1553770899772644E-003   0.0000000000000000     
        4000   0.0000000000000000        1.3898272067308426E-002   2.3792162574402745E-015
        4000  0.20000000000000001        8.4554143249988556E-003   1.9211803137797610E-005
        4000  0.25000000000000000        6.4262524247169495E-003   5.1507068763712647E-005
        4000  0.50000000000000000        2.0339153707027435E-003   8.1412603746390782E-004
        4000  -1.0000000000000000        5.1598418503999710E-003   0.0000000000000000     
        4000   0.0000000000000000        1.3955498114228249E-002   2.3289731067725838E-015
        4000  0.20000000000000001        8.7648630142211914E-003   1.9634449722765371E-005
        4000  0.25000000000000000        6.6537912935018539E-003   5.0636633193753629E-005
        4000  0.50000000000000000        2.1661687642335892E-003   7.9403529860172127E-004
        4000  -1.0000000000000000        5.2163433283567429E-003   0.0000000000000000     
        4000   0.0000000000000000        1.3500688597559929E-002   2.4178393465386396E-015
        4000  0.20000000000000001        8.3174370229244232E-003   1.7404017357851909E-005
        4000  0.25000000000000000        6.3652414828538895E-003   4.5670171371319961E-005
        4000  0.50000000000000000        2.0346026867628098E-003   8.0317568967038433E-004
        4000  -1.0000000000000000        5.1642283797264099E-003   0.0000000000000000     
        4000   0.0000000000000000        1.3871364295482635E-002   2.3594750656746535E-015
        4000  0.20000000000000001        8.5081197321414948E-003   1.9531974750314359E-005
        4000  0.25000000000000000        6.5028574317693710E-003   4.9970602431022145E-005
        4000  0.50000000000000000        2.0692273974418640E-003   7.9469326297421073E-004
        4500  -1.0000000000000000        6.5441299229860306E-003   0.0000000000000000     
        4500   0.0000000000000000        1.7831003293395042E-002   2.5132989631819109E-015
        4500  0.20000000000000001        1.0269062593579292E-002   1.9572484089899492E-005
        4500  0.25000000000000000        7.7259540557861328E-003   5.0942659302695752E-005
        4500  0.50000000000000000        2.4153068661689758E-003   8.2981128980163924E-004
        4500  -1.0000000000000000        6.5493304282426834E-003   0.0000000000000000     
        4500   0.0000000000000000        1.7915965989232063E-002   2.5251347209982057E-015
        4500  0.20000000000000001        1.0270673781633377E-002   1.7709429769204968E-005
        4500  0.25000000000000000        7.7837947756052017E-003   4.8420932319666775E-005
        4500  0.50000000000000000        2.4295989423990250E-003   7.7757303486753534E-004
        4500  -1.0000000000000000        6.5961703658103943E-003   0.0000000000000000     
        4500   0.0000000000000000        1.8558319658041000E-002   2.5331769475150464E-015
        4500  0.20000000000000001        1.0068064555525780E-002   1.8810142682720281E-005
        4500  0.25000000000000000        7.5826346874237061E-003   4.9872565791168792E-005
        4500  0.50000000000000000        2.3489985615015030E-003   7.9308220783108152E-004
        4500  -1.0000000000000000        6.5431259572505951E-003   0.0000000000000000     
        4500   0.0000000000000000        1.8705112859606743E-002   2.5495172429424494E-015
        4500  0.20000000000000001        1.0414233431220055E-002   1.9098424679589555E-005
        4500  0.25000000000000000        7.8514628112316132E-003   4.9061224338017716E-005
        4500  0.50000000000000000        2.4071708321571350E-003   7.9885606997011458E-004
        4500  -1.0000000000000000        6.5610054880380630E-003   0.0000000000000000     
        4500   0.0000000000000000        1.7895156517624855E-002   2.4926123259648866E-015
        4500  0.20000000000000001        1.0517796501517296E-002   1.8426893864410671E-005
        4500  0.25000000000000000        7.9597979784011841E-003   4.6160546166655954E-005
        4500  0.50000000000000000        2.5221146643161774E-003   7.8960714623766217E-004
        4500  -1.0000000000000000        6.5531954169273376E-003   0.0000000000000000     
        4500   0.0000000000000000        1.8009256571531296E-002   2.4579971184434242E-015
        4500  0.20000000000000001        1.0309612378478050E-002   1.9213408715303735E-005
        4500  0.25000000000000000        7.7390894293785095E-003   4.7832173663475871E-005
        4500  0.50000000000000000        2.4225078523159027E-003   7.9725859923980319E-004
        4500  -1.0000000000000000        6.5486356616020203E-003   0.0000000000000000     
        4500   0.0000000000000000        1.7881326377391815E-002   2.5564999150375494E-015
        4500  0.20000000000000001        1.0653123259544373E-002   1.7554607805408192E-005
        4500  0.25000000000000000        8.0498605966567993E-003   4.6607039063661264E-005
        4500  0.50000000000000000        2.4917647242546082E-003   8.0699461222067618E-004
        4500  -1.0000000000000000        6.5274573862552643E-003   0.0000000000000000     
        4500   0.0000000000000000        1.7809135839343071E-002   2.5156799412650886E-015
        4500  0.20000000000000001        1.0023804381489754E-002   2.0214480040111092E-005
        4500  0.25000000000000000        7.5303558260202408E-003   5.3971592763006976E-005
        4500  0.50000000000000000        2.3633334785699844E-003   8.2333891779371577E-004
        4500  -1.0000000000000000        6.5552908927202225E-003   0.0000000000000000     
        4500   0.0000000000000000        1.8087705597281456E-002   2.5214554520866678E-015
        4500  0.20000000000000001        1.0089216753840446E-002   1.7903142881236625E-005
        4500  0.25000000000000000        7.5945015996694565E-003   4.6089291319944261E-005
        4500  0.50000000000000000        2.3445095866918564E-003   8.0109939856154043E-004
        4500  -1.0000000000000000        6.5487306565046310E-003   0.0000000000000000     
        4500   0.0000000000000000        1.8096383661031723E-002   2.5242803667006500E-015
        4500  0.20000000000000001        1.0906320065259933E-002   1.8668422254429821E-005
        4500  0.25000000000000000        8.2789678126573563E-003   4.8148189442271400E-005
        4500  0.50000000000000000        2.6234909892082214E-003   7.9289118289943875E-004
        4500  -1.0000000000000000        6.5514910966157913E-003   0.0000000000000000     
        4500   0.0000000000000000        1.7990987747907639E-002   2.5180339363986891E-015
        4500  0.20000000000000001        1.0402008891105652E-002   1.8464451288624124E-005
        4500  0.25000000000000000        7.8313145786523819E-003   4.5788951462377868E-005
        4500  0.50000000000000000        2.4366341531276703E-003   7.8395328154934254E-004
        4500  -1.0000000000000000        6.5450444817543030E-003   0.0000000000000000     
        4500   0.0000000000000000        1.7892735078930855E-002   2.5309979078882425E-015
        4500  0.20000000000000001        1.0337691754102707E-002   1.8528932793898915E-005
        4500  0.25000000000000000        7.7833048999309540E-003   4.9725680750469466E-005
        4500  0.50000000000000000        2.4209525436162949E-003   8.0437524184909356E-004
        4500  -1.0000000000000000        6.5721068531274796E-003   0.0000000000000000     
        4500   0.0000000000000000        1.7864584922790527E-002   2.4935619436865832E-015
        4500  0.20000000000000001        1.0428985580801964E-002   1.7919661037269579E-005
        4500  0.25000000000000000        7.8700371086597443E-003   4.7558865495679995E-005
        4500  0.50000000000000000        2.4226754903793335E-003   7.8507671345802563E-004
        4500  -1.0000000000000000        6.5502952784299850E-003   0.0000000000000000     
        4500   0.0000000000000000        1.8006525933742523E-002   2.5365680377936453E-015
        4500  0.20000000000000001        1.0357836261391640E-002   1.9762381208999654E-005
        4500  0.25000000000000000        7.8299120068550110E-003   5.0726638562256331E-005
        4500  0.50000000000000000        2.4078581482172012E-003   8.0802307699722690E-004
        4500  -1.0000000000000000        6.5483227372169495E-003   0.0000000000000000     
        4500   0.0000000000000000        1.8034258857369423E-002   2.5061456516730804E-015
        4500  0.20000000000000001        1.0361388325691223E-002   2.0128609042604772E-005
        4500  0.25000000000000000        7.8506208956241608E-003   5.1147502160034377E-005
        4500  0.50000000000000000        2.4566221982240677E-003   8.1714768661385264E-004
        4500  -1.0000000000000000        6.5623838454484940E-003   0.0000000000000000     
        4500   0.0000000000000000        1.9450584426522255E-002   2.4901473688776380E-015
        4500  0.20000000000000001        1.0407334193587303E-002   1.8639533007433019E-005
        4500  0.25000000000000000        7.8641120344400406E-003   4.6880363314544097E-005
        4500  0.50000000000000000        2.4538300931453705E-003   7.9429302007504379E-004
        4500  -1.0000000000000000        6.5456610172986984E-003   0.0000000000000000     
        4500   0.0000000000000000        1.7941281199455261E-002   2.5010985504364904E-015
        4500  0.20000000000000001        1.0340446606278419E-002   1.7627189045459546E-005
        4500  0.25000000000000000        7.8763961791992188E-003   4.8538986115417501E-005
        4500  0.50000000000000000        2.4598948657512665E-003   8.3464335358820877E-004
        4500  -1.0000000000000000        6.5448116511106491E-003   0.0000000000000000     
        4500   0.0000000000000000        1.8045889213681221E-002   2.5100115645406578E-015
        4500  0.20000000000000001        1.0241296142339706E-002   2.0735677676834439E-005
        4500  0.25000000000000000        7.7352449297904968E-003   5.0202094043421587E-005
        4500  0.50000000000000000        2.3755189031362534E-003   7.9266063951166741E-004
        4500  -1.0000000000000000        6.5692048519849777E-003   0.0000000000000000     
        4500   0.0000000000000000        1.8076010048389435E-002   2.5085516497432733E-015
        4500  0.20000000000000001        1.0450348258018494E-002   1.8497602334934601E-005
        4500  0.25000000000000000        7.8727975487709045E-003   4.9379537837368266E-005
        4500  0.50000000000000000        2.4541728198528290E-003   7.7977705051682005E-004
        4500  -1.0000000000000000        6.5638516098260880E-003   0.0000000000000000     
        4500   0.0000000000000000        1.7948318272829056E-002   2.5492450752144651E-015
        4500  0.20000000000000001        1.0158265009522438E-002   1.9100136745899309E-005
        4500  0.25000000000000000        7.6562035828828812E-003   5.0676440707396602E-005
        4500  0.50000000000000000        2.4208519607782364E-003   7.8328780097361840E-004
        5000  -1.0000000000000000        7.9927369952201843E-003   0.0000000000000000     
        5000   0.0000000000000000        2.3217942565679550E-002   2.6392829201848436E-015
        5000  0.20000000000000001        1.2382198125123978E-002   1.7587375323738248E-005
        5000  0.25000000000000000        9.2494413256645203E-003   4.7803601596920991E-005
        5000  0.50000000000000000        2.7971044182777405E-003   7.7452048233961053E-004
        5000  -1.0000000000000000        7.9818479716777802E-003   0.0000000000000000     
        5000   0.0000000000000000        2.2964833304286003E-002   2.6429746206663678E-015
        5000  0.20000000000000001        1.2936444953083992E-002   1.8216555069766585E-005
        5000  0.25000000000000000        9.6529405564069748E-003   4.7327047384596365E-005
        5000  0.50000000000000000        2.9480643570423126E-003   8.0168052033911265E-004
        5000  -1.0000000000000000        7.9889670014381409E-003   0.0000000000000000     
        5000   0.0000000000000000        2.3071417585015297E-002   2.6409821120473124E-015
        5000  0.20000000000000001        1.2978203594684601E-002   1.9405229463853749E-005
        5000  0.25000000000000000        9.7313299775123596E-003   4.9857473347911513E-005
        5000  0.50000000000000000        2.9606632888317108E-003   8.1529093755844633E-004
        5000  -1.0000000000000000        7.9899728298187256E-003   0.0000000000000000     
        5000   0.0000000000000000        2.3083871230483055E-002   2.5960248434090287E-015
        5000  0.20000000000000001        1.2416595593094826E-002   2.0132590217867374E-005
        5000  0.25000000000000000        9.2471223324537277E-003   5.0164606987968686E-005
        5000  0.50000000000000000        2.8107408434152603E-003   8.0157452764070727E-004
        5000  -1.0000000000000000        7.9849697649478912E-003   0.0000000000000000     
        5000   0.0000000000000000        2.3067262023687363E-002   2.6392782248016734E-015
        5000  0.20000000000000001        1.2675946578383446E-002   1.7803370269385389E-005
        5000  0.25000000000000000        9.4387512654066086E-003   4.6713532447248961E-005
        5000  0.50000000000000000        2.8662588447332382E-003   7.9285159094775169E-004
        5000  -1.0000000000000000        7.9749170690774918E-003   0.0000000000000000     
        5000   0.0000000000000000        2.2769669070839882E-002   2.5957181434273559E-015
        5000  0.20000000000000001        1.2906085699796677E-002   1.9015669137098710E-005
        5000  0.25000000000000000        9.6241626888513565E-003   4.6049594067492809E-005
        5000  0.50000000000000000        2.9577109962701797E-003   7.8635662388582006E-004
        5000  -1.0000000000000000        7.9843942075967789E-003   0.0000000000000000     
        5000   0.0000000000000000        2.3186316713690758E-002   2.6077093614320611E-015
        5000  0.20000000000000001        1.2254061177372932E-002   1.9453708845748600E-005
        5000  0.25000000000000000        9.1327410191297531E-003   4.9526878709995642E-005
        5000  0.50000000000000000        2.7807150036096573E-003   8.2805332945009138E-004
        5000  -1.0000000000000000        7.9824868589639664E-003   0.0000000000000000     
        5000   0.0000000000000000        2.3132348433136940E-002   2.6055821870388501E-015
        5000  0.20000000000000001        1.2617615982890129E-002   2.0133742692506367E-005
        5000  0.25000000000000000        9.4648264348506927E-003   5.2988696935328474E-005
        5000  0.50000000000000000        2.8821080923080444E-003   8.4820842186940750E-004
        5000  -1.0000000000000000        7.9768747091293335E-003   0.0000000000000000     
        5000   0.0000000000000000        2.2924147546291351E-002   2.6207833993588467E-015
        5000  0.20000000000000001        1.2456530705094337E-002   1.9043424404270273E-005
        5000  0.25000000000000000        9.3106031417846680E-003   4.9271211873978048E-005
        5000  0.50000000000000000        2.8852242976427078E-003   8.0278837085916263E-004
        5000  -1.0000000000000000        7.9865008592605591E-003   0.0000000000000000     
        5000   0.0000000000000000        2.3132354021072388E-002   2.5915924610433055E-015
        5000  0.20000000000000001        1.2464836239814758E-002   1.9058079225383638E-005
        5000  0.25000000000000000        9.3211513012647629E-003   4.9895805767262526E-005
        5000  0.50000000000000000        2.7864649891853333E-003   8.0100046809289361E-004
        5000  -1.0000000000000000        7.9848002642393112E-003   0.0000000000000000     
        5000   0.0000000000000000        2.3258790373802185E-002   2.6196457416352064E-015
        5000  0.20000000000000001        1.2778334319591522E-002   1.9138441685523122E-005
        5000  0.25000000000000000        9.6016880124807358E-003   4.9066235522518847E-005
        5000  0.50000000000000000        2.9414240270853043E-003   7.7699447730487751E-004
        5000  -1.0000000000000000        7.9933274537324905E-003   0.0000000000000000     
        5000   0.0000000000000000        2.3234620690345764E-002   2.6256403435953643E-015
        5000  0.20000000000000001        1.2460522353649139E-002   1.7693930863136330E-005
        5000  0.25000000000000000        9.2807523906230927E-003   4.8891463307234168E-005
        5000  0.50000000000000000        2.8188787400722504E-003   7.9301587856492816E-004
        5000  -1.0000000000000000        7.9954229295253754E-003   0.0000000000000000     
        5000   0.0000000000000000        2.2978072986006737E-002   2.5904237624709834E-015
        5000  0.20000000000000001        1.2508884072303772E-002   1.9840735344824074E-005
        5000  0.25000000000000000        9.3815028667449951E-003   5.0735419145990432E-005
        5000  0.50000000000000000        2.8637144714593887E-003   7.9140198598543572E-004
        5000  -1.0000000000000000        7.9792663455009460E-003   0.0000000000000000     
        5000   0.0000000000000000        2.2578625008463860E-002   2.6303386770478091E-015
        5000  0.20000000000000001        1.2532146647572517E-002   1.9059700636275703E-005
        5000  0.25000000000000000        9.3558058142662048E-003   4.8428520756237853E-005
        5000  0.50000000000000000        2.8744246810674667E-003   8.0656355623865274E-004
        5000  -1.0000000000000000        7.9783983528614044E-003   0.0000000000000000     
        5000   0.0000000000000000        2.2954322397708893E-002   2.6190295785337694E-015
        5000  0.20000000000000001        1.2783311307430267E-002   1.8768687020216579E-005
        5000  0.25000000000000000        9.5338225364685059E-003   4.8239844770133481E-005
        5000  0.50000000000000000        2.8778873383998871E-003   7.7377467347758660E-004
        5000  -1.0000000000000000        7.9747736454010010E-003   0.0000000000000000     
        5000   0.0000000000000000        2.2963350638747215E-002   2.6229452217647448E-015
        5000  0.20000000000000001        1.2674801051616669E-002   1.9170659518091887E-005
        5000  0.25000000000000000        9.4518437981605530E-003   4.8466759176236524E-005
        5000  0.50000000000000000        2.8936807066202164E-003   8.4476856823078846E-004
        5000  -1.0000000000000000        7.9879816621541977E-003   0.0000000000000000     
        5000   0.0000000000000000        2.3379042744636536E-002   2.5921761727970860E-015
        5000  0.20000000000000001        1.2598216533660889E-002   1.7650759659637731E-005
        5000  0.25000000000000000        9.4463601708412170E-003   4.6024330039803238E-005
        5000  0.50000000000000000        2.8480291366577148E-003   7.8860916237723255E-004
        5000  -1.0000000000000000        7.9748630523681641E-003   0.0000000000000000     
        5000   0.0000000000000000        2.3147366940975189E-002   2.6061083697200577E-015
        5000  0.20000000000000001        1.2380480766296387E-002   1.8871628700396820E-005
        5000  0.25000000000000000        9.2979669570922852E-003   4.7169869566446425E-005
        5000  0.50000000000000000        2.8178617358207703E-003   7.9755346988927322E-004
        5000  -1.0000000000000000        7.9880319535732269E-003   0.0000000000000000     
        5000   0.0000000000000000        2.3276416584849358E-002   2.5844037390715423E-015
        5000  0.20000000000000001        1.2690609320998192E-002   2.0419874326780174E-005
        5000  0.25000000000000000        9.4926040619611740E-003   5.0313535442014190E-005
        5000  0.50000000000000000        2.8694905340671539E-003   7.8443816694250565E-004
        5000  -1.0000000000000000        7.9906024038791656E-003   0.0000000000000000     
        5000   0.0000000000000000        2.2986490279436111E-002   2.6489826617450244E-015
        5000  0.20000000000000001        1.2589955702424049E-002   1.8111663559128983E-005
        5000  0.25000000000000000        9.4376374036073685E-003   4.6262693742529337E-005
        5000  0.50000000000000000        2.9147155582904816E-003   7.9764452848441771E-004
        5500  -1.0000000000000000        9.6702948212623596E-003   0.0000000000000000     
        5500   0.0000000000000000        2.7549240738153458E-002   2.7128900685690779E-015
        5500  0.20000000000000001        1.3790614902973175E-002   1.8937530331110548E-005
        5500  0.25000000000000000        1.0137943550944328E-002   4.9738411404162755E-005
        5500  0.50000000000000000        3.0339490622282028E-003   7.7591352795409519E-004
        5500  -1.0000000000000000        9.6530783921480179E-003   0.0000000000000000     
        5500   0.0000000000000000        2.7807444334030151E-002   2.6798178889960765E-015
        5500  0.20000000000000001        1.4106005430221558E-002   1.7529075698496124E-005
        5500  0.25000000000000000        1.0419692844152451E-002   4.6261439663056928E-005
        5500  0.50000000000000000        3.1014587730169296E-003   7.7688044406016253E-004
        5500  -1.0000000000000000        9.6539780497550964E-003   0.0000000000000000     
        5500   0.0000000000000000        2.7315797284245491E-002   2.7335183892356038E-015
        5500  0.20000000000000001        1.4438552781939507E-002   1.8854846382095770E-005
        5500  0.25000000000000000        1.0741416364908218E-002   4.6332919927453701E-005
        5500  0.50000000000000000        3.1282454729080200E-003   7.7885670366410092E-004
        5500  -1.0000000000000000        9.8165310919284821E-003   0.0000000000000000     
        5500   0.0000000000000000        2.7731541544198990E-002   2.6903605369840563E-015
        5500  0.20000000000000001        1.4182677492499352E-002   1.9024234398948432E-005
        5500  0.25000000000000000        1.0477472096681595E-002   4.6891293528096118E-005
        5500  0.50000000000000000        3.1011477112770081E-003   7.5902841856261190E-004
        5500  -1.0000000000000000        9.7045637667179108E-003   0.0000000000000000     
        5500   0.0000000000000000        2.7537818998098373E-002   2.7191930291209082E-015
        5500  0.20000000000000001        1.4147652313113213E-002   1.8652091530488155E-005
        5500  0.25000000000000000        1.0484715923666954E-002   4.8290648947997560E-005
        5500  0.50000000000000000        3.1553134322166443E-003   7.9938094959039160E-004
        5500  -1.0000000000000000        9.6717644482851028E-003   0.0000000000000000     
        5500   0.0000000000000000        2.7207853272557259E-002   2.7447920011057935E-015
        5500  0.20000000000000001        1.4361793175339699E-002   1.8621960342358997E-005
        5500  0.25000000000000000        1.0646879673004150E-002   4.7444789574992236E-005
        5500  0.50000000000000000        3.1779725104570389E-003   7.4649088206300211E-004
        5500  -1.0000000000000000        9.6995048224925995E-003   0.0000000000000000     
        5500   0.0000000000000000        2.7767315506935120E-002   2.7328935334875788E-015
        5500  0.20000000000000001        1.4082167297601700E-002   1.9997640618855935E-005
        5500  0.25000000000000000        1.0413439944386482E-002   4.9546387498805988E-005
        5500  0.50000000000000000        3.0881725251674652E-003   7.5586661753630454E-004
        5500  -1.0000000000000000        9.6732638776302338E-003   0.0000000000000000     
        5500   0.0000000000000000        2.7476992458105087E-002   2.7236156875561384E-015
        5500  0.20000000000000001        1.3873875141143799E-002   1.8173763186428439E-005
        5500  0.25000000000000000        1.0217702016234398E-002   4.5666952459470946E-005
        5500  0.50000000000000000        3.0581355094909668E-003   7.7359890744175077E-004
        5500  -1.0000000000000000        9.6973013132810593E-003   0.0000000000000000     
        5500   0.0000000000000000        2.7475412935018539E-002   2.7004764968928306E-015
        5500  0.20000000000000001        1.4930395409464836E-002   1.7263390171728870E-005
        5500  0.25000000000000000        1.1044595390558243E-002   4.6633101793027850E-005
        5500  0.50000000000000000        3.3153463155031204E-003   7.7266981307602374E-004
        5500  -1.0000000000000000        9.6732098609209061E-003   0.0000000000000000     
        5500   0.0000000000000000        2.7470182627439499E-002   2.7155230244016134E-015
        5500  0.20000000000000001        1.3914344832301140E-002   1.6508395339089795E-005
        5500  0.25000000000000000        1.0374505072832108E-002   4.5306795962496092E-005
        5500  0.50000000000000000        3.1122397631406784E-003   7.6386577102734990E-004
        5500  -1.0000000000000000        9.6539575606584549E-003   0.0000000000000000     
        5500   0.0000000000000000        2.7615562081336975E-002   2.7197538709573211E-015
        5500  0.20000000000000001        1.3830138370394707E-002   1.7095884702769273E-005
        5500  0.25000000000000000        1.0226648300886154E-002   4.5755517760550313E-005
        5500  0.50000000000000000        3.0242037028074265E-003   7.6804113047091230E-004
        5500  -1.0000000000000000        9.7080059349536896E-003   0.0000000000000000     
        5500   0.0000000000000000        2.7919173240661621E-002   2.7090412771306795E-015
        5500  0.20000000000000001        1.4724923297762871E-002   1.9180912801153781E-005
        5500  0.25000000000000000        1.0930489748716354E-002   4.9313990782236731E-005
        5500  0.50000000000000000        3.2974481582641602E-003   7.9313069540072850E-004
        5500  -1.0000000000000000        9.7288060933351517E-003   0.0000000000000000     
        5500   0.0000000000000000        2.7511646971106529E-002   2.7066556915962258E-015
        5500  0.20000000000000001        1.5002520754933357E-002   1.8533358658671051E-005
        5500  0.25000000000000000        1.1157900094985962E-002   4.7750498370343321E-005
        5500  0.50000000000000000        3.3933240920305252E-003   7.4526708657059876E-004
        5500  -1.0000000000000000        9.6954423934221268E-003   0.0000000000000000     
        5500   0.0000000000000000        2.7468932792544365E-002   2.6807278541318334E-015
        5500  0.20000000000000001        1.4010610058903694E-002   1.7780803229871683E-005
        5500  0.25000000000000000        1.0369192808866501E-002   4.7696632557639873E-005
        5500  0.50000000000000000        3.1130816787481308E-003   7.7404566887148522E-004
        5500  -1.0000000000000000        9.6945557743310928E-003   0.0000000000000000     
        5500   0.0000000000000000        2.7533726766705513E-002   2.7336890470118626E-015
        5500  0.20000000000000001        1.4208661392331123E-002   1.9889275569534198E-005
        5500  0.25000000000000000        1.0470125824213028E-002   5.1293736200285960E-005
        5500  0.50000000000000000        3.1430628150701523E-003   7.8953390161831433E-004
        5500  -1.0000000000000000        9.7279865294694901E-003   0.0000000000000000     
        5500   0.0000000000000000        2.7517039328813553E-002   2.7546238072556415E-015
        5500  0.20000000000000001        1.4489063993096352E-002   1.8136193934458276E-005
        5500  0.25000000000000000        1.0743403807282448E-002   4.7942953537709928E-005
        5500  0.50000000000000000        3.2256878912448883E-003   7.5968471586173149E-004
        5500  -1.0000000000000000        9.6632633358240128E-003   0.0000000000000000     
        5500   0.0000000000000000        2.7975721284747124E-002   2.7790399483104464E-015
        5500  0.20000000000000001        1.4382058754563332E-002   1.7350134370522462E-005
        5500  0.25000000000000000        1.0577451437711716E-002   4.7824474354228397E-005
        5500  0.50000000000000000        3.1814295798540115E-003   7.7335904176490116E-004
        5500  -1.0000000000000000        9.7021069377660751E-003   0.0000000000000000     
        5500   0.0000000000000000        2.7626113966107368E-002   2.7354523597519221E-015
        5500  0.20000000000000001        1.4027407392859459E-002   1.7839430872245909E-005
        5500  0.25000000000000000        1.0414751246571541E-002   4.6049939945043693E-005
        5500  0.50000000000000000        3.1272228807210922E-003   7.5271589289142285E-004
        5500  -1.0000000000000000        9.7086802124977112E-003   0.0000000000000000     
        5500   0.0000000000000000        2.7847209945321083E-002   2.7491644754920937E-015
        5500  0.20000000000000001        1.4460016041994095E-002   1.8975033046556791E-005
        5500  0.25000000000000000        1.0745478793978691E-002   4.7260763676090611E-005
        5500  0.50000000000000000        3.2401960343122482E-003   7.8452204386016177E-004
        5500  -1.0000000000000000        9.6508394926786423E-003   0.0000000000000000     
        5500   0.0000000000000000        2.7732638642191887E-002   2.7044558071750735E-015
        5500  0.20000000000000001        1.4077713713049889E-002   1.9934976674062168E-005
        5500  0.25000000000000000        1.0420402511954308E-002   4.8178001659957021E-005
        5500  0.50000000000000000        3.0813068151473999E-003   7.7104912241800856E-004
        6000  -1.0000000000000000        1.1515127494931221E-002   0.0000000000000000     
        6000   0.0000000000000000        3.3277709037065506E-002   2.8626801835298636E-015
        6000  0.20000000000000001        1.6963787376880646E-002   1.8447915221168533E-005
        6000  0.25000000000000000        1.2431252747774124E-002   4.6622712067729699E-005
        6000  0.50000000000000000        3.6432836204767227E-003   7.7008701520235590E-004
        6000  -1.0000000000000000        1.1496672406792641E-002   0.0000000000000000     
        6000   0.0000000000000000        3.3364744856953621E-002   2.8356360338613763E-015
        6000  0.20000000000000001        1.6655147075653076E-002   1.9747508828687913E-005
        6000  0.25000000000000000        1.2227250263094902E-002   4.9723555845019770E-005
        6000  0.50000000000000000        3.6099627614021301E-003   7.6511975296768124E-004
        6000  -1.0000000000000000        1.1530900374054909E-002   0.0000000000000000     
        6000   0.0000000000000000        3.2923534512519836E-002   2.8830827753837294E-015
        6000  0.20000000000000001        1.6147498041391373E-002   1.9749731499656834E-005
        6000  0.25000000000000000        1.1752091348171234E-002   5.1070593428433289E-005
        6000  0.50000000000000000        3.4349914640188217E-003   7.5763678975191567E-004
        6000  -1.0000000000000000        1.1870693415403366E-002   0.0000000000000000     
        6000   0.0000000000000000        3.3419549465179443E-002   2.8527266358503198E-015
        6000  0.20000000000000001        1.6778815537691116E-002   1.8920831010530966E-005
        6000  0.25000000000000000        1.2264652177691460E-002   4.7647815501505618E-005
        6000  0.50000000000000000        3.5864207893610001E-003   7.6565424834184801E-004
        6000  -1.0000000000000000        1.1475218459963799E-002   0.0000000000000000     
        6000   0.0000000000000000        3.3256707713007927E-002   2.8196186345450964E-015
        6000  0.20000000000000001        1.6600714996457100E-002   1.8990812297587029E-005
        6000  0.25000000000000000        1.2179512530565262E-002   4.6850801779904263E-005
        6000  0.50000000000000000        3.5802479833364487E-003   7.6219264686645946E-004
        6000  -1.0000000000000000        1.1516302824020386E-002   0.0000000000000000     
        6000   0.0000000000000000        3.3681977540254593E-002   2.8536751666031791E-015
        6000  0.20000000000000001        1.6845781356096268E-002   1.8063719341264729E-005
        6000  0.25000000000000000        1.2338995933532715E-002   4.6323449107014852E-005
        6000  0.50000000000000000        3.6298707127571106E-003   7.9492749820690993E-004
        6000  -1.0000000000000000        1.1524755507707596E-002   0.0000000000000000     
        6000   0.0000000000000000        3.3909490332007408E-002   2.8530876581642832E-015
        6000  0.20000000000000001        1.6399810090661049E-002   2.0455945500515812E-005
        6000  0.25000000000000000        1.2039659544825554E-002   5.1794642584855930E-005
        6000  0.50000000000000000        3.5358052700757980E-003   7.5903220742216720E-004
        6000  -1.0000000000000000        1.1507263407111168E-002   0.0000000000000000     
        6000   0.0000000000000000        3.3287366852164268E-002   2.8370542968277113E-015
        6000  0.20000000000000001        1.6881017014384270E-002   1.9202016770979096E-005
        6000  0.25000000000000000        1.2424830347299576E-002   4.9691146670268293E-005
        6000  0.50000000000000000        3.6617442965507507E-003   7.9572146606697786E-004
        6000  -1.0000000000000000        1.1567926034331322E-002   0.0000000000000000     
        6000   0.0000000000000000        3.3262792974710464E-002   2.8561721017706737E-015
        6000  0.20000000000000001        1.6559774056077003E-002   1.9650424333954591E-005
        6000  0.25000000000000000        1.2084918096661568E-002   5.0454314306920912E-005
        6000  0.50000000000000000        3.5465266555547714E-003   7.8751994749576379E-004
        6000  -1.0000000000000000        1.1482995003461838E-002   0.0000000000000000     
        6000   0.0000000000000000        3.3804550766944885E-002   2.8403152883612788E-015
        6000  0.20000000000000001        1.6723131760954857E-002   1.8394612695986916E-005
        6000  0.25000000000000000        1.2230591848492622E-002   4.6448074056543178E-005
        6000  0.50000000000000000        3.6097671836614609E-003   7.5947775146343135E-004
        6000  -1.0000000000000000        1.1510562151670456E-002   0.0000000000000000     
        6000   0.0000000000000000        3.4236628562211990E-002   2.8518271412746491E-015
        6000  0.20000000000000001        1.6450768336653709E-002   1.9344839594892006E-005
        6000  0.25000000000000000        1.2063905596733093E-002   4.9035640719904765E-005
        6000  0.50000000000000000        3.5270825028419495E-003   7.6193809222743281E-004
        6000  -1.0000000000000000        1.1477665975689888E-002   0.0000000000000000     
        6000   0.0000000000000000        3.3441301435232162E-002   2.8513881249019220E-015
        6000  0.20000000000000001        1.6935354098677635E-002   1.7996385412177835E-005
        6000  0.25000000000000000        1.2504912912845612E-002   4.6795819223812209E-005
        6000  0.50000000000000000        3.7209223955869675E-003   7.7621160913581380E-004
        6000  -1.0000000000000000        1.1493958532810211E-002   0.0000000000000000     
        6000   0.0000000000000000        3.3595759421586990E-002   2.8265246161813574E-015
        6000  0.20000000000000001        1.6753820702433586E-002   1.9391190000572446E-005
        6000  0.25000000000000000        1.2317430227994919E-002   4.8762641869342967E-005
        6000  0.50000000000000000        3.6479905247688293E-003   7.5860296357342324E-004
        6000  -1.0000000000000000        1.1497698724269867E-002   0.0000000000000000     
        6000   0.0000000000000000        3.4563202410936356E-002   2.8662110158559451E-015
        6000  0.20000000000000001        1.6647160053253174E-002   1.8875903559145108E-005
        6000  0.25000000000000000        1.2231908738613129E-002   4.8111081037019110E-005
        6000  0.50000000000000000        3.6109611392021179E-003   7.6119810538604769E-004
        6000  -1.0000000000000000        1.1517934501171112E-002   0.0000000000000000     
        6000   0.0000000000000000        3.3464504405856133E-002   2.8497567202500131E-015
        6000  0.20000000000000001        1.7349069938063622E-002   1.9542646620339518E-005
        6000  0.25000000000000000        1.2744162231683731E-002   4.8681150754653055E-005
        6000  0.50000000000000000        3.7657376378774643E-003   7.6231560832742083E-004
        6000  -1.0000000000000000        1.1553213000297546E-002   0.0000000000000000     
        6000   0.0000000000000000        3.3627925440669060E-002   2.8458575965458878E-015
        6000  0.20000000000000001        1.7014950513839722E-002   1.8067983784707982E-005
        6000  0.25000000000000000        1.2371486052870750E-002   4.6262493923668023E-005
        6000  0.50000000000000000        3.6176312714815140E-003   7.7605195300903122E-004
        6000  -1.0000000000000000        1.1544201523065567E-002   0.0000000000000000     
        6000   0.0000000000000000        3.3449657261371613E-002   2.8461955367682491E-015
        6000  0.20000000000000001        1.6513533890247345E-002   1.9539436687577124E-005
        6000  0.25000000000000000        1.2200407683849335E-002   4.9162207670259395E-005
        6000  0.50000000000000000        3.5968683660030365E-003   7.6871789213522012E-004
        6000  -1.0000000000000000        1.1505110189318657E-002   0.0000000000000000     
        6000   0.0000000000000000        3.3334895968437195E-002   2.8820889916903282E-015
        6000  0.20000000000000001        1.6370700672268867E-002   1.8089233657615441E-005
        6000  0.25000000000000000        1.2008044868707657E-002   4.8033468446808632E-005
        6000  0.50000000000000000        3.5325307399034500E-003   7.5674903364084730E-004
        6000  -1.0000000000000000        1.1518770828843117E-002   0.0000000000000000     
        6000   0.0000000000000000        3.3251028507947922E-002   2.8302673552864861E-015
        6000  0.20000000000000001        1.7303461208939552E-002   1.9855762971754510E-005
        6000  0.25000000000000000        1.2684715911746025E-002   4.9514717701331824E-005
        6000  0.50000000000000000        3.7126690149307251E-003   8.1069885161390211E-004
        6000  -1.0000000000000000        1.1507699266076088E-002   0.0000000000000000     
        6000   0.0000000000000000        3.3633580431342125E-002   2.8507322755070530E-015
        6000  0.20000000000000001        1.6309954226016998E-002   1.8567619967860083E-005
        6000  0.25000000000000000        1.1968804523348808E-002   4.8659113668818921E-005
        6000  0.50000000000000000        3.5032927989959717E-003   7.8204512012996716E-004
        6500  -1.0000000000000000        1.3544712215662003E-002   0.0000000000000000     
        6500   0.0000000000000000        3.9299400523304939E-002   2.9528385556974910E-015
        6500  0.20000000000000001        1.8607780337333679E-002   1.7482642162674608E-005
        6500  0.25000000000000000        1.3486532494425774E-002   4.6314345204548077E-005
        6500  0.50000000000000000        3.9284061640501022E-003   7.5167029907627510E-004
        6500  -1.0000000000000000        1.3520289212465286E-002   0.0000000000000000     
        6500   0.0000000000000000        3.9208909496665001E-002   3.0272197023790976E-015
        6500  0.20000000000000001        1.8847081810235977E-002   1.9508927438381779E-005
        6500  0.25000000000000000        1.3744696974754333E-002   4.6942870959344473E-005
        6500  0.50000000000000000        3.9947032928466797E-003   7.6442939447900259E-004
        6500  -1.0000000000000000        1.3560287654399872E-002   0.0000000000000000     
        6500   0.0000000000000000        3.9006898179650307E-002   2.9708757791528445E-015
        6500  0.20000000000000001        1.8016250804066658E-002   1.9780389445853448E-005
        6500  0.25000000000000000        1.3095894828438759E-002   4.7706289498351100E-005
        6500  0.50000000000000000        3.8291104137897491E-003   7.5572551834913191E-004
        6500  -1.0000000000000000        1.3546800240874290E-002   0.0000000000000000     
        6500   0.0000000000000000        3.9077442139387131E-002   2.9297391271205499E-015
        6500  0.20000000000000001        1.8000040203332901E-002   1.8975980097406659E-005
        6500  0.25000000000000000        1.3240382075309753E-002   4.9760734229858049E-005
        6500  0.50000000000000000        3.7630684673786163E-003   7.8339086704509308E-004
        6500  -1.0000000000000000        1.3495650142431259E-002   0.0000000000000000     
        6500   0.0000000000000000        3.9052322506904602E-002   2.9880381790772732E-015
        6500  0.20000000000000001        1.8277844414114952E-002   1.7208626633422633E-005
        6500  0.25000000000000000        1.3255489990115166E-002   4.4958765040706125E-005
        6500  0.50000000000000000        3.8539860397577286E-003   7.6109426312878160E-004
        6500  -1.0000000000000000        1.3518121093511581E-002   0.0000000000000000     
        6500   0.0000000000000000        3.9289519190788269E-002   3.0210669206688769E-015
        6500  0.20000000000000001        1.8549414351582527E-002   1.9444712474588383E-005
        6500  0.25000000000000000        1.3482093811035156E-002   4.8866328739636861E-005
        6500  0.50000000000000000        3.8865096867084503E-003   7.4923191714816020E-004
        6500  -1.0000000000000000        1.3479705899953842E-002   0.0000000000000000     
        6500   0.0000000000000000        3.8821827620267868E-002   2.9624360493929333E-015
        6500  0.20000000000000001        1.8370173871517181E-002   2.1995282510721307E-005
        6500  0.25000000000000000        1.3434456661343575E-002   5.4055736814374260E-005
        6500  0.50000000000000000        3.9186738431453705E-003   7.7170739921449756E-004
        6500  -1.0000000000000000        1.3517295941710472E-002   0.0000000000000000     
        6500   0.0000000000000000        3.9235657081007957E-002   2.9818538128646259E-015
        6500  0.20000000000000001        1.8378654494881630E-002   1.9048077725896087E-005
        6500  0.25000000000000000        1.3339281082153320E-002   4.9089888806947607E-005
        6500  0.50000000000000000        3.9063617587089539E-003   7.5754815351281360E-004
        6500  -1.0000000000000000        1.3555780053138733E-002   0.0000000000000000     
        6500   0.0000000000000000        3.9816552773118019E-002   2.9938052553254115E-015
        6500  0.20000000000000001        1.8525319173932076E-002   1.8913504471513245E-005
        6500  0.25000000000000000        1.3422198593616486E-002   4.5661965917503529E-005
        6500  0.50000000000000000        3.9230752736330032E-003   7.8786019213555674E-004
        6500  -1.0000000000000000        1.3503378257155418E-002   0.0000000000000000     
        6500   0.0000000000000000        3.9238924160599709E-002   2.9997682019749130E-015
        6500  0.20000000000000001        1.8571827560663223E-002   1.9072499949108605E-005
        6500  0.25000000000000000        1.3586528599262238E-002   4.8667641575207274E-005
        6500  0.50000000000000000        3.9730574935674667E-003   7.6740418757900123E-004
        6500  -1.0000000000000000        1.3479983434081078E-002   0.0000000000000000     
        6500   0.0000000000000000        3.9580702781677246E-002   2.9583158922116408E-015
        6500  0.20000000000000001        1.8434297293424606E-002   1.9512398929679701E-005
        6500  0.25000000000000000        1.3448694720864296E-002   4.9801492645753557E-005
        6500  0.50000000000000000        3.8995072245597839E-003   7.7561516405874576E-004
        6500  -1.0000000000000000        1.3472702354192734E-002   0.0000000000000000     
        6500   0.0000000000000000        3.9297699928283691E-002   3.0281579513684353E-015
        6500  0.20000000000000001        1.8912564963102341E-002   1.7566431402989718E-005
        6500  0.25000000000000000        1.3739855960011482E-002   4.6140703104464728E-005
        6500  0.50000000000000000        3.9639305323362350E-003   7.7421736891004314E-004
        6500  -1.0000000000000000        1.3503620401024818E-002   0.0000000000000000     
        6500   0.0000000000000000        3.9272211492061615E-002   2.9901986753060005E-015
        6500  0.20000000000000001        1.8197190016508102E-002   1.9075714091751228E-005
        6500  0.25000000000000000        1.3272276148200035E-002   4.7427976408659402E-005
        6500  0.50000000000000000        3.8545876741409302E-003   7.6048957329495723E-004
        6500  -1.0000000000000000        1.3488611206412315E-002   0.0000000000000000     
        6500   0.0000000000000000        3.9060994982719421E-002   2.9805810010880453E-015
        6500  0.20000000000000001        1.8102455884218216E-002   2.0761431653122903E-005
        6500  0.25000000000000000        1.3132514432072639E-002   5.3109682752921639E-005
        6500  0.50000000000000000        3.7962216883897781E-003   7.6733739232887673E-004
        6500  -1.0000000000000000        1.3543488457798958E-002   0.0000000000000000     
        6500   0.0000000000000000        3.9433475583791733E-002   2.9479616858909912E-015
        6500  0.20000000000000001        1.8231784924864769E-002   1.8484494708402157E-005
        6500  0.25000000000000000        1.3318309560418129E-002   4.5436063273746543E-005
        6500  0.50000000000000000        3.8815364241600037E-003   7.6680630203343687E-004
        6500  -1.0000000000000000        1.3481084257364273E-002   0.0000000000000000     
        6500   0.0000000000000000        3.9249390363693237E-002   2.9638585433708905E-015
        6500  0.20000000000000001        1.8441436812281609E-002   1.8781452758033510E-005
        6500  0.25000000000000000        1.3442743569612503E-002   4.9638405288702679E-005
        6500  0.50000000000000000        3.8690902292728424E-003   7.5675265020632592E-004
        6500  -1.0000000000000000        1.3529030606150627E-002   0.0000000000000000     
        6500   0.0000000000000000        3.9394116029143333E-002   2.9899948575213054E-015
        6500  0.20000000000000001        1.8099755048751831E-002   1.8505947215741423E-005
        6500  0.25000000000000000        1.3090832158923149E-002   4.8715242192157094E-005
        6500  0.50000000000000000        3.7952084094285965E-003   7.6931171774634050E-004
        6500  -1.0000000000000000        1.3496706262230873E-002   0.0000000000000000     
        6500   0.0000000000000000        3.9402266964316368E-002   2.9955151654045672E-015
        6500  0.20000000000000001        1.8695406615734100E-002   1.8772412008356820E-005
        6500  0.25000000000000000        1.3552963733673096E-002   4.7361518060591126E-005
        6500  0.50000000000000000        3.9067752659320831E-003   7.7499071558514120E-004
        6500  -1.0000000000000000        1.3488261029124260E-002   0.0000000000000000     
        6500   0.0000000000000000        3.9651453495025635E-002   2.9490755687712760E-015
        6500  0.20000000000000001        1.8443576991558075E-002   1.9040196534226353E-005
        6500  0.25000000000000000        1.3468114659190178E-002   4.9326909885906306E-005
        6500  0.50000000000000000        3.8682073354721069E-003   7.5732786397342689E-004
        6500  -1.0000000000000000        1.3527845963835716E-002   0.0000000000000000     
        6500   0.0000000000000000        3.9054857566952705E-002   3.0036061358855313E-015
        6500  0.20000000000000001        1.9330425187945366E-002   1.7436287792117506E-005
        6500  0.25000000000000000        1.3934576883912086E-002   4.5373781834274561E-005
        6500  0.50000000000000000        4.0862578898668289E-003   7.2975432635949205E-004
        7000  -1.0000000000000000        1.5536040067672729E-002   0.0000000000000000     
        7000   0.0000000000000000        4.5858347788453102E-002   3.1325512201037326E-015
        7000  0.20000000000000001        2.1549494937062263E-002   1.8292736620505207E-005
        7000  0.25000000000000000        1.5585443004965782E-002   4.7372711604124679E-005
        7000  0.50000000000000000        4.4676624238491058E-003   7.6691478893981479E-004
        7000  -1.0000000000000000        1.5547422692179680E-002   0.0000000000000000     
        7000   0.0000000000000000        4.6214437112212181E-002   3.1554173631013755E-015
        7000  0.20000000000000001        2.1872891113162041E-002   1.9142237327499139E-005
        7000  0.25000000000000000        1.5847520902752876E-002   4.8759065483003919E-005
        7000  0.50000000000000000        4.4977441430091858E-003   7.8019646879745532E-004
        7000  -1.0000000000000000        1.5936218202114105E-002   0.0000000000000000     
        7000   0.0000000000000000        4.6322194859385490E-002   3.1526928043880008E-015
        7000  0.20000000000000001        2.1341266110539436E-002   1.7249154499836380E-005
        7000  0.25000000000000000        1.5368659049272537E-002   4.6350487107565209E-005
        7000  0.50000000000000000        4.4369678944349289E-003   7.4490098721717872E-004
        7000  -1.0000000000000000        1.5568684786558151E-002   0.0000000000000000     
        7000   0.0000000000000000        4.6563940122723579E-002   3.0971703598215925E-015
        7000  0.20000000000000001        2.2714989259839058E-002   1.8763213166511427E-005
        7000  0.25000000000000000        1.6504785045981407E-002   4.7391164545526260E-005
        7000  0.50000000000000000        4.7723837196826935E-003   7.3123815478907017E-004
        7000  -1.0000000000000000        1.5546079725027084E-002   0.0000000000000000     
        7000   0.0000000000000000        4.5916639268398285E-002   3.1397024055965529E-015
        7000  0.20000000000000001        2.0770007744431496E-002   1.8372704999228524E-005
        7000  0.25000000000000000        1.4928346499800682E-002   4.7157780224242503E-005
        7000  0.50000000000000000        4.2635891586542130E-003   7.2661156050518518E-004
        7000  -1.0000000000000000        1.5548380091786385E-002   0.0000000000000000     
        7000   0.0000000000000000        4.6399641782045364E-002   3.1069340638404930E-015
        7000  0.20000000000000001        2.0710811018943787E-002   1.7107020365097003E-005
        7000  0.25000000000000000        1.4878220856189728E-002   4.3611726774980610E-005
        7000  0.50000000000000000        4.2419955134391785E-003   7.5224602553187212E-004
        7000  -1.0000000000000000        1.5529999509453773E-002   0.0000000000000000     
        7000   0.0000000000000000        4.5738307759165764E-002   3.1051678909829522E-015
        7000  0.20000000000000001        2.1258452907204628E-002   1.9947696355500217E-005
        7000  0.25000000000000000        1.5347942709922791E-002   5.1108526964852626E-005
        7000  0.50000000000000000        4.3864604085683823E-003   7.4881698720862715E-004
        7000  -1.0000000000000000        1.5561914071440697E-002   0.0000000000000000     
        7000   0.0000000000000000        4.6459425240755081E-002   3.1255284330881621E-015
        7000  0.20000000000000001        2.2641915827989578E-002   1.8410302999805498E-005
        7000  0.25000000000000000        1.6479564830660820E-002   4.7568353837938749E-005
        7000  0.50000000000000000        4.8158094286918640E-003   7.4928764362983927E-004
        7000  -1.0000000000000000        1.5541205182671547E-002   0.0000000000000000     
        7000   0.0000000000000000        4.6322729438543320E-002   3.0985472685215969E-015
        7000  0.20000000000000001        2.0673815160989761E-002   1.8161127312499974E-005
        7000  0.25000000000000000        1.4973275363445282E-002   4.9077064511185678E-005
        7000  0.50000000000000000        4.2702648788690567E-003   7.3670079349909138E-004
        7000  -1.0000000000000000        1.5549752861261368E-002   0.0000000000000000     
        7000   0.0000000000000000        4.6270424500107765E-002   3.1326240234620542E-015
        7000  0.20000000000000001        2.1666269749403000E-002   1.8803853197844104E-005
        7000  0.25000000000000000        1.5718048438429832E-002   4.7040562900110716E-005
        7000  0.50000000000000000        4.5030172914266586E-003   7.3325223762281324E-004
        7000  -1.0000000000000000        1.5553925186395645E-002   0.0000000000000000     
        7000   0.0000000000000000        4.6821460127830505E-002   3.0714302364052104E-015
        7000  0.20000000000000001        2.1134706214070320E-002   1.9645098373308112E-005
        7000  0.25000000000000000        1.5263721346855164E-002   4.9519446224606058E-005
        7000  0.50000000000000000        4.3742042034864426E-003   7.2031542083158531E-004
        7000  -1.0000000000000000        1.5551783144474030E-002   0.0000000000000000     
        7000   0.0000000000000000        4.6234337612986565E-002   3.1452422980362757E-015
        7000  0.20000000000000001        2.1376067772507668E-002   1.7994204496882255E-005
        7000  0.25000000000000000        1.5462342649698257E-002   4.7072457471965968E-005
        7000  0.50000000000000000        4.4464003294706345E-003   7.6738999954978479E-004
        7000  -1.0000000000000000        1.5522535890340805E-002   0.0000000000000000     
        7000   0.0000000000000000        4.6403598040342331E-002   3.1361730502447769E-015
        7000  0.20000000000000001        2.1157182753086090E-002   1.9260030379541041E-005
        7000  0.25000000000000000        1.5277171507477760E-002   5.0089342696292440E-005
        7000  0.50000000000000000        4.3156687170267105E-003   7.7663571899014966E-004
        7000  -1.0000000000000000        1.5540501102805138E-002   0.0000000000000000     
        7000   0.0000000000000000        4.6633936464786530E-002   3.1168749196013846E-015
        7000  0.20000000000000001        2.1292593330144882E-002   1.9010838126694765E-005
        7000  0.25000000000000000        1.5434624627232552E-002   4.9109541867954011E-005
        7000  0.50000000000000000        4.4193342328071594E-003   7.5658478846767031E-004
        7000  -1.0000000000000000        1.5573415905237198E-002   0.0000000000000000     
        7000   0.0000000000000000        4.6313527971506119E-002   3.1071149175847130E-015
        7000  0.20000000000000001        2.1515974774956703E-002   1.8690517026177770E-005
        7000  0.25000000000000000        1.5567185357213020E-002   4.7012328043662245E-005
        7000  0.50000000000000000        4.4827703386545181E-003   7.5482626962416035E-004
        7000  -1.0000000000000000        1.5662461519241333E-002   0.0000000000000000     
        7000   0.0000000000000000        4.6195486560463905E-002   3.1093560818554521E-015
        7000  0.20000000000000001        2.0799206569790840E-002   1.9644543233727682E-005
        7000  0.25000000000000000        1.5064781531691551E-002   4.8654088128602159E-005
        7000  0.50000000000000000        4.3076463043689728E-003   7.3843560520556011E-004
        7000  -1.0000000000000000        1.5565374866127968E-002   0.0000000000000000     
        7000   0.0000000000000000        4.6418568119406700E-002   3.0808046323485397E-015
        7000  0.20000000000000001        2.1073011681437492E-002   1.9191299815649534E-005
        7000  0.25000000000000000        1.5237104147672653E-002   4.7945817070945627E-005
        7000  0.50000000000000000        4.3639335781335831E-003   7.7638940974439634E-004
        7000  -1.0000000000000000        1.5520781278610229E-002   0.0000000000000000     
        7000   0.0000000000000000        4.6046655625104904E-002   3.1148335212410197E-015
        7000  0.20000000000000001        2.1096348762512207E-002   1.9373940767163185E-005
        7000  0.25000000000000000        1.5294458717107773E-002   5.2366225324922315E-005
        7000  0.50000000000000000        4.4302325695753098E-003   7.4455849794443621E-004
        7000  -1.0000000000000000        1.5558781102299690E-002   0.0000000000000000     
        7000   0.0000000000000000        4.6160729601979256E-002   3.1305840415887128E-015
        7000  0.20000000000000001        2.1291399374604225E-002   1.8928707900075627E-005
        7000  0.25000000000000000        1.5402548015117645E-002   4.8760989624777234E-005
        7000  0.50000000000000000        4.4068694114685059E-003   7.7688581277747916E-004
        7000  -1.0000000000000000        1.5533968806266785E-002   0.0000000000000000     
        7000   0.0000000000000000        4.5932527631521225E-002   3.0687650621450257E-015
        7000  0.20000000000000001        2.1081667393445969E-002   1.7892666241052437E-005
        7000  0.25000000000000000        1.5443488955497742E-002   4.7163979382383666E-005
        7000  0.50000000000000000        4.3231770396232605E-003   7.5582797474815376E-004
        7500  -1.0000000000000000        1.7812829464673996E-002   0.0000000000000000     
        7500   0.0000000000000000        5.4254002869129181E-002   3.2413077609625099E-015
        7500  0.20000000000000001        2.2997114807367325E-002   1.8515852589439513E-005
        7500  0.25000000000000000        1.6461441293358803E-002   4.5869962346027130E-005
        7500  0.50000000000000000        4.6445224434137344E-003   7.1988098399331066E-004
        7500  -1.0000000000000000        1.7823358997702599E-002   0.0000000000000000     
        7500   0.0000000000000000        5.3210748359560966E-002   3.2430238759354365E-015
        7500  0.20000000000000001        2.3106886073946953E-002   1.8586745548627952E-005
        7500  0.25000000000000000        1.6622737050056458E-002   4.5908305014688591E-005
        7500  0.50000000000000000        4.7319270670413971E-003   7.4631369773966441E-004
        7500  -1.0000000000000000        1.7830604687333107E-002   0.0000000000000000     
        7500   0.0000000000000000        5.3368240594863892E-002   3.2624500975530308E-015
        7500  0.20000000000000001        2.2902756929397583E-002   1.8725147465199050E-005
        7500  0.25000000000000000        1.6441253945231438E-002   4.7440810194693425E-005
        7500  0.50000000000000000        4.6364720910787582E-003   7.3843479872168715E-004
        7500  -1.0000000000000000        1.7832765355706215E-002   0.0000000000000000     
        7500   0.0000000000000000        5.3093217313289642E-002   3.2220548849472645E-015
        7500  0.20000000000000001        2.3689791560173035E-002   1.8647467114862320E-005
        7500  0.25000000000000000        1.6983281821012497E-002   4.6094295113691212E-005
        7500  0.50000000000000000        4.8030056059360504E-003   7.3004326346359121E-004
        7500  -1.0000000000000000        1.7817799001932144E-002   0.0000000000000000     
        7500   0.0000000000000000        5.3168669342994690E-002   3.2338064544222760E-015
        7500  0.20000000000000001        2.3969676345586777E-002   1.9802850539945296E-005
        7500  0.25000000000000000        1.7176870256662369E-002   4.9585758841527234E-005
        7500  0.50000000000000000        4.8657841980457306E-003   7.7443959538260946E-004
        7500  -1.0000000000000000        1.7806719988584518E-002   0.0000000000000000     
        7500   0.0000000000000000        5.1128681749105453E-002   3.2362075789683634E-015
        7500  0.20000000000000001        2.2369528189301491E-002   1.8851887038341586E-005
        7500  0.25000000000000000        1.6123440116643906E-002   4.9082169796927334E-005
        7500  0.50000000000000000        4.5574847608804703E-003   7.5969285932555642E-004
        7500  -1.0000000000000000        1.7813796177506447E-002   0.0000000000000000     
        7500   0.0000000000000000        5.2989656105637550E-002   3.2421363889627636E-015
        7500  0.20000000000000001        2.3170117288827896E-002   1.8975428850351295E-005
        7500  0.25000000000000000        1.6684371978044510E-002   4.6639531375103937E-005
        7500  0.50000000000000000        4.7025457024574280E-003   7.2486645026959430E-004
        7500  -1.0000000000000000        1.7817093059420586E-002   0.0000000000000000     
        7500   0.0000000000000000        5.3356809541583061E-002   3.2033433501688410E-015
        7500  0.20000000000000001        2.4202816188335419E-002   1.9194854879822788E-005
        7500  0.25000000000000000        1.7520178109407425E-002   4.6881690536103403E-005
        7500  0.50000000000000000        4.9745216965675354E-003   7.3172286928274537E-004
        7500  -1.0000000000000000        1.7808306962251663E-002   0.0000000000000000     
        7500   0.0000000000000000        5.3287317976355553E-002   3.1869416989963312E-015
        7500  0.20000000000000001        2.3643918335437775E-002   1.8918865574077746E-005
        7500  0.25000000000000000        1.6994668170809746E-002   4.8029545282642983E-005
        7500  0.50000000000000000        4.8018712550401688E-003   7.3138223772246014E-004
        7500  -1.0000000000000000        1.7821894958615303E-002   0.0000000000000000     
        7500   0.0000000000000000        5.3019803017377853E-002   3.2107780714638849E-015
        7500  0.20000000000000001        2.2686943411827087E-002   1.8747420206627359E-005
        7500  0.25000000000000000        1.6259765252470970E-002   4.7375407848402782E-005
        7500  0.50000000000000000        4.6017505228519440E-003   7.2451924552500969E-004
        7500  -1.0000000000000000        1.7821464687585831E-002   0.0000000000000000     
        7500   0.0000000000000000        5.3732749074697495E-002   3.2211321192371513E-015
        7500  0.20000000000000001        2.3192221298813820E-002   1.8143380676492484E-005
        7500  0.25000000000000000        1.6615752130746841E-002   4.6384067293245075E-005
        7500  0.50000000000000000        4.7369077801704407E-003   7.3214695773173239E-004
        7500  -1.0000000000000000        1.7822954803705215E-002   0.0000000000000000     
        7500   0.0000000000000000        5.2625102922320366E-002   3.2219815404129348E-015
        7500  0.20000000000000001        2.3545021191239357E-002   2.0955146552679597E-005
        7500  0.25000000000000000        1.6821976751089096E-002   4.9869462504163501E-005
        7500  0.50000000000000000        4.7780219465494156E-003   7.5623098627243058E-004
        7500  -1.0000000000000000        1.7806870862841606E-002   0.0000000000000000     
        7500   0.0000000000000000        5.2898468449711800E-002   3.2346053238928294E-015
        7500  0.20000000000000001        2.4011706933379173E-002   1.8193252133449776E-005
        7500  0.25000000000000000        1.7296722158789635E-002   4.6839419881966107E-005
        7500  0.50000000000000000        4.9041695892810822E-003   7.2531708232382241E-004
        7500  -1.0000000000000000        1.7821241170167923E-002   0.0000000000000000     
        7500   0.0000000000000000        5.3129812702536583E-002   3.2523318529593054E-015
        7500  0.20000000000000001        2.2937403991818428E-002   1.7884196556945267E-005
        7500  0.25000000000000000        1.6546493396162987E-002   4.4347305546493706E-005
        7500  0.50000000000000000        4.6781711280345917E-003   7.3240406975976511E-004
        7500  -1.0000000000000000        1.7824092879891396E-002   0.0000000000000000     
        7500   0.0000000000000000        5.3317444398999214E-002   3.2563471844290377E-015
        7500  0.20000000000000001        2.3884858936071396E-002   1.8727032966728836E-005
        7500  0.25000000000000000        1.7178334295749664E-002   4.7466464033399050E-005
        7500  0.50000000000000000        4.9681197851896286E-003   7.2918983038770704E-004
        7500  -1.0000000000000000        1.7846921458840370E-002   0.0000000000000000     
        7500   0.0000000000000000        5.2616052329540253E-002   3.2603121839672437E-015
        7500  0.20000000000000001        2.2855859249830246E-002   2.0198575516310341E-005
        7500  0.25000000000000000        1.6482282429933548E-002   5.0536469617930547E-005
        7500  0.50000000000000000        4.9301665276288986E-003   7.5446866951771579E-004
        7500  -1.0000000000000000        1.7819764092564583E-002   0.0000000000000000     
        7500   0.0000000000000000        5.3888358175754547E-002   3.2424682722673755E-015
        7500  0.20000000000000001        2.3815385997295380E-002   1.7913347626162254E-005
        7500  0.25000000000000000        1.7165817320346832E-002   4.4985238399138969E-005
        7500  0.50000000000000000        4.8398002982139587E-003   7.4275105228125587E-004
        7500  -1.0000000000000000        1.7816627398133278E-002   0.0000000000000000     
        7500   0.0000000000000000        5.3556179627776146E-002   3.2319347474009131E-015
        7500  0.20000000000000001        2.3237666115164757E-002   1.8782436936619204E-005
        7500  0.25000000000000000        1.6618832945823669E-002   4.8135603853625562E-005
        7500  0.50000000000000000        4.6887081116437912E-003   7.4936545945350464E-004
        7500  -1.0000000000000000        1.7826166003942490E-002   0.0000000000000000     
        7500   0.0000000000000000        5.2621152251958847E-002   3.3004702737002871E-015
        7500  0.20000000000000001        2.3985607549548149E-002   1.8439187774039364E-005
        7500  0.25000000000000000        1.7221380025148392E-002   4.6442562897172986E-005
        7500  0.50000000000000000        4.8504285514354706E-003   7.2086974736182679E-004
        7500  -1.0000000000000000        1.7804976552724838E-002   0.0000000000000000     
        7500   0.0000000000000000        5.3664103150367737E-002   3.2308884780546408E-015
        7500  0.20000000000000001        2.3423692211508751E-002   1.8288408527207934E-005
        7500  0.25000000000000000        1.6846165060997009E-002   4.5618186431933018E-005
        7500  0.50000000000000000        5.2990876138210297E-003   7.3243743052312806E-004
        8000  -1.0000000000000000        2.0733708515763283E-002   0.0000000000000000     
        8000   0.0000000000000000        6.0698613524436951E-002   3.3384317218675207E-015
        8000  0.20000000000000001        2.5684121996164322E-002   1.9163261035446499E-005
        8000  0.25000000000000000        1.8408888950943947E-002   4.8893277151057645E-005
        8000  0.50000000000000000        5.1706526428461075E-003   7.4051902728457328E-004
        8000  -1.0000000000000000        2.0527718588709831E-002   0.0000000000000000     
        8000   0.0000000000000000        6.0849171131849289E-002   3.3641478590778106E-015
        8000  0.20000000000000001        2.5470942258834839E-002   1.9200776078907030E-005
        8000  0.25000000000000000        1.8211700022220612E-002   4.6863379433561639E-005
        8000  0.50000000000000000        5.1049869507551193E-003   7.2945115421115707E-004
        8000  -1.0000000000000000        2.0703952759504318E-002   0.0000000000000000     
        8000   0.0000000000000000        6.0939250513911247E-002   3.3316255233891674E-015
        8000  0.20000000000000001        2.5624491274356842E-002   1.8952344059484392E-005
        8000  0.25000000000000000        1.8312454223632812E-002   4.6399758530036899E-005
        8000  0.50000000000000000        5.1047708839178085E-003   7.4221097806497372E-004
        8000  -1.0000000000000000        2.0645797252655029E-002   0.0000000000000000     
        8000   0.0000000000000000        6.0950059443712234E-002   3.3013192310171359E-015
        8000  0.20000000000000001        2.6791179552674294E-002   1.7823753555778488E-005
        8000  0.25000000000000000        1.9111912697553635E-002   4.5668961602849753E-005
        8000  0.50000000000000000        5.4062139242887497E-003   7.3196590056675453E-004
        8000  -1.0000000000000000        2.0648034289479256E-002   0.0000000000000000     
        8000   0.0000000000000000        6.1035582795739174E-002   3.3309526462912562E-015
        8000  0.20000000000000001        2.6049748063087463E-002   1.8263103696780971E-005
        8000  0.25000000000000000        1.8585931509733200E-002   4.5883024243565544E-005
        8000  0.50000000000000000        5.1892660558223724E-003   7.4944805091889345E-004
        8000  -1.0000000000000000        2.0598400384187698E-002   0.0000000000000000     
        8000   0.0000000000000000        6.0850938782095909E-002   3.3569409587288728E-015
        8000  0.20000000000000001        2.6204319670796394E-002   1.8196162845461321E-005
        8000  0.25000000000000000        1.8648875877261162E-002   4.6775968992621187E-005
        8000  0.50000000000000000        5.2686799317598343E-003   7.2768776081162494E-004
        8000  -1.0000000000000000        2.0609756931662560E-002   0.0000000000000000     
        8000   0.0000000000000000        6.0337005183100700E-002   3.4042057322636775E-015
        8000  0.20000000000000001        2.6186743751168251E-002   1.8216224865006945E-005
        8000  0.25000000000000000        1.8590025603771210E-002   4.8157832365144549E-005
        8000  0.50000000000000000        5.1272045820951462E-003   7.3132596635511974E-004
        8000  -1.0000000000000000        2.0866569131612778E-002   0.0000000000000000     
        8000   0.0000000000000000        6.1289209872484207E-002   3.3867842195825125E-015
        8000  0.20000000000000001        2.5841088965535164E-002   1.7962023716916569E-005
        8000  0.25000000000000000        1.8440304324030876E-002   4.5318983014884962E-005
        8000  0.50000000000000000        5.1935743540525436E-003   7.2440482014807998E-004
        8000  -1.0000000000000000        2.0529448986053467E-002   0.0000000000000000     
        8000   0.0000000000000000        6.0621760785579681E-002   3.3999446753127515E-015
        8000  0.20000000000000001        2.5916526094079018E-002   2.1211697905069867E-005
        8000  0.25000000000000000        1.8440319225192070E-002   5.1477250874809129E-005
        8000  0.50000000000000000        5.1569491624832153E-003   7.3317599398861047E-004
        8000  -1.0000000000000000        2.0679241046309471E-002   0.0000000000000000     
        8000   0.0000000000000000        6.0831978917121887E-002   3.3684874716267749E-015
        8000  0.20000000000000001        2.5435566902160645E-002   1.8285197213301688E-005
        8000  0.25000000000000000        1.8165564164519310E-002   4.6762430396714400E-005
        8000  0.50000000000000000        5.0603616982698441E-003   7.4825075833547905E-004
        8000  -1.0000000000000000        2.0845886319875717E-002   0.0000000000000000     
        8000   0.0000000000000000        6.0805415734648705E-002   3.3421664299444877E-015
        8000  0.20000000000000001        2.5856733322143555E-002   2.0081625915976214E-005
        8000  0.25000000000000000        1.8485223874449730E-002   5.0620779527665027E-005
        8000  0.50000000000000000        5.1651205867528915E-003   7.2342947071135037E-004
        8000  -1.0000000000000000        2.0627323538064957E-002   0.0000000000000000     
        8000   0.0000000000000000        6.1531905084848404E-002   3.3615479192251520E-015
        8000  0.20000000000000001        2.6158964261412621E-002   2.0710817426542023E-005
        8000  0.25000000000000000        1.8718292936682701E-002   5.1832057078620870E-005
        8000  0.50000000000000000        5.2638761699199677E-003   7.3981719818014865E-004
        8000  -1.0000000000000000        2.0543033257126808E-002   0.0000000000000000     
        8000   0.0000000000000000        6.1334827914834023E-002   3.3691142443692249E-015
        8000  0.20000000000000001        2.5649685412645340E-002   1.9998291402957954E-005
        8000  0.25000000000000000        1.8359083682298660E-002   4.9116512580677768E-005
        8000  0.50000000000000000        5.1267296075820923E-003   7.6047623203383838E-004
        8000  -1.0000000000000000        2.0860962569713593E-002   0.0000000000000000     
        8000   0.0000000000000000        6.1182370409369469E-002   3.3020866262244350E-015
        8000  0.20000000000000001        2.6033416390419006E-002   1.8386090397270842E-005
        8000  0.25000000000000000        1.8694736063480377E-002   4.7115968468317679E-005
        8000  0.50000000000000000        5.2717421203851700E-003   7.3817214375150098E-004
        8000  -1.0000000000000000        2.0773740485310555E-002   0.0000000000000000     
        8000   0.0000000000000000        6.0318805277347565E-002   3.3272768139882067E-015
        8000  0.20000000000000001        2.6344342157244682E-002   1.8090294163427752E-005
        8000  0.25000000000000000        1.8829781562089920E-002   4.8009321367640846E-005
        8000  0.50000000000000000        5.2514970302581787E-003   7.4720135300046671E-004
        8000  -1.0000000000000000        2.0667547360062599E-002   0.0000000000000000     
        8000   0.0000000000000000        6.1540763825178146E-002   3.3485316337201889E-015
        8000  0.20000000000000001        2.5493679568171501E-002   1.8662705650323315E-005
        8000  0.25000000000000000        1.8119717016816139E-002   4.6461567131540590E-005
        8000  0.50000000000000000        5.0449818372726440E-003   7.2480123717844687E-004
        8000  -1.0000000000000000        2.0811174064874649E-002   0.0000000000000000     
        8000   0.0000000000000000        6.0527237132191658E-002   3.3380732540356030E-015
        8000  0.20000000000000001        2.6048179715871811E-002   1.8898796600155032E-005
        8000  0.25000000000000000        1.8577605485916138E-002   4.8699577673452323E-005
        8000  0.50000000000000000        5.2299182862043381E-003   6.9760112415278165E-004
        8000  -1.0000000000000000        2.0585298538208008E-002   0.0000000000000000     
        8000   0.0000000000000000        6.0690103098750114E-002   3.3545376621538529E-015
        8000  0.20000000000000001        2.5455906987190247E-002   1.8639371594651858E-005
        8000  0.25000000000000000        1.8188565969467163E-002   4.9818692554263357E-005
        8000  0.50000000000000000        5.1109436899423599E-003   7.4391104992378569E-004
        8000  -1.0000000000000000        2.0581314340233803E-002   0.0000000000000000     
        8000   0.0000000000000000        6.2849186360836029E-002   3.3871284589212001E-015
        8000  0.20000000000000001        2.5355791673064232E-002   1.9175753055590825E-005
        8000  0.25000000000000000        1.8129417672753334E-002   4.6453084591803767E-005
        8000  0.50000000000000000        5.0475951284170151E-003   7.4155499207526608E-004
        8000  -1.0000000000000000        2.0600184798240662E-002   0.0000000000000000     
        8000   0.0000000000000000        6.1789693310856819E-002   3.3562257105797766E-015
        8000  0.20000000000000001        2.5385588407516479E-002   1.8152768934189448E-005
        8000  0.25000000000000000        1.8181975930929184E-002   4.6310935243175014E-005
        8000  0.50000000000000000        5.1062498241662979E-003   7.5449396037378957E-004
        8500  -1.0000000000000000        2.3131633177399635E-002   0.0000000000000000     
        8500   0.0000000000000000        6.5700229257345200E-002   3.4549418241962246E-015
        8500  0.20000000000000001        2.7441198006272316E-002   1.8928498693505083E-005
        8500  0.25000000000000000        1.9542612135410309E-002   4.7730301292266972E-005
        8500  0.50000000000000000        5.4924599826335907E-003   7.2974333703404036E-004
        8500  -1.0000000000000000        2.3245580494403839E-002   0.0000000000000000     
        8500   0.0000000000000000        6.8998672068119049E-002   3.5067647878930935E-015
        8500  0.20000000000000001        2.7700198814272881E-002   1.7632179477611318E-005
        8500  0.25000000000000000        1.9897852092981339E-002   4.4941153195867506E-005
        8500  0.50000000000000000        5.4712854325771332E-003   7.4044007118176196E-004
        8500  -1.0000000000000000        2.3202233016490936E-002   0.0000000000000000     
        8500   0.0000000000000000        6.9059863686561584E-002   3.4620292805004464E-015
        8500  0.20000000000000001        2.7506481856107712E-002   1.8504221093156035E-005
        8500  0.25000000000000000        1.9494272768497467E-002   4.7205246591655670E-005
        8500  0.50000000000000000        5.4091196507215500E-003   7.2960279319356084E-004
        8500  -1.0000000000000000        2.3169774562120438E-002   0.0000000000000000     
        8500   0.0000000000000000        6.8795677274465561E-002   3.4450593547524982E-015
        8500  0.20000000000000001        2.7657171711325645E-002   1.8905929439703982E-005
        8500  0.25000000000000000        1.9638910889625549E-002   4.7298305295927956E-005
        8500  0.50000000000000000        5.4543837904930115E-003   7.1641976996337522E-004
        8500  -1.0000000000000000        2.3213610053062439E-002   0.0000000000000000     
        8500   0.0000000000000000        6.8024683743715286E-002   3.4627343739072748E-015
        8500  0.20000000000000001        2.8002927079796791E-002   1.8376959207442409E-005
        8500  0.25000000000000000        1.9883584231138229E-002   4.5849916047198275E-005
        8500  0.50000000000000000        5.5235214531421661E-003   7.0706879792701508E-004
        8500  -1.0000000000000000        2.3205390200018883E-002   0.0000000000000000     
        8500   0.0000000000000000        6.5935982391238213E-002   3.4575168115471535E-015
        8500  0.20000000000000001        2.7385137975215912E-002   1.8790342418881896E-005
        8500  0.25000000000000000        1.9452523440122604E-002   4.8076840805232796E-005
        8500  0.50000000000000000        5.4210890084505081E-003   7.3184725823657664E-004
        8500  -1.0000000000000000        2.3209050297737122E-002   0.0000000000000000     
        8500   0.0000000000000000        6.8432094529271126E-002   3.4299113740682345E-015
        8500  0.20000000000000001        2.8650704771280289E-002   1.8067609429952353E-005
        8500  0.25000000000000000        2.0269146189093590E-002   4.6315857831202515E-005
        8500  0.50000000000000000        5.6606456637382507E-003   7.5673391715947304E-004
        8500  -1.0000000000000000        2.3198487237095833E-002   0.0000000000000000     
        8500   0.0000000000000000        6.9444011896848679E-002   3.4261564455276646E-015
        8500  0.20000000000000001        2.7983278036117554E-002   1.9043762688981707E-005
        8500  0.25000000000000000        1.9899317994713783E-002   4.6544093231550823E-005
        8500  0.50000000000000000        5.5280458182096481E-003   7.0535483695447312E-004
        8500  -1.0000000000000000        2.3140190169215202E-002   0.0000000000000000     
        8500   0.0000000000000000        6.8768186494708061E-002   3.4840362543255310E-015
        8500  0.20000000000000001        2.8345206752419472E-002   1.7615594348569255E-005
        8500  0.25000000000000000        2.0123135298490524E-002   4.4319505343016538E-005
        8500  0.50000000000000000        5.6376531720161438E-003   7.2481545856742282E-004
        8500  -1.0000000000000000        2.3163661360740662E-002   0.0000000000000000     
        8500   0.0000000000000000        6.8714968860149384E-002   3.4481303759682891E-015
        8500  0.20000000000000001        2.8221538290381432E-002   1.8068344170926988E-005
        8500  0.25000000000000000        2.0071167498826981E-002   4.6784304873072478E-005
        8500  0.50000000000000000        5.6081693619489670E-003   7.2508377881787918E-004
        8500  -1.0000000000000000        2.3148451000452042E-002   0.0000000000000000     
        8500   0.0000000000000000        6.9186314940452576E-002   3.4446379153058913E-015
        8500  0.20000000000000001        2.7623061090707779E-002   1.9663508379039073E-005
        8500  0.25000000000000000        1.9647710025310516E-002   4.6691494966516596E-005
        8500  0.50000000000000000        5.4667722433805466E-003   7.1366536344584573E-004
        8500  -1.0000000000000000        2.3168761283159256E-002   0.0000000000000000     
        8500   0.0000000000000000        6.8904073908925056E-002   3.4495090733749328E-015
        8500  0.20000000000000001        2.8177188709378242E-002   1.7893865393436252E-005
        8500  0.25000000000000000        1.9957605749368668E-002   4.5241707679246268E-005
        8500  0.50000000000000000        5.5742785334587097E-003   7.2606585321150039E-004
        8500  -1.0000000000000000        2.3141751065850258E-002   0.0000000000000000     
        8500   0.0000000000000000        6.9200886413455009E-002   3.4626040208208105E-015
        8500  0.20000000000000001        2.8174517676234245E-002   1.8837080072803615E-005
        8500  0.25000000000000000        2.0000690594315529E-002   4.6539457249248342E-005
        8500  0.50000000000000000        5.5826939642429352E-003   7.2514055394046347E-004
        8500  -1.0000000000000000        2.3266246542334557E-002   0.0000000000000000     
        8500   0.0000000000000000        6.8340625613927841E-002   3.4283902411594469E-015
        8500  0.20000000000000001        2.8784574940800667E-002   1.7712462785878852E-005
        8500  0.25000000000000000        2.0482627674937248E-002   4.4421771001207919E-005
        8500  0.50000000000000000        5.7202409952878952E-003   7.1462821204488678E-004
        8500  -1.0000000000000000        2.3189596831798553E-002   0.0000000000000000     
        8500   0.0000000000000000        6.9266526028513908E-002   3.4712012155364067E-015
        8500  0.20000000000000001        2.9067002236843109E-002   1.9477056695199615E-005
        8500  0.25000000000000000        2.0323650911450386E-002   4.7146210552601110E-005
        8500  0.50000000000000000        5.6716036051511765E-003   7.2266269763962402E-004
        8500  -1.0000000000000000        2.3164162412285805E-002   0.0000000000000000     
        8500   0.0000000000000000        6.8672727793455124E-002   3.4775493715996892E-015
        8500  0.20000000000000001        2.7933005243539810E-002   1.7456404778095072E-005
        8500  0.25000000000000000        1.9814912229776382E-002   4.6447743782808609E-005
        8500  0.50000000000000000        5.5151395499706268E-003   7.2765102673147809E-004
        8500  -1.0000000000000000        2.3203101009130478E-002   0.0000000000000000     
        8500   0.0000000000000000        6.9635994732379913E-002   3.4819153797992180E-015
        8500  0.20000000000000001        2.8303716331720352E-002   1.8757469367809986E-005
        8500  0.25000000000000000        2.0127076655626297E-002   4.6852519270998106E-005
        8500  0.50000000000000000        5.6025814265012741E-003   7.1605849131891979E-004
        8500  -1.0000000000000000        2.3183198645710945E-002   0.0000000000000000     
        8500   0.0000000000000000        6.8735668435692787E-002   3.4413109322838384E-015
        8500  0.20000000000000001        2.8815727680921555E-002   1.8064583783223367E-005
        8500  0.25000000000000000        2.0478131249547005E-002   4.6901226844930329E-005
        8500  0.50000000000000000        5.7390294969081879E-003   7.5402640491717041E-004
        8500  -1.0000000000000000        2.3219896480441093E-002   0.0000000000000000     
        8500   0.0000000000000000        6.8207455798983574E-002   3.4530242129012035E-015
        8500  0.20000000000000001        2.8339300304651260E-002   1.8568452415877065E-005
        8500  0.25000000000000000        2.0073471590876579E-002   4.8228027839275806E-005
        8500  0.50000000000000000        5.5765416473150253E-003   7.4318023450477440E-004
        8500  -1.0000000000000000        2.3111203685402870E-002   0.0000000000000000     
        8500   0.0000000000000000        6.8959442898631096E-002   3.4648261393921940E-015
        8500  0.20000000000000001        2.8502920642495155E-002   1.8223342960355900E-005
        8500  0.25000000000000000        2.0226243883371353E-002   4.3895085690894768E-005
        8500  0.50000000000000000        5.6192614138126373E-003   7.0057329438633672E-004
        9000  -1.0000000000000000        2.5808665901422501E-002   0.0000000000000000     
        9000   0.0000000000000000        7.7371170744299889E-002   3.5588324096359327E-015
        9000  0.20000000000000001        3.0465487390756607E-002   1.8208759478614773E-005
        9000  0.25000000000000000        2.1540740504860878E-002   4.4634053882578466E-005
        9000  0.50000000000000000        5.9301871806383133E-003   7.1246919900468716E-004
        9000  -1.0000000000000000        2.5822328403592110E-002   0.0000000000000000     
        9000   0.0000000000000000        7.7112400904297829E-002   3.5774586049588300E-015
        9000  0.20000000000000001        3.1496655195951462E-002   1.7886254755264513E-005
        9000  0.25000000000000000        2.2268224507570267E-002   4.4185576370232755E-005
        9000  0.50000000000000000        6.1620045453310013E-003   7.1101030905674535E-004
        9000  -1.0000000000000000        2.5828510522842407E-002   0.0000000000000000     
        9000   0.0000000000000000        7.6995447278022766E-002   3.5762622649821266E-015
        9000  0.20000000000000001        3.1903939321637154E-002   1.7621561832231383E-005
        9000  0.25000000000000000        2.2458193823695183E-002   4.4193738295288534E-005
        9000  0.50000000000000000        6.1429291963577271E-003   7.0200366483404121E-004
        9000  -1.0000000000000000        2.5815747678279877E-002   0.0000000000000000     
        9000   0.0000000000000000        7.6223485171794891E-002   3.5319492525137564E-015
        9000  0.20000000000000001        3.0381964519619942E-002   1.8844446589697214E-005
        9000  0.25000000000000000        2.1438689902424812E-002   4.8079768170209847E-005
        9000  0.50000000000000000        5.9173367917537689E-003   7.3070617436942972E-004
        9000  -1.0000000000000000        2.5842433795332909E-002   0.0000000000000000     
        9000   0.0000000000000000        7.6944833621382713E-002   3.4943659752464164E-015
        9000  0.20000000000000001        3.1320229172706604E-002   1.6951407660028439E-005
        9000  0.25000000000000000        2.2103324532508850E-002   4.3597243753274546E-005
        9000  0.50000000000000000        6.0902405530214310E-003   7.3209158323534135E-004
        9000  -1.0000000000000000        2.5833409279584885E-002   0.0000000000000000     
        9000   0.0000000000000000        7.6188016682863235E-002   3.5529325478333756E-015
        9000  0.20000000000000001        2.9780056327581406E-002   1.7189951247469938E-005
        9000  0.25000000000000000        2.1026724949479103E-002   4.5274735610614692E-005
        9000  0.50000000000000000        5.8012697845697403E-003   7.1282836411111971E-004
        9000  -1.0000000000000000        2.5831894949078560E-002   0.0000000000000000     
        9000   0.0000000000000000        7.8636165708303452E-002   3.5764874629123778E-015
        9000  0.20000000000000001        3.0661331489682198E-002   1.8018088029501053E-005
        9000  0.25000000000000000        2.1588928997516632E-002   4.5823935587810131E-005
        9000  0.50000000000000000        5.9255771338939667E-003   7.2360743622238712E-004
        9000  -1.0000000000000000        2.5793388485908508E-002   0.0000000000000000     
        9000   0.0000000000000000        7.6992487534880638E-002   3.5380958374720282E-015
        9000  0.20000000000000001        3.1479846686124802E-002   1.7765167796456993E-005
        9000  0.25000000000000000        2.2267574444413185E-002   4.4200880961878151E-005
        9000  0.50000000000000000        6.1200372874736786E-003   7.2366642550993499E-004
        9000  -1.0000000000000000        2.5819854810833931E-002   0.0000000000000000     
        9000   0.0000000000000000        7.6400056481361389E-002   3.5160622871734618E-015
        9000  0.20000000000000001        3.0984837561845779E-002   1.9168981814380983E-005
        9000  0.25000000000000000        2.1847819909453392E-002   4.8112911958056722E-005
        9000  0.50000000000000000        6.0227625072002411E-003   7.2305669033996881E-004
        9000  -1.0000000000000000        2.5843581184744835E-002   0.0000000000000000     
        9000   0.0000000000000000        7.6682096347212791E-002   3.5341070701784312E-015
        9000  0.20000000000000001        3.1529508531093597E-002   1.8794575891011561E-005
        9000  0.25000000000000000        2.2367913275957108E-002   4.6838078319232807E-005
        9000  0.50000000000000000        6.1265267431735992E-003   7.2605479612240450E-004
        9000  -1.0000000000000000        2.5815939530730247E-002   0.0000000000000000     
        9000   0.0000000000000000        7.6864128932356834E-002   3.5135485939425883E-015
        9000  0.20000000000000001        3.1528566032648087E-002   2.0073401138421300E-005
        9000  0.25000000000000000        2.2252853959798813E-002   4.9525107187551245E-005
        9000  0.50000000000000000        6.1158016324043274E-003   7.0701059592812076E-004
        9000  -1.0000000000000000        2.5805529206991196E-002   0.0000000000000000     
        9000   0.0000000000000000        7.7550649642944336E-002   3.5197732265034429E-015
        9000  0.20000000000000001        3.1433818861842155E-002   1.8426449846929173E-005
        9000  0.25000000000000000        2.2188752889633179E-002   4.5346059927481017E-005
        9000  0.50000000000000000        6.1680302023887634E-003   7.0090846400145182E-004
        9000  -1.0000000000000000        2.5809288024902344E-002   0.0000000000000000     
        9000   0.0000000000000000        7.7385162934660912E-002   3.5588698091786501E-015
        9000  0.20000000000000001        3.0338229611515999E-002   1.7231365678600534E-005
        9000  0.25000000000000000        2.1496247500181198E-002   4.3653383451143827E-005
        9000  0.50000000000000000        5.9043169021606445E-003   7.0821349595044409E-004
        9000  -1.0000000000000000        2.5821205228567123E-002   0.0000000000000000     
        9000   0.0000000000000000        7.6963672414422035E-002   3.5555476621243389E-015
        9000  0.20000000000000001        3.0323341488838196E-002   1.8720744243173526E-005
        9000  0.25000000000000000        2.1384878084063530E-002   4.8240982818614746E-005
        9000  0.50000000000000000        5.8700907975435257E-003   7.1768848044664554E-004
        9000  -1.0000000000000000        2.5868404656648636E-002   0.0000000000000000     
        9000   0.0000000000000000        7.6220581308007240E-002   3.5538640063186983E-015
        9000  0.20000000000000001        3.0971715226769447E-002   1.9892078702555031E-005
        9000  0.25000000000000000        2.1995043382048607E-002   4.8474317052185088E-005
        9000  0.50000000000000000        6.0225948691368103E-003   7.3016865155142230E-004
        9000  -1.0000000000000000        2.5857727974653244E-002   0.0000000000000000     
        9000   0.0000000000000000        7.6836837455630302E-002   3.5512797519200551E-015
        9000  0.20000000000000001        3.0803496018052101E-002   1.7993661198454148E-005
        9000  0.25000000000000000        2.1739702671766281E-002   4.5710509224793566E-005
        9000  0.50000000000000000        5.9608053416013718E-003   6.9561522406237197E-004
        9000  -1.0000000000000000        2.5840602815151215E-002   0.0000000000000000     
        9000   0.0000000000000000        7.6809152960777283E-002   3.4981661631216051E-015
        9000  0.20000000000000001        3.1510135158896446E-002   1.8075943430919798E-005
        9000  0.25000000000000000        2.2255934774875641E-002   4.5601583060827917E-005
        9000  0.50000000000000000        6.0838311910629272E-003   7.2952627505512243E-004
        9000  -1.0000000000000000        2.5742076337337494E-002   0.0000000000000000     
        9000   0.0000000000000000        7.8174537047743797E-002   3.5494723304834676E-015
        9000  0.20000000000000001        3.0066121369600296E-002   1.9023017006979328E-005
        9000  0.25000000000000000        2.1255692467093468E-002   4.8053148510234670E-005
        9000  0.50000000000000000        5.7978853583335876E-003   7.2816610439537638E-004
        9000  -1.0000000000000000        2.5799570605158806E-002   0.0000000000000000     
        9000   0.0000000000000000        7.7467354014515877E-002   3.5787792780800390E-015
        9000  0.20000000000000001        3.0837640166282654E-002   1.7956878373777033E-005
        9000  0.25000000000000000        2.1715233102440834E-002   4.7372198457608501E-005
        9000  0.50000000000000000        6.0004889965057373E-003   7.2905783340162231E-004
        9000  -1.0000000000000000        2.5826014578342438E-002   0.0000000000000000     
        9000   0.0000000000000000        7.6947852969169617E-002   3.5052713499380074E-015
        9000  0.20000000000000001        3.1802585348486900E-002   1.9493908289369286E-005
        9000  0.25000000000000000        2.2509578615427017E-002   4.8569265028995991E-005
        9000  0.50000000000000000        6.1843413859605789E-003   7.2370423232463222E-004
        9500  -1.0000000000000000        2.8556907549500465E-002   0.0000000000000000     
        9500   0.0000000000000000        8.5601387545466423E-002   3.5934967622701187E-015
        9500  0.20000000000000001        3.3338515087962151E-002   1.9189211543860946E-005
        9500  0.25000000000000000        2.3471474647521973E-002   5.0724012953081523E-005
        9500  0.50000000000000000        6.4499694854021072E-003   7.3831314310818165E-004
        9500  -1.0000000000000000        2.8615195304155350E-002   0.0000000000000000     
        9500   0.0000000000000000        8.7216278538107872E-002   3.6305528184145608E-015
        9500  0.20000000000000001        3.3230330795049667E-002   1.8975991376068759E-005
        9500  0.25000000000000000        2.3365544155240059E-002   4.7961047420393259E-005
        9500  0.50000000000000000        6.4012054353952408E-003   7.2756098716322902E-004
        9500  -1.0000000000000000        2.8610900044441223E-002   0.0000000000000000     
        9500   0.0000000000000000        8.6414717137813568E-002   3.6254915315598188E-015
        9500  0.20000000000000001        3.3188706263899803E-002   1.9005192128494990E-005
        9500  0.25000000000000000        2.3388190194964409E-002   4.7553886345622349E-005
        9500  0.50000000000000000        6.3484311103820801E-003   7.0329041231643455E-004
        9500  -1.0000000000000000        2.8618663549423218E-002   0.0000000000000000     
        9500   0.0000000000000000        8.5211521014571190E-002   3.6171357613152388E-015
        9500  0.20000000000000001        3.3973796293139458E-002   1.8125343703000621E-005
        9500  0.25000000000000000        2.3892283439636230E-002   4.7728954012231051E-005
        9500  0.50000000000000000        6.4584873616695404E-003   7.0944006584045590E-004
        9500  -1.0000000000000000        2.8609065338969231E-002   0.0000000000000000     
        9500   0.0000000000000000        8.6176350712776184E-002   3.5955017795009838E-015
        9500  0.20000000000000001        3.3185107633471489E-002   1.8363160496212786E-005
        9500  0.25000000000000000        2.3442061617970467E-002   4.5243553830641267E-005
        9500  0.50000000000000000        6.4427182078361511E-003   6.8597783599500374E-004
        9500  -1.0000000000000000        2.8585124760866165E-002   0.0000000000000000     
        9500   0.0000000000000000        8.5178103297948837E-002   3.6214836502422931E-015
        9500  0.20000000000000001        3.3728925511240959E-002   1.6811853593201017E-005
        9500  0.25000000000000000        2.3745512589812279E-002   4.4628288862620740E-005
        9500  0.50000000000000000        6.4979288727045059E-003   7.1821212868253628E-004
        9500  -1.0000000000000000        2.8585404157638550E-002   0.0000000000000000     
        9500   0.0000000000000000        8.4964683279395103E-002   3.6130387095147522E-015
        9500  0.20000000000000001        3.3391740173101425E-002   1.7767645956167175E-005
        9500  0.25000000000000000        2.3324811831116676E-002   4.6956091685505707E-005
        9500  0.50000000000000000        6.3982643187046051E-003   7.2571029064284341E-004
        9500  -1.0000000000000000        2.8611898422241211E-002   0.0000000000000000     
        9500   0.0000000000000000        8.5330782458186150E-002   3.6016507109729183E-015
        9500  0.20000000000000001        3.3482071012258530E-002   1.8553541777839134E-005
        9500  0.25000000000000000        2.3449623957276344E-002   4.5735097277650746E-005
        9500  0.50000000000000000        6.3514690846204758E-003   6.9356739639260512E-004
        9500  -1.0000000000000000        2.8597082942724228E-002   0.0000000000000000     
        9500   0.0000000000000000        8.5193438455462456E-002   3.6184860086062895E-015
        9500  0.20000000000000001        3.2498424872756004E-002   1.7723163876219594E-005
        9500  0.25000000000000000        2.2877134382724762E-002   4.4226824057603750E-005
        9500  0.50000000000000000        6.2195993959903717E-003   7.0555104314028573E-004
        9500  -1.0000000000000000        2.8593461960554123E-002   0.0000000000000000     
        9500   0.0000000000000000        8.6098501458764076E-002   3.6221125588308130E-015
        9500  0.20000000000000001        3.2712398096919060E-002   1.7396538293808908E-005
        9500  0.25000000000000000        2.2926416248083115E-002   4.3111180956381350E-005
        9500  0.50000000000000000        6.2571447342634201E-003   6.9768322287795963E-004
        9500  -1.0000000000000000        2.8585303574800491E-002   0.0000000000000000     
        9500   0.0000000000000000        8.6176421493291855E-002   3.6376713065543498E-015
        9500  0.20000000000000001        3.3406956121325493E-002   1.7580550159900585E-005
        9500  0.25000000000000000        2.3499747738242149E-002   4.4053099949900305E-005
        9500  0.50000000000000000        6.3888877630233765E-003   6.8896831779257782E-004
        9500  -1.0000000000000000        2.8734158724546432E-002   0.0000000000000000     
        9500   0.0000000000000000        8.5414810106158257E-002   3.6063866137279086E-015
        9500  0.20000000000000001        3.3165890723466873E-002   1.8743504520925644E-005
        9500  0.25000000000000000        2.3340635001659393E-002   4.7010730865224873E-005
        9500  0.50000000000000000        6.4017809927463531E-003   7.0698093557916282E-004
        9500  -1.0000000000000000        2.8630610555410385E-002   0.0000000000000000     
        9500   0.0000000000000000        8.5301425307989120E-002   3.6242406993575049E-015
        9500  0.20000000000000001        3.3016445115208626E-002   1.7684942311404069E-005
        9500  0.25000000000000000        2.3190490901470184E-002   4.6302181250241580E-005
        9500  0.50000000000000000        6.3733123242855072E-003   7.3159100169768742E-004
        9500  -1.0000000000000000        2.8585813939571381E-002   0.0000000000000000     
        9500   0.0000000000000000        8.6020423099398613E-002   3.6506475629054251E-015
        9500  0.20000000000000001        3.3194327726960182E-002   1.8668299786974943E-005
        9500  0.25000000000000000        2.3292025551199913E-002   4.5947054782835588E-005
        9500  0.50000000000000000        6.3691567629575729E-003   6.9470247554004392E-004
        9500  -1.0000000000000000        2.8600420802831650E-002   0.0000000000000000     
        9500   0.0000000000000000        8.5162004455924034E-002   3.6238190308364899E-015
        9500  0.20000000000000001        3.3534184098243713E-002   1.8469161774534997E-005
        9500  0.25000000000000000        2.3608617484569550E-002   4.5350795818509762E-005
        9500  0.50000000000000000        6.4458120614290237E-003   7.2129654865028261E-004
        9500  -1.0000000000000000        2.8623901307582855E-002   0.0000000000000000     
        9500   0.0000000000000000        8.6246920749545097E-002   3.5858652011011789E-015
        9500  0.20000000000000001        3.4524358808994293E-002   1.8978186253130364E-005
        9500  0.25000000000000000        2.4194000288844109E-002   4.7741001303479110E-005
        9500  0.50000000000000000        6.5936204046010971E-003   7.2189043089954032E-004
        9500  -1.0000000000000000        2.8589995577931404E-002   0.0000000000000000     
        9500   0.0000000000000000        8.5667122155427933E-002   3.5778442036169381E-015
        9500  0.20000000000000001        3.2971924170851707E-002   1.8375682030115638E-005
        9500  0.25000000000000000        2.3206397891044617E-002   4.5278766613105830E-005
        9500  0.50000000000000000        6.3707344233989716E-003   7.2737211691328678E-004
        9500  -1.0000000000000000        2.8581762686371803E-002   0.0000000000000000     
        9500   0.0000000000000000        8.6340691894292831E-002   3.6216249455370192E-015
        9500  0.20000000000000001        3.3226678147912025E-002   1.9412963583168649E-005
        9500  0.25000000000000000        2.3420067504048347E-002   4.6791693831250713E-005
        9500  0.50000000000000000        6.4469370990991592E-003   7.2408009563912996E-004
        9500  -1.0000000000000000        2.8620652854442596E-002   0.0000000000000000     
        9500   0.0000000000000000        8.6060972884297371E-002   3.6332385647550864E-015
        9500  0.20000000000000001        3.3828271552920341E-002   1.7902120046904755E-005
        9500  0.25000000000000000        2.3688765242695808E-002   4.4883229021748415E-005
        9500  0.50000000000000000        6.4579360187053680E-003   7.1606023192114442E-004
        9500  -1.0000000000000000        2.8647270053625107E-002   0.0000000000000000     
        9500   0.0000000000000000        8.5610568523406982E-002   3.5988254780243596E-015
        9500  0.20000000000000001        3.2806823030114174E-002   1.8259842800072030E-005
        9500  0.25000000000000000        2.2984616458415985E-002   4.6380358227353217E-005
        9500  0.50000000000000000        6.3434578478336334E-003   7.1439780637110202E-004
       10000  -1.0000000000000000        3.1842675060033798E-002   0.0000000000000000     
       10000   0.0000000000000000        9.4654351472854614E-002   3.6490855175673458E-015
       10000  0.20000000000000001        3.5825604572892189E-002   1.9086662038140644E-005
       10000  0.25000000000000000        2.5055998936295509E-002   4.6913409045489716E-005
       10000  0.50000000000000000        6.7193023860454559E-003   7.0272498399102771E-004
       10000  -1.0000000000000000        3.1807713210582733E-002   0.0000000000000000     
       10000   0.0000000000000000        9.5677202567458153E-002   3.6771656181685535E-015
       10000  0.20000000000000001        3.5585924983024597E-002   1.8948588490592034E-005
       10000  0.25000000000000000        2.4961393326520920E-002   4.7690607195941983E-005
       10000  0.50000000000000000        6.7890193313360214E-003   6.9565123502216897E-004
       10000  -1.0000000000000000        3.1814010813832283E-002   0.0000000000000000     
       10000   0.0000000000000000        9.5226317644119263E-002   3.7039374343196127E-015
       10000  0.20000000000000001        3.5833844915032387E-002   1.7963979966658975E-005
       10000  0.25000000000000000        2.5067882612347603E-002   4.4728510734205839E-005
       10000  0.50000000000000000        6.7587401717901230E-003   6.9750877018014427E-004
       10000  -1.0000000000000000        3.1814189627766609E-002   0.0000000000000000     
       10000   0.0000000000000000        9.5354406163096428E-002   3.7081275358869631E-015
       10000  0.20000000000000001        3.5703601315617561E-002   1.7444596706193162E-005
       10000  0.25000000000000000        2.5080028921365738E-002   4.4983891958830817E-005
       10000  0.50000000000000000        6.8051572889089584E-003   6.8765224408357634E-004
       10000  -1.0000000000000000        3.1793391332030296E-002   0.0000000000000000     
       10000   0.0000000000000000        9.4618795439600945E-002   3.7099585089784452E-015
       10000  0.20000000000000001        3.5459851846098900E-002   1.8559892550443890E-005
       10000  0.25000000000000000        2.4916557595133781E-002   4.7531727984785771E-005
       10000  0.50000000000000000        6.7390762269496918E-003   7.1460487974461015E-004
       10000  -1.0000000000000000        3.1836766749620438E-002   0.0000000000000000     
       10000   0.0000000000000000        9.4440070912241936E-002   3.6616846044681460E-015
       10000  0.20000000000000001        3.5438148304820061E-002   1.8551334186820956E-005
       10000  0.25000000000000000        2.4752231314778328E-002   4.7297369264831831E-005
       10000  0.50000000000000000        6.7090671509504318E-003   6.9448589592959050E-004
       10000  -1.0000000000000000        3.1827555969357491E-002   0.0000000000000000     
       10000   0.0000000000000000        9.4836024567484856E-002   3.7090404496535070E-015
       10000  0.20000000000000001        3.5161450505256653E-002   1.9389517335206375E-005
       10000  0.25000000000000000        2.4676600471138954E-002   4.7167428995073783E-005
       10000  0.50000000000000000        6.6644232720136642E-003   6.9783218154436950E-004
       10000  -1.0000000000000000        3.1804954633116722E-002   0.0000000000000000     
       10000   0.0000000000000000        9.4487229362130165E-002   3.6991614889058220E-015
       10000  0.20000000000000001        3.5352703183889389E-002   1.7594177963883130E-005
       10000  0.25000000000000000        2.4791391566395760E-002   4.3414941472134940E-005
       10000  0.50000000000000000        6.7183747887611389E-003   6.8025194558575769E-004
       10000  -1.0000000000000000        3.1912125647068024E-002   0.0000000000000000     
       10000   0.0000000000000000        9.4387438148260117E-002   3.6667600369726331E-015
       10000  0.20000000000000001        3.5895289853215218E-002   1.8463253317521286E-005
       10000  0.25000000000000000        2.5092223659157753E-002   4.5364750479523606E-005
       10000  0.50000000000000000        6.7400652915239334E-003   7.1347292640547180E-004
       10000  -1.0000000000000000        3.1842803582549095E-002   0.0000000000000000     
       10000   0.0000000000000000        9.4845544546842575E-002   3.6410043900814221E-015
       10000  0.20000000000000001        3.5662591457366943E-002   1.8523541226103131E-005
       10000  0.25000000000000000        2.4964720010757446E-002   4.5737613127313710E-005
       10000  0.50000000000000000        6.7499186843633652E-003   6.9987159520992943E-004
       10000  -1.0000000000000000        3.1807688996195793E-002   0.0000000000000000     
       10000   0.0000000000000000        9.4560015946626663E-002   3.6706352887929782E-015
       10000  0.20000000000000001        3.6538185551762581E-002   2.0184984473162352E-005
       10000  0.25000000000000000        2.5694997981190681E-002   5.0965309170369167E-005
       10000  0.50000000000000000        6.9999098777770996E-003   7.1995149066815870E-004
       10000  -1.0000000000000000        3.1828317791223526E-002   0.0000000000000000     
       10000   0.0000000000000000        9.4734001904726028E-002   3.7091029986837033E-015
       10000  0.20000000000000001        3.5021884366869926E-002   1.8692512421757437E-005
       10000  0.25000000000000000        2.4527018889784813E-002   4.7175010961594345E-005
       10000  0.50000000000000000        6.6298320889472961E-003   6.8903083994224009E-004
       10000  -1.0000000000000000        3.1875379383563995E-002   0.0000000000000000     
       10000   0.0000000000000000        9.5812814310193062E-002   3.7167332617841456E-015
       10000  0.20000000000000001        3.5550706088542938E-002   1.8617264373328376E-005
       10000  0.25000000000000000        2.4905622005462646E-002   4.6549030469614161E-005
       10000  0.50000000000000000        6.8244971334934235E-003   7.0608924553732660E-004
       10000  -1.0000000000000000        3.1797567382454872E-002   0.0000000000000000     
       10000   0.0000000000000000        9.4460258260369301E-002   3.6933810325626950E-015
       10000  0.20000000000000001        3.5622781142592430E-002   1.8321230785165165E-005
       10000  0.25000000000000000        2.4924654513597488E-002   4.6322598148482582E-005
       10000  0.50000000000000000        6.7757125943899155E-003   7.0972421357644246E-004
       10000  -1.0000000000000000        3.1824262812733650E-002   0.0000000000000000     
       10000   0.0000000000000000        9.4777753576636314E-002   3.6809554401859375E-015
       10000  0.20000000000000001        3.6231223493814468E-002   1.7469688121211764E-005
       10000  0.25000000000000000        2.5270095095038414E-002   4.5385098927612040E-005
       10000  0.50000000000000000        6.7788902670145035E-003   7.1648799644103041E-004
       10000  -1.0000000000000000        3.1787628307938576E-002   0.0000000000000000     
       10000   0.0000000000000000        9.5035260543227196E-002   3.6662007620154625E-015
       10000  0.20000000000000001        3.5154076293110847E-002   1.9147230005034510E-005
       10000  0.25000000000000000        2.4584274739027023E-002   4.7779462793909922E-005
       10000  0.50000000000000000        6.6351220011711121E-003   7.1271477605697577E-004
       10000  -1.0000000000000000        3.1804291531443596E-002   0.0000000000000000     
       10000   0.0000000000000000        9.5064455643296242E-002   3.6669954071621871E-015
       10000  0.20000000000000001        3.5544075071811676E-002   1.8192893128549390E-005
       10000  0.25000000000000000        2.4917704984545708E-002   4.5776118286446214E-005
       10000  0.50000000000000000        6.7437756806612015E-003   6.9898746171830322E-004
       10000  -1.0000000000000000        3.1855573877692223E-002   0.0000000000000000     
       10000   0.0000000000000000        9.5657018944621086E-002   3.6809657296619166E-015
       10000  0.20000000000000001        3.5401631146669388E-002   1.8907147351289906E-005
       10000  0.25000000000000000        2.4797243997454643E-002   4.6569530344604842E-005
       10000  0.50000000000000000        6.7142471671104431E-003   7.1899474851687666E-004
       10000  -1.0000000000000000        3.1816825270652771E-002   0.0000000000000000     
       10000   0.0000000000000000        9.0945096686482430E-002   3.6671328344714296E-015
       10000  0.20000000000000001        3.5827534273266792E-002   1.8313506401215160E-005
       10000  0.25000000000000000        2.5034358724951744E-002   4.5955404301511076E-005
       10000  0.50000000000000000        6.8470090627670288E-003   6.9396374840591355E-004
       10000  -1.0000000000000000        3.2158937305212021E-002   0.0000000000000000     
       10000   0.0000000000000000        9.4858182594180107E-002   3.6559584423936507E-015
       10000  0.20000000000000001        3.5817245021462440E-002   1.8316049622412792E-005
       10000  0.25000000000000000        2.5169841945171356E-002   4.6142921173906441E-005
       10000  0.50000000000000000        6.8110749125480652E-003   7.1074789478295603E-004
