         100   1.32288085296750068664550781250000000E-0004
         100   1.27283856272697448730468750000000000E-0004
         100   1.24980928376317024230957031250000000E-0004
         100   1.25117134302854537963867187500000000E-0004
         100   1.22664961963891983032226562500000000E-0004
         100   1.22830970212817192077636718750000000E-0004
         100   1.24348793178796768188476562500000000E-0004
         100   1.22308963909745216369628906250000000E-0004
         100   1.22753903269767761230468750000000000E-0004
         150   2.24289018660783767700195312500000000E-0004
         150   1.66530953720211982727050781250000000E-0004
         150   1.73846958205103874206542968750000000E-0004
         150   1.63951888680458068847656250000000000E-0004
         150   1.72038096934556961059570312500000000E-0004
         150   1.62314856424927711486816406250000000E-0004
         150   1.88393983989953994750976562500000000E-0004
         150   4.62608877569437026977539062500000000E-0005
         150   2.57599167525768280029296875000000000E-0005
         200   5.30190300196409225463867187500000000E-0005
         200   3.93360387533903121948242187500000000E-0005
         200   5.47750387340784072875976562500000000E-0005
         200   5.78060280531644821166992187500000000E-0005
         200   5.57270832359790802001953125000000000E-0005
         200   3.58901452273130416870117187500000000E-0005
         200   3.56079544872045516967773437500000000E-0005
         200   3.67329921573400497436523437500000000E-0005
         200   3.57320532202720642089843750000000000E-0005
         250   6.22838269919157028198242187500000000E-0005
         250   4.55090776085853576660156250000000000E-0005
         250   4.54599503427743911743164062500000000E-0005
         250   7.76208471506834030151367187500000000E-0005
         250   8.66290647536516189575195312500000000E-0005
         250   4.52429521828889846801757812500000000E-0005
         250   4.54171095043420791625976562500000000E-0005
         250   4.62189782410860061645507812500000000E-0005
         250   4.59451694041490554809570312500000000E-0005
         300   5.61720225960016250610351562500000000E-0005
         300   5.65929803997278213500976562500000000E-0005
         300   5.58129977434873580932617187500000000E-0005
         300   5.57119492441415786743164062500000000E-0005
         300   5.87638933211565017700195312500000000E-0005
         300   5.57629391551017761230468750000000000E-0005
         300   5.57771418243646621704101562500000000E-0005
         300   5.55268488824367523193359375000000000E-0005
         300   5.53540885448455810546875000000000000E-0005
         350   8.36919061839580535888671875000000000E-0005
         350   6.63830433040857315063476562500000000E-0005
         350   8.87371134012937545776367187500000000E-0005
         350   7.05900602042675018310546875000000000E-0005
         350   1.17670046165585517883300781250000000E-0004
         350   6.17010518908500671386718750000000000E-0005
         350   7.96709209680557250976562500000000000E-0005
         350   6.03760126978158950805664062500000000E-0005
         350   6.01748470216989517211914062500000000E-0005
         400   7.02869147062301635742187500000000000E-0005
         400   9.01659950613975524902343750000000000E-0005
         400   6.83311372995376586914062500000000000E-0005
         400   6.79991208016872406005859375000000000E-0005
         400   6.85078557580709457397460937500000000E-0005
         400   6.82321842759847640991210937500000000E-0005
         400   6.84689730405807495117187500000000000E-0005
         400   6.77630305290222167968750000000000000E-0005
         400   6.81821256875991821289062500000000000E-0005
         450   8.49408097565174102783203125000000000E-0005
         450   8.01649875938892364501953125000000000E-0005
         450   9.75609291344881057739257812500000000E-0005
         450   7.95689411461353302001953125000000000E-0005
         450   7.93831422924995422363281250000000000E-0005
         450   9.97360330075025558471679687500000000E-0005
         450   7.72608909755945205688476562500000000E-0005
         450   7.73970969021320343017578125000000000E-0005
         450   7.74990767240524291992187500000000000E-0005
         500   8.66118352860212326049804687500000000E-0005
         500   8.58339481055736541748046875000000000E-0005
         500   8.64327885210514068603515625000000000E-0005
         500   8.87929927557706832885742187500000000E-0005
         500   8.64260364323854446411132812500000000E-0005
         500   8.61438456922769546508789062500000000E-0005
         500   8.55769030749797821044921875000000000E-0005
         500   8.63620080053806304931640625000000000E-0005
         500   8.73750541359186172485351562500000000E-0005
         550   1.04405917227268218994140625000000000E-0004
         550   9.61290206760168075561523437500000000E-0005
         550   9.58649907261133193969726562500000000E-0005
         550   9.52449627220630645751953125000000000E-0005
         550   9.59679018706083297729492187500000000E-0005
         550   9.48838423937559127807617187500000000E-0005
         550   9.47730150073766708374023437500000000E-0005
         550   9.56028234213590621948242187500000000E-0005
         550   9.44440253078937530517578125000000000E-0005
         600   1.02759106084704399108886718750000000E-0004
         600   1.01482961326837539672851562500000000E-0004
         600   1.03299040347337722778320312500000000E-0004
         600   1.01965852081775665283203125000000000E-0004
         600   1.02821970358490943908691406250000000E-0004
         600   1.04360980913043022155761718750000000E-0004
         600   1.18277966976165771484375000000000000E-0004
         600   1.02715101093053817749023437500000000E-0004
         600   1.02275051176548004150390625000000000E-0004
         650   1.21450051665306091308593750000000000E-0004
         650   1.12729147076606750488281250000000000E-0004
         650   1.12733105197548866271972656250000000E-0004
         650   1.12711219117045402526855468750000000E-0004
         650   1.12596899271011352539062500000000000E-0004
         650   1.12920999526977539062500000000000000E-0004
         650   1.12358946353197097778320312500000000E-0004
         650   1.13066984340548515319824218750000000E-0004
         650   1.12803885713219642639160156250000000E-0004
         700   1.20501965284347534179687500000000000E-0004
         700   1.23118050396442413330078125000000000E-0004
         700   1.20427925139665603637695312500000000E-0004
         700   1.19943870231509208679199218750000000E-0004
         700   1.20088923722505569458007812500000000E-0004
         700   1.20950164273381233215332031250000000E-0004
         700   1.20657961815595626831054687500000000E-0004
         700   1.41345895826816558837890625000000000E-0004
         700   1.23805133625864982604980468750000000E-0004
         750   1.73167092725634574890136718750000000E-0004
         750   1.60462921485304832458496093750000000E-0004
         750   1.65184959769248962402343750000000000E-0004
         750   1.44033925607800483703613281250000000E-0004
         750   1.63587043061852455139160156250000000E-0004
         750   1.60885043442249298095703125000000000E-0004
         750   1.58594921231269836425781250000000000E-0004
         750   1.70141924172639846801757812500000000E-0004
         750   1.49697996675968170166015625000000000E-0004
         800   1.85816083103418350219726562500000000E-0004
         800   1.59488059580326080322265625000000000E-0004
         800   1.56955095008015632629394531250000000E-0004
         800   1.70873943716287612915039062500000000E-0004
         800   1.50111969560384750366210937500000000E-0004
         800   1.81586947292089462280273437500000000E-0004
         800   1.96771929040551185607910156250000000E-0004
         800   1.76059082150459289550781250000000000E-0004
         800   1.59171177074313163757324218750000000E-0004
         850   1.84341799467802047729492187500000000E-0004
         850   3.03280074149370193481445312500000000E-0004
         850   1.50358071550726890563964843750000000E-0004
         850   1.88773963600397109985351562500000000E-0004
         850   1.48125924170017242431640625000000000E-0004
         850   1.69253908097743988037109375000000000E-0004
         850   1.69504899531602859497070312500000000E-0004
         850   1.65926991030573844909667968750000000E-0004
         850   1.47000188007950782775878906250000000E-0004
         900   1.62692973390221595764160156250000000E-0004
         900   1.76557106897234916687011718750000000E-0004
         900   1.57644972205162048339843750000000000E-0004
         900   1.56585127115249633789062500000000000E-0004
         900   1.55629124492406845092773437500000000E-0004
         900   1.56519934535026550292968750000000000E-0004
         900   1.55488029122352600097656250000000000E-0004
         900   1.57372793182730674743652343750000000E-0004
         900   1.55476154759526252746582031250000000E-0004
         950   1.97462970390915870666503906250000000E-0004
         950   1.68923987075686454772949218750000000E-0004
         950   1.73895852640271186828613281250000000E-0004
         950   1.68205937370657920837402343750000000E-0004
         950   1.68472994118928909301757812500000000E-0004
         950   1.67571939527988433837890625000000000E-0004
         950   1.67950987815856933593750000000000000E-0004
         950   1.68720958754420280456542968750000000E-0004
         950   1.69196864590048789978027343750000000E-0004
        1000   1.72327971085906028747558593750000000E-0004
        1000   1.73639040440320968627929687500000000E-0004
        1000   1.75855122506618499755859375000000000E-0004
        1000   1.73406908288598060607910156250000000E-0004
        1000   1.72757077962160110473632812500000000E-0004
        1000   1.73212029039859771728515625000000000E-0004
        1000   1.74668850377202033996582031250000000E-0004
        1000   1.72433909028768539428710937500000000E-0004
        1000   1.73194101080298423767089843750000000E-0004
        1050   1.98371009901165962219238281250000000E-0004
        1050   1.94584019482135772705078125000000000E-0004
        1050   1.98274850845336914062500000000000000E-0004
        1050   1.89134152606129646301269531250000000E-0004
        1050   1.89200043678283691406250000000000000E-0004
        1050   1.89872924238443374633789062500000000E-0004
        1050   1.88481062650680541992187500000000000E-0004
        1050   1.88803998753428459167480468750000000E-0004
        1050   1.91758852452039718627929687500000000E-0004
        1100   1.95899978280067443847656250000000000E-0004
        1100   1.93545129150152206420898437500000000E-0004
        1100   1.93333951756358146667480468750000000E-0004
        1100   1.93721149116754531860351562500000000E-0004
        1100   1.92762818187475204467773437500000000E-0004
        1100   1.94043153896927833557128906250000000E-0004
        1100   1.94072956219315528869628906250000000E-0004
        1100   1.93468993529677391052246093750000000E-0004
        1100   1.95404980331659317016601562500000000E-0004
        1150   2.38212989643216133117675781250000000E-0004
        1150   2.21509952098131179809570312500000000E-0004
        1150   2.19187000766396522521972656250000000E-0004
        1150   2.21787951886653900146484375000000000E-0004
        1150   2.19417037442326545715332031250000000E-0004
        1150   2.14452156797051429748535156250000000E-0004
        1150   2.20625894144177436828613281250000000E-0004
        1150   2.22743954509496688842773437500000000E-0004
        1150   2.23148846998810768127441406250000000E-0004
        1200   2.08836048841476440429687500000000000E-0004
        1200   2.59978929534554481506347656250000000E-0004
        1200   2.07767821848392486572265625000000000E-0004
        1200   2.09500081837177276611328125000000000E-0004
        1200   2.67723109573125839233398437500000000E-0004
        1200   2.09636986255645751953125000000000000E-0004
        1200   2.08606943488121032714843750000000000E-0004
        1200   2.07192962989211082458496093750000000E-0004
        1200   2.09217891097068786621093750000000000E-0004
        1250   2.29170080274343490600585937500000000E-0004
        1250   2.20315065234899520874023437500000000E-0004
        1250   2.22389819100499153137207031250000000E-0004
        1250   2.24618939682841300964355468750000000E-0004
        1250   2.20346963033080101013183593750000000E-0004
        1250   2.19983048737049102783203125000000000E-0004
        1250   2.19722045585513114929199218750000000E-0004
        1250   2.20748130232095718383789062500000000E-0004
        1250   2.21149995923042297363281250000000000E-0004
        1300   2.29106983169913291931152343750000000E-0004
        1300   2.27669021114706993103027343750000000E-0004
        1300   2.28079967200756072998046875000000000E-0004
        1300   2.27315118536353111267089843750000000E-0004
        1300   2.27676937356591224670410156250000000E-0004
        1300   2.26750969886779785156250000000000000E-0004
        1300   2.26578908041119575500488281250000000E-0004
        1300   2.28155171498656272888183593750000000E-0004
        1300   2.27566109970211982727050781250000000E-0004
        1350   2.46169976890087127685546875000000000E-0004
        1350   2.38672131672501564025878906250000000E-0004
        1350   2.40528024733066558837890625000000000E-0004
        1350   2.37564090639352798461914062500000000E-0004
        1350   2.41386936977505683898925781250000000E-0004
        1350   2.38349894061684608459472656250000000E-0004
        1350   2.41521047428250312805175781250000000E-0004
        1350   2.38736160099506378173828125000000000E-0004
        1350   2.38762004300951957702636718750000000E-0004
        1400   2.43975082412362098693847656250000000E-0004
        1400   2.42927111685276031494140625000000000E-0004
        1400   2.42101959884166717529296875000000000E-0004
        1400   2.42623966187238693237304687500000000E-0004
        1400   2.42667971178889274597167968750000000E-0004
        1400   2.41076108068227767944335937500000000E-0004
        1400   2.42977868765592575073242187500000000E-0004
        1400   2.41586007177829742431640625000000000E-0004
        1400   2.52733007073402404785156250000000000E-0004
        1450   2.97246035188436508178710937500000000E-0004
        1450   2.76195816695690155029296875000000000E-0004
        1450   2.80564883723855018615722656250000000E-0004
        1450   2.77728075161576271057128906250000000E-0004
        1450   2.68018105998635292053222656250000000E-0004
        1450   2.78717838227748870849609375000000000E-0004
        1450   2.75661004707217216491699218750000000E-0004
        1450   2.54123006016016006469726562500000000E-0004
        1450   2.69395997747778892517089843750000000E-0004
        1500   2.67193187028169631958007812500000000E-0004
        1500   2.63500958681106567382812500000000000E-0004
        1500   2.62583140283823013305664062500000000E-0004
        1500   2.62029003351926803588867187500000000E-0004
        1500   2.63011083006858825683593750000000000E-0004
        1500   2.62191984802484512329101562500000000E-0004
        1500   2.65259062871336936950683593750000000E-0004
        1500   2.61782901361584663391113281250000000E-0004
        1500   2.61381035670638084411621093750000000E-0004
        1550   2.83197034150362014770507812500000000E-0004
        1550   2.72989040240645408630371093750000000E-0004
        1550   2.74355988949537277221679687500000000E-0004
        1550   2.75472877547144889831542968750000000E-0004
        1550   2.72401142865419387817382812500000000E-0004
        1550   2.72476114332675933837890625000000000E-0004
        1550   2.74926889687776565551757812500000000E-0004
        1550   2.72399978712201118469238281250000000E-0004
        1550   2.75907106697559356689453125000000000E-0004
        1600   2.86873895674943923950195312500000000E-0004
        1600   2.86580994725227355957031250000000000E-0004
        1600   2.86738155409693717956542968750000000E-0004
        1600   2.86573078483343124389648437500000000E-0004
        1600   2.84716952592134475708007812500000000E-0004
        1600   3.17004974931478500366210937500000000E-0004
        1600   2.84207984805107116699218750000000000E-0004
        1600   2.55707884207367897033691406250000000E-0004
        1600   2.57251085713505744934082031250000000E-0004
        1650   2.74867052212357521057128906250000000E-0004
        1650   2.66105169430375099182128906250000000E-0004
        1650   2.66084214672446250915527343750000000E-0004
        1650   2.65554059296846389770507812500000000E-0004
        1650   2.67385039478540420532226562500000000E-0004
        1650   2.64407135546207427978515625000000000E-0004
        1650   2.67138937488198280334472656250000000E-0004
        1650   2.78812833130359649658203125000000000E-0004
        1650   2.67469091340899467468261718750000000E-0004
        1700   2.72243982180953025817871093750000000E-0004
        1700   2.72804871201515197753906250000000000E-0004
        1700   3.04003013297915458679199218750000000E-0004
        1700   2.89774965494871139526367187500000000E-0004
        1700   2.89273913949728012084960937500000000E-0004
        1700   2.90683005005121231079101562500000000E-0004
        1700   2.79468018561601638793945312500000000E-0004
        1700   2.90181022137403488159179687500000000E-0004
        1700   2.80522974207997322082519531250000000E-0004
        1750   2.93673947453498840332031250000000000E-0004
        1750   2.81983055174350738525390625000000000E-0004
        1750   2.80183972790837287902832031250000000E-0004
        1750   2.78783030807971954345703125000000000E-0004
        1750   2.81688058748841285705566406250000000E-0004
        1750   2.82233115285634994506835937500000000E-0004
        1750   2.80192121863365173339843750000000000E-0004
        1750   2.81524844467639923095703125000000000E-0004
        1750   2.79838917776942253112792968750000000E-0004
        1800   2.87679024040699005126953125000000000E-0004
        1800   2.93680001050233840942382812500000000E-0004
        1800   2.86418944597244262695312500000000000E-0004
        1800   2.87603121250867843627929687500000000E-0004
        1800   2.85967020317912101745605468750000000E-0004
        1800   2.86371912807226181030273437500000000E-0004
        1800   2.85621033981442451477050781250000000E-0004
        1800   2.87803821265697479248046875000000000E-0004
        1800   2.87564937025308609008789062500000000E-0004
        1850   3.06155998259782791137695312500000000E-0004
        1850   2.97033926472067832946777343750000000E-0004
        1850   3.03882872685790061950683593750000000E-0004
        1850   2.96925893053412437438964843750000000E-0004
        1850   2.97318911179900169372558593750000000E-0004
        1850   2.99589941278100013732910156250000000E-0004
        1850   2.96868151053786277770996093750000000E-0004
        1850   2.97760125249624252319335937500000000E-0004
        1850   2.98372935503721237182617187500000000E-0004
        1900   3.05003952234983444213867187500000000E-0004
        1900   3.03206965327262878417968750000000000E-0004
        1900   3.08515969663858413696289062500000000E-0004
        1900   3.02400905638933181762695312500000000E-0004
        1900   3.86751955375075340270996093750000000E-0004
        1900   3.03821871057152748107910156250000000E-0004
        1900   3.03604872897267341613769531250000000E-0004
        1900   3.04341083392500877380371093750000000E-0004
        1900   3.04850051179528236389160156250000000E-0004
        1950   3.70015855878591537475585937500000000E-0004
        1950   3.38613986968994140625000000000000000E-0004
        1950   3.32002062350511550903320312500000000E-0004
        1950   3.56455100700259208679199218750000000E-0004
        1950   3.32867028191685676574707031250000000E-0004
        1950   3.12236137688159942626953125000000000E-0004
        1950   4.50173858553171157836914062500000000E-0004
        1950   3.22008039802312850952148437500000000E-0004
        1950   3.13104130327701568603515625000000000E-0004
        2000   3.18786827847361564636230468750000000E-0004
        2000   3.42857791110873222351074218750000000E-0004
        2000   3.19700920954346656799316406250000000E-0004
        2000   3.19745857268571853637695312500000000E-0004
        2000   3.27531946823000907897949218750000000E-0004
        2000   3.21025028824806213378906250000000000E-0004
        2000   3.42822866514325141906738281250000000E-0004
        2000   3.19025013595819473266601562500000000E-0004
        2000   3.19910002872347831726074218750000000E-0004
        2050   3.40620055794715881347656250000000000E-0004
        2050   3.28595982864499092102050781250000000E-0004
        2050   3.30896815285086631774902343750000000E-0004
        2050   3.37054021656513214111328125000000000E-0004
        2050   3.42583982273936271667480468750000000E-0004
        2050   3.36159951984882354736328125000000000E-0004
        2050   3.34653072059154510498046875000000000E-0004
        2050   3.35385091602802276611328125000000000E-0004
        2050   3.34843061864376068115234375000000000E-0004
        2100   3.34474956616759300231933593750000000E-0004
        2100   3.39487101882696151733398437500000000E-0004
        2100   3.33650968968868255615234375000000000E-0004
        2100   3.34346201270818710327148437500000000E-0004
        2100   3.60305188223719596862792968750000000E-0004
        2100   3.64423962309956550598144531250000000E-0004
        2100   3.34844924509525299072265625000000000E-0004
        2100   3.34248878061771392822265625000000000E-0004
        2100   3.35854012519121170043945312500000000E-0004
        2150   3.56165925040841102600097656250000000E-0004
        2150   3.70146939530968666076660156250000000E-0004
        2150   3.66362044587731361389160156250000000E-0004
        2150   3.70585825294256210327148437500000000E-0004
        2150   3.63420927897095680236816406250000000E-0004
        2150   3.67272878065705299377441406250000000E-0004
        2150   3.52331902831792831420898437500000000E-0004
        2150   3.46022890880703926086425781250000000E-0004
        2150   3.75806121155619621276855468750000000E-0004
        2200   3.52847157046198844909667968750000000E-0004
        2200   3.52203845977783203125000000000000000E-0004
        2200   3.52241098880767822265625000000000000E-0004
        2200   3.57210868969559669494628906250000000E-0004
        2200   3.50860878825187683105468750000000000E-0004
        2200   3.50510003045201301574707031250000000E-0004
        2200   3.54081857949495315551757812500000000E-0004
        2200   3.50954942405223846435546875000000000E-0004
        2200   3.52100934833288192749023437500000000E-0004
        2250   3.73398885130882263183593750000000000E-0004
        2250   3.61520098522305488586425781250000000E-0004
        2250   3.59797850251197814941406250000000000E-0004
        2250   3.73575137928128242492675781250000000E-0004
        2250   3.60507983714342117309570312500000000E-0004
        2250   3.61554091796278953552246093750000000E-0004
        2250   3.60781094059348106384277343750000000E-0004
        2250   3.59754078090190887451171875000000000E-0004
        2250   3.60161997377872467041015625000000000E-0004
        2300   3.69062880054116249084472656250000000E-0004
        2300   3.70061956346035003662109375000000000E-0004
        2300   4.04094113036990165710449218750000000E-0004
        2300   4.12377994507551193237304687500000000E-0004
        2300   3.67182074114680290222167968750000000E-0004
        2300   3.67664964869618415832519531250000000E-0004
        2300   3.68317821994423866271972656250000000E-0004
        2300   3.68003034964203834533691406250000000E-0004
        2300   3.68199078366160392761230468750000000E-0004
        2350   4.33320179581642150878906250000000000E-0004
        2350   4.13049012422561645507812500000000000E-0004
        2350   3.99320153519511222839355468750000000E-0004
        2350   3.99730168282985687255859375000000000E-0004
        2350   3.89941036701202392578125000000000000E-0004
        2350   3.78837808966636657714843750000000000E-0004
        2350   3.92631161957979202270507812500000000E-0004
        2350   3.77022894099354743957519531250000000E-0004
        2350   3.76582145690917968750000000000000000E-0004
        2400   3.95781127735972404479980468750000000E-0004
        2400   3.84374987334012985229492187500000000E-0004
        2400   3.84724931791424751281738281250000000E-0004
        2400   3.84218990802764892578125000000000000E-0004
        2400   3.83639009669423103332519531250000000E-0004
        2400   3.84808983653783798217773437500000000E-0004
        2400   3.84647864848375320434570312500000000E-0004
        2400   3.84397106245160102844238281250000000E-0004
        2400   3.96268907934427261352539062500000000E-0004
        2450   3.96277057006955146789550781250000000E-0004
        2450   3.84495127946138381958007812500000000E-0004
        2450   3.83889069780707359313964843750000000E-0004
        2450   3.83886042982339859008789062500000000E-0004
        2450   3.83170088753104209899902343750000000E-0004
        2450   3.85455088689923286437988281250000000E-0004
        2450   3.83492792025208473205566406250000000E-0004
        2450   3.84456943720579147338867187500000000E-0004
        2450   4.73877182230353355407714843750000000E-0004
        2500   3.92313115298748016357421875000000000E-0004
        2500   3.92867950722575187683105468750000000E-0004
        2500   3.96128045395016670227050781250000000E-0004
        2500   3.91617882996797561645507812500000000E-0004
        2500   3.90106113627552986145019531250000000E-0004
        2500   3.92040004953742027282714843750000000E-0004
        2500   4.69181919470429420471191406250000000E-0004
        2500   4.12019900977611541748046875000000000E-0004
        2500   4.14439942687749862670898437500000000E-0004
        2550   4.46218065917491912841796875000000000E-0004
        2550   4.10210108384490013122558593750000000E-0004
        2550   4.29090112447738647460937500000000000E-0004
        2550   4.04157908633351325988769531250000000E-0004
        2550   4.09252941608428955078125000000000000E-0004
        2550   3.98315023630857467651367187500000000E-0004
        2550   3.98578122258186340332031250000000000E-0004
        2550   4.00364166125655174255371093750000000E-0004
        2550   3.96934105083346366882324218750000000E-0004
        2600   4.05392143875360488891601562500000000E-0004
        2600   4.06528124585747718811035156250000000E-0004
        2600   4.06074104830622673034667968750000000E-0004
        2600   4.16797818616032600402832031250000000E-0004
        2600   4.06760955229401588439941406250000000E-0004
        2600   4.04490157961845397949218750000000000E-0004
        2600   4.05973987653851509094238281250000000E-0004
        2600   4.05411934480071067810058593750000000E-0004
        2600   4.07317187637090682983398437500000000E-0004
        2650   4.25874954089522361755371093750000000E-0004
        2650   4.62775118649005889892578125000000000E-0004
        2650   4.44227829575538635253906250000000000E-0004
        2650   4.20298893004655838012695312500000000E-0004
        2650   4.15240880101919174194335937500000000E-0004
        2650   4.18949872255325317382812500000000000E-0004
        2650   4.16088150814175605773925781250000000E-0004
        2650   4.15563816204667091369628906250000000E-0004
        2650   4.16078139096498489379882812500000000E-0004
        2700   6.21862011030316352844238281250000000E-0004
        2700   5.24721806868910789489746093750000000E-0004
        2700   4.57924092188477516174316406250000000E-0004
        2700   5.42300986126065254211425781250000000E-0004
        2700   4.57752961665391921997070312500000000E-0004
        2700   4.67441044747829437255859375000000000E-0004
        2700   4.52530803158879280090332031250000000E-0004
        2700   7.04294070601463317871093750000000000E-0004
        2700   4.31203981861472129821777343750000000E-0004
        2750   6.02219020947813987731933593750000000E-0004
        2750   5.66353090107440948486328125000000000E-0004
        2750   4.34770015999674797058105468750000000E-0004
        2750   5.07452990859746932983398437500000000E-0004
        2750   4.47754049673676490783691406250000000E-0004
        2750   4.31055901572108268737792968750000000E-0004
        2750   4.32443106546998023986816406250000000E-0004
        2750   4.46805963292717933654785156250000000E-0004
        2750   4.32416796684265136718750000000000000E-0004
        2800   4.43133991211652755737304687500000000E-0004
        2800   5.58779109269380569458007812500000000E-0004
        2800   4.41931886598467826843261718750000000E-0004
        2800   4.40299976617097854614257812500000000E-0004
        2800   4.45041107013821601867675781250000000E-0004
        2800   4.42313030362129211425781250000000000E-0004
        2800   4.44637844339013099670410156250000000E-0004
        2800   4.40384028479456901550292968750000000E-0004
        2800   4.38467832282185554504394531250000000E-0004
        2850   4.59738075733184814453125000000000000E-0004
        2850   4.98609850183129310607910156250000000E-0004
        2850   5.70361968129873275756835937500000000E-0004
        2850   4.79223206639289855957031250000000000E-0004
        2850   4.65666875243186950683593750000000000E-0004
        2850   4.75946813821792602539062500000000000E-0004
        2850   5.21034933626651763916015625000000000E-0004
        2850   5.61101827770471572875976562500000000E-0004
        2850   4.47714934125542640686035156250000000E-0004
        2900   4.55662142485380172729492187500000000E-0004
        2900   4.58413967862725257873535156250000000E-0004
        2900   4.56423964351415634155273437500000000E-0004
        2900   4.61375107988715171813964843750000000E-0004
        2900   4.55206027254462242126464843750000000E-0004
        2900   4.56266105175018310546875000000000000E-0004
        2900   4.55809058621525764465332031250000000E-0004
        2900   4.53815795481204986572265625000000000E-0004
        2900   4.57714777439832687377929687500000000E-0004
        2950   5.18881948664784431457519531250000000E-0004
        2950   4.71343053504824638366699218750000000E-0004
        2950   4.65931836515665054321289062500000000E-0004
        2950   4.63519943878054618835449218750000000E-0004
        2950   4.68863872811198234558105468750000000E-0004
        2950   4.67507168650627136230468750000000000E-0004
        2950   4.65856865048408508300781250000000000E-0004
        2950   4.63553005829453468322753906250000000E-0004
        2950   5.08812023326754570007324218750000000E-0004
        3000   4.71462029963731765747070312500000000E-0004
        3000   4.71913022920489311218261718750000000E-0004
        3000   5.01713017001748085021972656250000000E-0004
        3000   5.00184949487447738647460937500000000E-0004
        3000   5.06248092278838157653808593750000000E-0004
        3000   5.45935938134789466857910156250000000E-0004
        3000   4.76554036140441894531250000000000000E-0004
        3000   4.95241023600101470947265625000000000E-0004
        3000   4.71942126750946044921875000000000000E-0004
        3050   4.90654027089476585388183593750000000E-0004
        3050   4.81408089399337768554687500000000000E-0004
        3050   4.86206030473113059997558593750000000E-0004
        3050   4.79125883430242538452148437500000000E-0004
        3050   4.79303067550063133239746093750000000E-0004
        3050   4.79750102385878562927246093750000000E-0004
        3050   4.79283975437283515930175781250000000E-0004
        3050   4.79250913485884666442871093750000000E-0004
        3050   4.79804119095206260681152343750000000E-0004
        3100   4.88789053633809089660644531250000000E-0004
        3100   4.86704055219888687133789062500000000E-0004
        3100   4.87371813505887985229492187500000000E-0004
        3100   4.86884033307433128356933593750000000E-0004
        3100   4.91183949634432792663574218750000000E-0004
        3100   4.85662836581468582153320312500000000E-0004
        3100   5.09071163833141326904296875000000000E-0004
        3100   5.25420065969228744506835937500000000E-0004
        3100   4.86623030155897140502929687500000000E-0004
        3150   5.05279051139950752258300781250000000E-0004
        3150   5.37264859303832054138183593750000000E-0004
        3150   7.16623151674866676330566406250000000E-0004
        3150   5.22132962942123413085937500000000000E-0004
        3150   5.18140150234103202819824218750000000E-0004
        3150   4.99289017170667648315429687500000000E-0004
        3150   5.27582829818129539489746093750000000E-0004
        3150   4.97067114338278770446777343750000000E-0004
        3150   4.96634980663657188415527343750000000E-0004
        3200   5.02435024827718734741210937500000000E-0004
        3200   5.03833172842860221862792968750000000E-0004
        3200   5.03754941746592521667480468750000000E-0004
        3200   5.42243011295795440673828125000000000E-0004
        3200   5.03206159919500350952148437500000000E-0004
        3200   5.03634102642536163330078125000000000E-0004
        3200   5.09124016389250755310058593750000000E-0004
        3200   5.09503995999693870544433593750000000E-0004
        3200   5.04375901073217391967773437500000000E-0004
        3250   5.23529946804046630859375000000000000E-0004
        3250   5.13283070176839828491210937500000000E-0004
        3250   5.16161089763045310974121093750000000E-0004
        3250   5.61144901439547538757324218750000000E-0004
        3250   5.12758968397974967956542968750000000E-0004
        3250   5.13040926307439804077148437500000000E-0004
        3250   5.17260981723666191101074218750000000E-0004
        3250   5.13487961143255233764648437500000000E-0004
        3250   6.20034988969564437866210937500000000E-0004
        3300   5.88583992794156074523925781250000000E-0004
        3300   6.24238979071378707885742187500000000E-0004
        3300   5.87676884606480598449707031250000000E-0004
        3300   7.30543164536356925964355468750000000E-0004
        3300   5.37559157237410545349121093750000000E-0004
        3300   5.89257106184959411621093750000000000E-0004
        3300   5.51376026123762130737304687500000000E-0004
        3300   5.27283875271677970886230468750000000E-0004
        3300   5.23441005498170852661132812500000000E-0004
        3350   5.67323993891477584838867187500000000E-0004
        3350   5.51613047719001770019531250000000000E-0004
        3350   5.40010165423154830932617187500000000E-0004
        3350   5.39305154234170913696289062500000000E-0004
        3350   5.40821114555001258850097656250000000E-0004
        3350   5.39954053238034248352050781250000000E-0004
        3350   5.40338922291994094848632812500000000E-0004
        3350   5.55992126464843750000000000000000000E-0004
        3350   5.41341956704854965209960937500000000E-0004
        3400   5.48470066860318183898925781250000000E-0004
        3400   5.51576958969235420227050781250000000E-0004
        3400   5.45449089258909225463867187500000000E-0004
        3400   5.45532908290624618530273437500000000E-0004
        3400   7.06064980477094650268554687500000000E-0004
        3400   6.11474970355629920959472656250000000E-0004
        3400   5.93202887102961540222167968750000000E-0004
        3400   6.10918970778584480285644531250000000E-0004
        3400   5.58885978534817695617675781250000000E-0004
        3450   5.87081070989370346069335937500000000E-0004
        3450   5.68194082006812095642089843750000000E-0004
        3450   5.74879115447402000427246093750000000E-0004
        3450   6.33107032626867294311523437500000000E-0004
        3450   5.68300951272249221801757812500000000E-0004
        3450   5.63233857974410057067871093750000000E-0004
        3450   5.57056162506341934204101562500000000E-0004
        3450   5.59655949473381042480468750000000000E-0004
        3450   5.57750929147005081176757812500000000E-0004
        3500   5.66930975764989852905273437500000000E-0004
        3500   6.39935955405235290527343750000000000E-0004
        3500   5.93591947108507156372070312500000000E-0004
        3500   5.60196116566658020019531250000000000E-0004
        3500   5.63493929803371429443359375000000000E-0004
        3500   5.62004046514630317687988281250000000E-0004
        3500   5.61099033802747726440429687500000000E-0004
        3500   5.87980030104517936706542968750000000E-0004
        3500   6.06864923611283302307128906250000000E-0004
        3550   6.22980063781142234802246093750000000E-0004
        3550   5.92394964769482612609863281250000000E-0004
        3550   5.69476978853344917297363281250000000E-0004
        3550   5.70866046473383903503417968750000000E-0004
        3550   5.71456039324402809143066406250000000E-0004
        3550   5.70726813748478889465332031250000000E-0004
        3550   5.77545026317238807678222656250000000E-0004
        3550   5.74245816096663475036621093750000000E-0004
        3550   5.71285840123891830444335937500000000E-0004
        3600   5.85223082453012466430664062500000000E-0004
        3600   5.78605104237794876098632812500000000E-0004
        3600   5.86569076403975486755371093750000000E-0004
        3600   5.78667968511581420898437500000000000E-0004
        3600   6.10074028372764587402343750000000000E-0004
        3600   5.77880069613456726074218750000000000E-0004
        3600   5.78043051064014434814453125000000000E-0004
        3600   5.80034917220473289489746093750000000E-0004
        3600   6.69382978230714797973632812500000000E-0004
        3650   7.87134049460291862487792968750000000E-0004
        3650   7.89947109296917915344238281250000000E-0004
        3650   5.88614959269762039184570312500000000E-0004
        3650   6.07616035267710685729980468750000000E-0004
        3650   5.86455920711159706115722656250000000E-0004
        3650   5.84101071581244468688964843750000000E-0004
        3650   5.87844057008624076843261718750000000E-0004
        3650   5.97702106460928916931152343750000000E-0004
        3650   5.85594912990927696228027343750000000E-0004
        3700   5.92587981373071670532226562500000000E-0004
        3700   5.92353055253624916076660156250000000E-0004
        3700   5.93374017626047134399414062500000000E-0004
        3700   6.03688182309269905090332031250000000E-0004
        3700   5.95569144934415817260742187500000000E-0004
        3700   5.94306038692593574523925781250000000E-0004
        3700   5.94218028709292411804199218750000000E-0004
        3700   5.93004049733281135559082031250000000E-0004
        3700   5.92800090089440345764160156250000000E-0004
        3750   6.13373937085270881652832031250000000E-0004
        3750   6.14330871030688285827636718750000000E-0004
        3750   6.87033869326114654541015625000000000E-0004
        3750   6.54425006359815597534179687500000000E-0004
        3750   6.57235039398074150085449218750000000E-0004
        3750   6.80533004924654960632324218750000000E-0004
        3750   6.37474935501813888549804687500000000E-0004
        3750   6.04671891778707504272460937500000000E-0004
        3750   6.04024855419993400573730468750000000E-0004
        3800   6.25314889475703239440917968750000000E-0004
        3800   6.10488932579755783081054687500000000E-0004
        3800   6.09496841207146644592285156250000000E-0004
        3800   6.09064009040594100952148437500000000E-0004
        3800   6.09380193054676055908203125000000000E-0004
        3800   6.10013026744127273559570312500000000E-0004
        3800   6.36758981272578239440917968750000000E-0004
        3800   6.16072909906506538391113281250000000E-0004
        3800   6.06763176620006561279296875000000000E-0004
        3850   6.51803798973560333251953125000000000E-0004
        3850   6.19893195107579231262207031250000000E-0004
        3850   6.40319194644689559936523437500000000E-0004
        3850   6.18117162957787513732910156250000000E-0004
        3850   6.20117178186774253845214843750000000E-0004
        3850   7.04410020262002944946289062500000000E-0004
        3850   7.03181838616728782653808593750000000E-0004
        3850   6.55228970572352409362792968750000000E-0004
        3850   6.22585881501436233520507812500000000E-0004
        3900   6.23591942712664604187011718750000000E-0004
        3900   6.36434881016612052917480468750000000E-0004
        3900   6.26137014478445053100585937500000000E-0004
        3900   6.24025939032435417175292968750000000E-0004
        3900   6.24255975708365440368652343750000000E-0004
        3900   6.28330977633595466613769531250000000E-0004
        3900   6.24919077381491661071777343750000000E-0004
        3900   7.13112065568566322326660156250000000E-0004
        3900   6.28775916993618011474609375000000000E-0004
        3950   6.45990017801523208618164062500000000E-0004
        3950   6.36232085525989532470703125000000000E-0004
        3950   6.43806997686624526977539062500000000E-0004
        3950   6.33178045973181724548339843750000000E-0004
        3950   6.32726820185780525207519531250000000E-0004
        3950   6.30283029749989509582519531250000000E-0004
        3950   6.33408082649111747741699218750000000E-0004
        3950   7.42034055292606353759765625000000000E-0004
        3950   6.71501038596034049987792968750000000E-0004
        4000   6.69874018058180809020996093750000000E-0004
        4000   6.51852926239371299743652343750000000E-0004
        4000   6.36410899460315704345703125000000000E-0004
        4000   6.70586945489048957824707031250000000E-0004
        4000   6.36868178844451904296875000000000000E-0004
        4000   6.36180164292454719543457031250000000E-0004
        4000   6.36345008388161659240722656250000000E-0004
        4000   6.35850941762328147888183593750000000E-0004
        4000   6.51086913421750068664550781250000000E-0004
        4050   6.57865079119801521301269531250000000E-0004
        4050   6.45363936200737953186035156250000000E-0004
        4050   6.47332053631544113159179687500000000E-0004
        4050   7.17591959983110427856445312500000000E-0004
        4050   6.46394910290837287902832031250000000E-0004
        4050   6.46393978968262672424316406250000000E-0004
        4050   6.48521119728684425354003906250000000E-0004
        4050   6.48456858471035957336425781250000000E-0004
        4050   6.82766083627939224243164062500000000E-0004
        4100   7.13302986696362495422363281250000000E-0004
        4100   7.09590967744588851928710937500000000E-0004
        4100   6.63143815472722053527832031250000000E-0004
        4100   6.78758136928081512451171875000000000E-0004
        4100   6.55194045975804328918457031250000000E-0004
        4100   6.54423842206597328186035156250000000E-0004
        4100   6.55768904834985733032226562500000000E-0004
        4100   6.55707204714417457580566406250000000E-0004
        4100   6.54452946037054061889648437500000000E-0004
        4150   6.90069980919361114501953125000000000E-0004
        4150   6.60574994981288909912109375000000000E-0004
        4150   6.63907034322619438171386718750000000E-0004
        4150   6.71118032187223434448242187500000000E-0004
        4150   6.98880990967154502868652343750000000E-0004
        4150   6.65782019495964050292968750000000000E-0004
        4150   6.69782049953937530517578125000000000E-0004
        4150   6.64574094116687774658203125000000000E-0004
        4150   6.63366168737411499023437500000000000E-0004
        4200   7.78480898588895797729492187500000000E-0004
        4200   7.46069941669702529907226562500000000E-0004
        4200   7.29467021301388740539550781250000000E-0004
        4200   7.29058170691132545471191406250000000E-0004
        4200   7.07173021510243415832519531250000000E-0004
        4200   8.37636180222034454345703125000000000E-0004
        4200   6.83194026350975036621093750000000000E-0004
        4200   7.27063044905662536621093750000000000E-0004
        4200   6.87408959493041038513183593750000000E-0004
        4250   7.11065949872136116027832031250000000E-0004
        4250   6.99307071045041084289550781250000000E-0004
        4250   6.81282952427864074707031250000000000E-0004
        4250   7.72702973335981369018554687500000000E-0004
        4250   6.81041041389107704162597656250000000E-0004
        4250   6.82674115523695945739746093750000000E-0004
        4250   6.82984944432973861694335937500000000E-0004
        4250   6.79492019116878509521484375000000000E-0004
        4250   6.99199037626385688781738281250000000E-0004
        4300   7.00552016496658325195312500000000000E-0004
        4300   7.53306085243821144104003906250000000E-0004
        4300   7.31359003111720085144042968750000000E-0004
        4300   7.11826141923666000366210937500000000E-0004
        4300   8.32186080515384674072265625000000000E-0004
        4300   6.89103966578841209411621093750000000E-0004
        4300   6.88022933900356292724609375000000000E-0004
        4300   6.87681138515472412109375000000000000E-0004
        4300   6.95762922987341880798339843750000000E-0004
        4350   7.04401172697544097900390625000000000E-0004
        4350   6.94069080054759979248046875000000000E-0004
        4350   6.95816008374094963073730468750000000E-0004
        4350   7.87880038842558860778808593750000000E-0004
        4350   6.96078874170780181884765625000000000E-0004
        4350   6.98974123224616050720214843750000000E-0004
        4350   6.96598086506128311157226562500000000E-0004
        4350   6.96900999173521995544433593750000000E-0004
        4350   6.99791125953197479248046875000000000E-0004
        4400   7.10182823240756988525390625000000000E-0004
        4400   7.64202093705534934997558593750000000E-0004
        4400   7.48184975236654281616210937500000000E-0004
        4400   7.40999821573495864868164062500000000E-0004
        4400   8.13182909041643142700195312500000000E-0004
        4400   7.07366038113832473754882812500000000E-0004
        4400   7.05637969076633453369140625000000000E-0004
        4400   7.06684077158570289611816406250000000E-0004
        4400   7.13083194568753242492675781250000000E-0004
        4450   7.23169883713126182556152343750000000E-0004
        4450   7.14062945917248725891113281250000000E-0004
        4450   7.15093920007348060607910156250000000E-0004
        4450   7.11334869265556335449218750000000000E-0004
        4450   7.15265050530433654785156250000000000E-0004
        4450   7.15753994882106781005859375000000000E-0004
        4450   7.19039002433419227600097656250000000E-0004
        4450   7.16172158718109130859375000000000000E-0004
        4450   7.65987904742360115051269531250000000E-0004
        4500   7.25551042705774307250976562500000000E-0004
        4500   8.05279007181525230407714843750000000E-0004
        4500   7.92969949543476104736328125000000000E-0004
        4500   7.68047058954834938049316406250000000E-0004
        4500   8.20704037323594093322753906250000000E-0004
        4500   7.20595940947532653808593750000000000E-0004
        4500   7.20713986083865165710449218750000000E-0004
        4500   7.33096851035952568054199218750000000E-0004
        4500   7.19301868230104446411132812500000000E-0004
        4550   7.46994977816939353942871093750000000E-0004
        4550   7.29115912690758705139160156250000000E-0004
        4550   7.37929018214344978332519531250000000E-0004
        4550   7.29460967704653739929199218750000000E-0004
        4550   7.26758036762475967407226562500000000E-0004
        4550   7.30798114091157913208007812500000000E-0004
        4550   7.53810163587331771850585937500000000E-0004
        4550   7.63326184824109077453613281250000000E-0004
        4550   7.26564088836312294006347656250000000E-0004
        4600   7.33124092221260070800781250000000000E-0004
        4600   8.95574921742081642150878906250000000E-0004
        4600   8.70837131515145301818847656250000000E-0004
        4600   8.46442999318242073059082031250000000E-0004
        4600   9.60272038355469703674316406250000000E-0004
        4600   7.79401976615190505981445312500000000E-0004
        4600   7.76620814576745033264160156250000000E-0004
        4600   7.41994008421897888183593750000000000E-0004
        4600   7.58870970457792282104492187500000000E-0004
        4650   7.63138988986611366271972656250000000E-0004
        4650   7.30652129277586936950683593750000000E-0004
        4650   7.28735001757740974426269531250000000E-0004
        4650   7.34671019017696380615234375000000000E-0004
        4650   7.86518212407827377319335937500000000E-0004
        4650   7.31811160221695899963378906250000000E-0004
        4650   7.29501014575362205505371093750000000E-0004
        4650   7.30345025658607482910156250000000000E-0004
        4650   7.30084953829646110534667968750000000E-0004
        4700   7.95918982475996017456054687500000000E-0004
        4700   7.91680999100208282470703125000000000E-0004
        4700   7.46394973248243331909179687500000000E-0004
        4700   8.93343938514590263366699218750000000E-0004
        4700   7.38959992304444313049316406250000000E-0004
        4700   7.41345807909965515136718750000000000E-0004
        4700   7.41621013730764389038085937500000000E-0004
        4700   7.39790033549070358276367187500000000E-0004
        4700   7.50338891521096229553222656250000000E-0004
        4750   7.66257988288998603820800781250000000E-0004
        4750   7.48899066820740699768066406250000000E-0004
        4750   7.46286939829587936401367187500000000E-0004
        4750   7.93032115325331687927246093750000000E-0004
        4750   7.47943995520472526550292968750000000E-0004
        4750   7.49296043068170547485351562500000000E-0004
        4750   7.47575191780924797058105468750000000E-0004
        4750   7.62967159971594810485839843750000000E-0004
        4750   8.16690968349575996398925781250000000E-0004
        4800   8.19100998342037200927734375000000000E-0004
        4800   8.67047114297747611999511718750000000E-0004
        4800   7.57342902943491935729980468750000000E-0004
        4800   7.55082117393612861633300781250000000E-0004
        4800   7.63216055929660797119140625000000000E-0004
        4800   7.58193898946046829223632812500000000E-0004
        4800   8.16201092675328254699707031250000000E-0004
        4800   7.57419038563966751098632812500000000E-0004
        4800   7.56894005462527275085449218750000000E-0004
        4850   8.01095971837639808654785156250000000E-0004
        4850   7.65915028750896453857421875000000000E-0004
        4850   7.65345059335231781005859375000000000E-0004
        4850   7.62053066864609718322753906250000000E-0004
        4850   7.64071941375732421875000000000000000E-0004
        4850   8.13744030892848968505859375000000000E-0004
        4850   7.65218166634440422058105468750000000E-0004
        4850   8.40728869661688804626464843750000000E-0004
        4850   8.67024995386600494384765625000000000E-0004
        4900   7.81858107075095176696777343750000000E-0004
        4900   7.73879932239651679992675781250000000E-0004
        4900   7.72051978856325149536132812500000000E-0004
        4900   7.71950930356979370117187500000000000E-0004
        4900   7.82317947596311569213867187500000000E-0004
        4900   7.70176062360405921936035156250000000E-0004
        4900   7.69752077758312225341796875000000000E-0004
        4900   7.68369995057582855224609375000000000E-0004
        4900   7.69685022532939910888671875000000000E-0004
        4950   7.90556194260716438293457031250000000E-0004
        4950   7.77749810367822647094726562500000000E-0004
        4950   7.78779154643416404724121093750000000E-0004
        4950   8.95511126145720481872558593750000000E-0004
        4950   7.76879023760557174682617187500000000E-0004
        4950   1.12005602568387985229492187500000000E-0003
        4950   9.26834996789693832397460937500000000E-0004
        4950   9.76291950792074203491210937500000000E-0004
        4950   1.12279783934354782104492187500000000E-0003
        5000   9.05564986169338226318359375000000000E-0004
        5000   8.03482951596379280090332031250000000E-0004
        5000   8.35388898849487304687500000000000000E-0004
        5000   7.83398980274796485900878906250000000E-0004
        5000   7.81917013227939605712890625000000000E-0004
        5000   7.94958090409636497497558593750000000E-0004
        5000   7.82137038186192512512207031250000000E-0004
        5000   7.82387796789407730102539062500000000E-0004
        5000   7.83724011853337287902832031250000000E-0004
        5050   8.03506933152675628662109375000000000E-0004
        5050   7.93870072811841964721679687500000000E-0004
        5050   8.63163033500313758850097656250000000E-0004
        5050   9.05368011444807052612304687500000000E-0004
        5050   8.68293922394514083862304687500000000E-0004
        5050   7.90941063314676284790039062500000000E-0004
        5050   8.48120078444480895996093750000000000E-0004
        5050   8.02017981186509132385253906250000000E-0004
        5050   7.90772959589958190917968750000000000E-0004
        5100   7.96345993876457214355468750000000000E-0004
        5100   7.95080093666911125183105468750000000E-0004
        5100   8.03044997155666351318359375000000000E-0004
        5100   8.03433125838637351989746093750000000E-0004
        5100   7.96332955360412597656250000000000000E-0004
        5100   7.98591179773211479187011718750000000E-0004
        5100   8.27886862680315971374511718750000000E-0004
        5100   8.32461053505539894104003906250000000E-0004
        5100   7.97180924564599990844726562500000000E-0004
        5150   1.24348700046539306640625000000000000E-0003
        5150   9.39447199925780296325683593750000000E-0004
        5150   9.19808167964220046997070312500000000E-0004
        5150   8.06522089987993240356445312500000000E-0004
        5150   8.27404204756021499633789062500000000E-0004
        5150   8.05505085736513137817382812500000000E-0004
        5150   8.02472000941634178161621093750000000E-0004
        5150   8.00268026068806648254394531250000000E-0004
        5150   8.07080883532762527465820312500000000E-0004
        5200   8.12738901004195213317871093750000000E-0004
        5200   8.10827128589153289794921875000000000E-0004
        5200   8.10687895864248275756835937500000000E-0004
        5200   1.12360785715281963348388671875000000E-0003
        5200   8.12543788924813270568847656250000000E-0004
        5200   8.12649028375744819641113281250000000E-0004
        5200   8.12375918030738830566406250000000000E-0004
        5200   8.98901838809251785278320312500000000E-0004
        5200   8.77527985721826553344726562500000000E-0004
        5250   8.74625053256750106811523437500000000E-0004
        5250   8.28986056149005889892578125000000000E-0004
        5250   8.25176946818828582763671875000000000E-0004
        5250   8.24447954073548316955566406250000000E-0004
        5250   8.27567884698510169982910156250000000E-0004
        5250   8.29181866720318794250488281250000000E-0004
        5250   8.27023992314934730529785156250000000E-0004
        5250   8.24816990643739700317382812500000000E-0004
        5250   8.26410017907619476318359375000000000E-0004
        5300   8.45151022076606750488281250000000000E-0004
        5300   8.46515875309705734252929687500000000E-0004
        5300   8.40568915009498596191406250000000000E-0004
        5300   9.01780091226100921630859375000000000E-0004
        5300   1.13928597420454025268554687500000000E-0003
        5300   9.04463930055499076843261718750000000E-0004
        5300   8.65448964759707450866699218750000000E-0004
        5300   8.68011033162474632263183593750000000E-0004
        5300   8.37132101878523826599121093750000000E-0004
        5350   8.70897900313138961791992187500000000E-0004
        5350   8.51046992465853691101074218750000000E-0004
        5350   8.58661951497197151184082031250000000E-0004
        5350   8.56217928230762481689453125000000000E-0004
        5350   8.61591892316937446594238281250000000E-0004
        5350   8.60847998410463333129882812500000000E-0004
        5350   8.61422857269644737243652343750000000E-0004
        5350   8.48485156893730163574218750000000000E-0004
        5350   8.48283991217613220214843750000000000E-0004
        5400   9.11083072423934936523437500000000000E-0004
        5400   1.05388695374131202697753906250000000E-0003
        5400   1.32907694205641746520996093750000000E-0003
        5400   1.24637596309185028076171875000000000E-0003
        5400   1.04923290200531482696533203125000000E-0003
        5400   9.36168944463133811950683593750000000E-0004
        5400   9.28531866520643234252929687500000000E-0004
        5400   8.83331056684255599975585937500000000E-0004
        5400   8.58074985444545745849609375000000000E-0004
        5450   8.90211900696158409118652343750000000E-0004
        5450   8.69401032105088233947753906250000000E-0004
        5450   8.68432922288775444030761718750000000E-0004
        5450   8.62342072650790214538574218750000000E-0004
        5450   8.64179106429219245910644531250000000E-0004
        5450   8.76990146934986114501953125000000000E-0004
        5450   9.56577016040682792663574218750000000E-0004
        5450   9.66184074059128761291503906250000000E-0004
        5450   9.19113866984844207763671875000000000E-0004
        5500   8.80943145602941513061523437500000000E-0004
        5500   9.01394989341497421264648437500000000E-0004
        5500   8.75988975167274475097656250000000000E-0004
        5500   8.78076069056987762451171875000000000E-0004
        5500   8.77941958606243133544921875000000000E-0004
        5500   8.87749018147587776184082031250000000E-0004
        5500   8.75414116308093070983886718750000000E-0004
        5500   8.72913049533963203430175781250000000E-0004
        5500   8.78683989867568016052246093750000000E-0004
        5550   9.09763853996992111206054687500000000E-0004
        5550   8.97808931767940521240234375000000000E-0004
        5550   1.16857606917619705200195312500000000E-0003
        5550   9.61248064413666725158691406250000000E-0004
        5550   9.56770032644271850585937500000000000E-0004
        5550   8.88251001015305519104003906250000000E-0004
        5550   9.05277905985713005065917968750000000E-0004
        5550   8.88469163328409194946289062500000000E-0004
        5550   9.38155921176075935363769531250000000E-0004
        5600   9.02259023860096931457519531250000000E-0004
        5600   8.98189144209027290344238281250000000E-0004
        5600   8.87584872543811798095703125000000000E-0004
        5600   8.93347896635532379150390625000000000E-0004
        5600   1.02038891054689884185791015625000000E-0003
        5600   8.89552989974617958068847656250000000E-0004
        5600   8.90576047822833061218261718750000000E-0004
        5600   9.41799022257328033447265625000000000E-0004
        5600   1.07012316584587097167968750000000000E-0003
        5650   9.23604937270283699035644531250000000E-0004
        5650   9.08405985683202743530273437500000000E-0004
        5650   8.98903934285044670104980468750000000E-0004
        5650   8.95024975761771202087402343750000000E-0004
        5650   8.94950004294514656066894531250000000E-0004
        5650   9.06012021005153656005859375000000000E-0004
        5650   9.00560058653354644775390625000000000E-0004
        5650   8.93340911716222763061523437500000000E-0004
        5650   8.97357007488608360290527343750000000E-0004
        5700   9.05429944396018981933593750000000000E-0004
        5700   9.08632064238190650939941406250000000E-0004
        5700   9.08866059035062789916992187500000000E-0004
        5700   1.18818599730730056762695312500000000E-0003
        5700   1.20285106822848320007324218750000000E-0003
        5700   1.04997702874243259429931640625000000E-0003
        5700   1.20521895587444305419921875000000000E-0003
        5700   9.48900124058127403259277343750000000E-0004
        5700   9.17579978704452514648437500000000000E-0004
        5750   9.39391786232590675354003906250000000E-0004
        5750   9.15033975616097450256347656250000000E-0004
        5750   9.16905933991074562072753906250000000E-0004
        5750   9.63335856795310974121093750000000000E-0004
        5750   9.11046983674168586730957031250000000E-0004
        5750   9.15685901418328285217285156250000000E-0004
        5750   9.15491022169589996337890625000000000E-0004
        5750   9.19368118047714233398437500000000000E-0004
        5750   1.12227513454854488372802734375000000E-0003
        5800   9.39118210226297378540039062500000000E-0004
        5800   9.62398014962673187255859375000000000E-0004
        5800   9.06595028936862945556640625000000000E-0004
        5800   9.23869898542761802673339843750000000E-0004
        5800   9.26150940358638763427734375000000000E-0004
        5800   9.18349018320441246032714843750000000E-0004
        5800   9.11003910005092620849609375000000000E-0004
        5800   9.32249939069151878356933593750000000E-0004
        5800   9.93255991488695144653320312500000000E-0004
        5850   9.39575023949146270751953125000000000E-0004
        5850   9.16559016332030296325683593750000000E-0004
        5850   9.22549981623888015747070312500000000E-0004
        5850   1.43194803968071937561035156250000000E-0003
        5850   1.21970707550644874572753906250000000E-0003
        5850   1.11525109969079494476318359375000000E-0003
        5850   9.77548072114586830139160156250000000E-0004
        5850   9.13788098841905593872070312500000000E-0004
        5850   9.22663137316703796386718750000000000E-0004
        5900   9.21262893825769424438476562500000000E-0004
        5900   9.23066865652799606323242187500000000E-0004
        5900   9.42473998293280601501464843750000000E-0004
        5900   9.22881998121738433837890625000000000E-0004
        5900   9.52819129452109336853027343750000000E-0004
        5900   9.22915060073137283325195312500000000E-0004
        5900   1.00582512095570564270019531250000000E-0003
        5900   9.58620104938745498657226562500000000E-0004
        5900   1.39700411818921566009521484375000000E-0003
        5950   1.13641610369086265563964843750000000E-0003
        5950   1.01116509176790714263916015625000000E-0003
        5950   9.74158057942986488342285156250000000E-0004
        5950   1.01600517518818378448486328125000000E-0003
        5950   9.30883921682834625244140625000000000E-0004
        5950   9.48011176660656929016113281250000000E-0004
        5950   9.29241068661212921142578125000000000E-0004
        5950   9.42426966503262519836425781250000000E-0004
        5950   9.36257187277078628540039062500000000E-0004
        6000   9.35020158067345619201660156250000000E-0004
        6000   1.16307102143764495849609375000000000E-0003
        6000   1.11574400216341018676757812500000000E-0003
        6000   1.15682394243776798248291015625000000E-0003
        6000   9.78416996076703071594238281250000000E-0004
        6000   9.38266981393098831176757812500000000E-0004
        6000   9.59859928116202354431152343750000000E-0004
        6000   9.37198055908083915710449218750000000E-0004
        6000   9.38012963160872459411621093750000000E-0004
        6050   9.94664151221513748168945312500000000E-0004
        6050   9.44265862926840782165527343750000000E-0004
        6050   9.69202024862170219421386718750000000E-0004
        6050   9.99358948320150375366210937500000000E-0004
        6050   9.44651896134018898010253906250000000E-0004
        6050   9.58825927227735519409179687500000000E-0004
        6050   1.16217299364507198333740234375000000E-0003
        6050   1.25651014968752861022949218750000000E-0003
        6050   1.07301701791584491729736328125000000E-0003
        6100   9.61146084591746330261230468750000000E-0004
        6100   9.54693183302879333496093750000000000E-0004
        6100   9.51044028624892234802246093750000000E-0004
        6100   9.61043871939182281494140625000000000E-0004
        6100   9.53128794208168983459472656250000000E-0004
        6100   9.56409145146608352661132812500000000E-0004
        6100   9.55235911533236503601074218750000000E-0004
        6100   1.06339389458298683166503906250000000E-0003
        6100   9.62192891165614128112792968750000000E-0004
        6150   1.11388205550611019134521484375000000E-0003
        6150   1.21463416144251823425292968750000000E-0003
        6150   1.00762210786342620849609375000000000E-0003
        6150   1.13514414988458156585693359375000000E-0003
        6150   9.63087892159819602966308593750000000E-0004
        6150   9.66144027188420295715332031250000000E-0004
        6150   9.64868115261197090148925781250000000E-0004
        6150   9.76894982159137725830078125000000000E-0004
        6150   9.62360994890332221984863281250000000E-0004
        6200   9.71626956015825271606445312500000000E-0004
        6200   1.00582605227828025817871093750000000E-0003
        6200   9.70135908573865890502929687500000000E-0004
        6200   9.71391098573803901672363281250000000E-0004
        6200   9.82698984444141387939453125000000000E-0004
        6200   1.06666213832795619964599609375000000E-0003
        6200   1.36800901964306831359863281250000000E-0003
        6200   1.15344487130641937255859375000000000E-0003
        6200   9.73348971456289291381835937500000000E-0004
        6250   1.03165511973202228546142578125000000E-0003
        6250   9.81956953182816505432128906250000000E-0004
        6250   9.77605115622282028198242187500000000E-0004
        6250   9.77387884631752967834472656250000000E-0004
        6250   9.93902096524834632873535156250000000E-0004
        6250   9.81535064056515693664550781250000000E-0004
        6250   9.78368800133466720581054687500000000E-0004
        6250   9.76819079369306564331054687500000000E-0004
        6250   1.03877088986337184906005859375000000E-0003
        6300   1.30642508156597614288330078125000000E-0003
        6300   1.24662183225154876708984375000000000E-0003
        6300   1.07406196184456348419189453125000000E-0003
        6300   1.12734991125762462615966796875000000E-0003
        6300   1.09313987195491790771484375000000000E-0003
        6300   1.02334888651967048645019531250000000E-0003
        6300   9.98887931928038597106933593750000000E-0004
        6300   1.00994692184031009674072265625000000E-0003
        6300   9.90559114143252372741699218750000000E-0004
        6350   1.05769513174891471862792968750000000E-0003
        6350   1.01951300166547298431396484375000000E-0003
        6350   1.05832517147064208984375000000000000E-0003
        6350   1.21124996803700923919677734375000000E-0003
        6350   1.09191006049513816833496093750000000E-0003
        6350   1.11911399289965629577636718750000000E-0003
        6350   9.97604802250862121582031250000000000E-0004
        6350   1.01185217499732971191406250000000000E-0003
        6350   9.97544964775443077087402343750000000E-0004
        6400   1.00985285826027393341064453125000000E-0003
        6400   1.00898998789489269256591796875000000E-0003
        6400   1.00283999927341938018798828125000000E-0003
        6400   1.00832106545567512512207031250000000E-0003
        6400   1.10015389509499073028564453125000000E-0003
        6400   1.00478413514792919158935546875000000E-0003
        6400   1.08405598439276218414306640625000000E-0003
        6400   1.12467701546847820281982421875000000E-0003
        6400   1.03479390963912010192871093750000000E-0003
        6450   1.06460810638964176177978515625000000E-0003
        6450   1.01197091862559318542480468750000000E-0003
        6450   1.07002211734652519226074218750000000E-0003
        6450   1.00858695805072784423828125000000000E-0003
        6450   1.05489906854927539825439453125000000E-0003
        6450   1.02193397469818592071533203125000000E-0003
        6450   1.00987893529236316680908203125000000E-0003
        6450   1.03830196894705295562744140625000000E-0003
        6450   1.03221903555095195770263671875000000E-0003
        6500   1.02275214157998561859130859375000000E-0003
        6500   1.33038894273340702056884765625000000E-0003
        6500   1.07785291038453578948974609375000000E-0003
        6500   1.14744110032916069030761718750000000E-0003
        6500   1.07854278758168220520019531250000000E-0003
        6500   1.02227693423628807067871093750000000E-0003
        6500   1.01791205815970897674560546875000000E-0003
        6500   1.02658593095839023590087890625000000E-0003
        6500   1.02043687365949153900146484375000000E-0003
        6550   1.41448713839054107666015625000000000E-0003
        6550   1.15221901796758174896240234375000000E-0003
        6550   1.03547191247344017028808593750000000E-0003
        6550   1.09904399141669273376464843750000000E-0003
        6550   2.05429410561919212341308593750000000E-0003
        6550   1.24842883087694644927978515625000000E-0003
        6550   1.14019797183573246002197265625000000E-0003
        6550   1.33872707374393939971923828125000000E-0003
        6550   1.05066201649606227874755859375000000E-0003
        6600   1.03594386018812656402587890625000000E-0003
        6600   1.03746494278311729431152343750000000E-0003
        6600   1.12957903183996677398681640625000000E-0003
        6600   1.03702605701982975006103515625000000E-0003
        6600   1.03660603053867816925048828125000000E-0003
        6600   1.03540997952222824096679687500000000E-0003
        6600   1.22940796427428722381591796875000000E-0003
        6600   1.30645884200930595397949218750000000E-0003
        6600   1.06101692654192447662353515625000000E-0003
        6650   1.08018005266785621643066406250000000E-0003
        6650   1.05966115370392799377441406250000000E-0003
        6650   1.04313087649643421173095703125000000E-0003
        6650   1.04052806273102760314941406250000000E-0003
        6650   1.04286195710301399230957031250000000E-0003
        6650   1.08007900416851043701171875000000000E-0003
        6650   1.04596605524420738220214843750000000E-0003
        6650   1.04113295674324035644531250000000000E-0003
        6650   1.04726292192935943603515625000000000E-0003
        6700   1.21478899382054805755615234375000000E-0003
        6700   1.12943095155060291290283203125000000E-0003
        6700   1.05791795067489147186279296875000000E-0003
        6700   1.05127482675015926361083984375000000E-0003
        6700   1.04956701397895812988281250000000000E-0003
        6700   1.05757615529000759124755859375000000E-0003
        6700   1.05336704291403293609619140625000000E-0003
        6700   1.04830600321292877197265625000000000E-0003
        6700   1.06094405055046081542968750000000000E-0003
        6750   1.10010709613561630249023437500000000E-0003
        6750   1.06901605613529682159423828125000000E-0003
        6750   1.06356199830770492553710937500000000E-0003
        6750   1.72107783146202564239501953125000000E-0003
        6750   1.70248118229210376739501953125000000E-0003
        6750   1.45878409966826438903808593750000000E-0003
        6750   1.31342792883515357971191406250000000E-0003
        6750   1.09656713902950286865234375000000000E-0003
        6750   1.13737396895885467529296875000000000E-0003
        6800   1.06847099959850311279296875000000000E-0003
        6800   1.06820208020508289337158203125000000E-0003
        6800   1.07228406704962253570556640625000000E-0003
        6800   1.15067814476788043975830078125000000E-0003
        6800   1.08673004433512687683105468750000000E-0003
        6800   1.45164201967418193817138671875000000E-0003
        6800   1.27814896404743194580078125000000000E-0003
        6800   1.24138593673706054687500000000000000E-0003
        6800   1.07072200626134872436523437500000000E-0003
        6850   1.10527710057795047760009765625000000E-0003
        6850   1.09206698834896087646484375000000000E-0003
        6850   1.06860813684761524200439453125000000E-0003
        6850   1.07036693952977657318115234375000000E-0003
        6850   1.07652298174798488616943359375000000E-0003
        6850   1.12484605051577091217041015625000000E-0003
        6850   1.07621098868548870086669921875000000E-0003
        6850   1.07588199898600578308105468750000000E-0003
        6850   1.34865590371191501617431640625000000E-0003
        6900   1.09816505573689937591552734375000000E-0003
        6900   1.09492312185466289520263671875000000E-0003
        6900   1.08519708737730979919433593750000000E-0003
        6900   1.08429882675409317016601562500000000E-0003
        6900   1.09857600182294845581054687500000000E-0003
        6900   1.08381407335400581359863281250000000E-0003
        6900   1.08281802386045455932617187500000000E-0003
        6900   1.08561594970524311065673828125000000E-0003
        6900   1.13314902409911155700683593750000000E-0003
        6950   1.13362702541053295135498046875000000E-0003
        6950   1.42293004319071769714355468750000000E-0003
        6950   1.15328188985586166381835937500000000E-0003
        6950   1.20168086141347885131835937500000000E-0003
        6950   1.09422695823013782501220703125000000E-0003
        6950   1.09290191903710365295410156250000000E-0003
        6950   1.10220792703330516815185546875000000E-0003
        6950   1.08910398557782173156738281250000000E-0003
        6950   1.09117291867733001708984375000000000E-0003
        7000   1.14302593283355236053466796875000000E-0003
        7000   1.10208406113088130950927734375000000E-0003
        7000   1.09549006447196006774902343750000000E-0003
        7000   1.10944197513163089752197265625000000E-0003
        7000   1.34063698351383209228515625000000000E-0003
        7000   1.13453017547726631164550781250000000E-0003
        7000   1.17601617239415645599365234375000000E-0003
        7000   1.09855202026665210723876953125000000E-0003
        7000   1.09793711453676223754882812500000000E-0003
        7050   1.12124509178102016448974609375000000E-0003
        7050   1.10457907430827617645263671875000000E-0003
        7050   1.15442299284040927886962890625000000E-0003
        7050   1.10960798338055610656738281250000000E-0003
        7050   1.10275414772331714630126953125000000E-0003
        7050   1.11640500836074352264404296875000000E-0003
        7050   1.13239302299916744232177734375000000E-0003
        7050   1.66237307712435722351074218750000000E-0003
        7050   1.40739209018647670745849609375000000E-0003
        7100   1.27433100715279579162597656250000000E-0003
        7100   1.25255901366472244262695312500000000E-0003
        7100   1.11266202293336391448974609375000000E-0003
        7100   1.12462905235588550567626953125000000E-0003
        7100   1.11116003245115280151367187500000000E-0003
        7100   1.11875194124877452850341796875000000E-0003
        7100   1.11264409497380256652832031250000000E-0003
        7100   1.16145284846425056457519531250000000E-0003
        7100   1.25972693786025047302246093750000000E-0003
        7150   1.21396197937428951263427734375000000E-0003
        7150   1.12094706855714321136474609375000000E-0003
        7150   1.13126193173229694366455078125000000E-0003
        7150   1.12193007953464984893798828125000000E-0003
        7150   1.12417899072170257568359375000000000E-0003
        7150   1.17677194066345691680908203125000000E-0003
        7150   1.12110190093517303466796875000000000E-0003
        7150   1.25764403492212295532226562500000000E-0003
        7150   1.21798506006598472595214843750000000E-0003
        7200   1.30722299218177795410156250000000000E-0003
        7200   1.36308488436043262481689453125000000E-0003
        7200   1.27944000996649265289306640625000000E-0003
        7200   1.12660089507699012756347656250000000E-0003
        7200   1.13823800347745418548583984375000000E-0003
        7200   1.12697109580039978027343750000000000E-0003
        7200   1.12294801510870456695556640625000000E-0003
        7200   1.16601819172501564025878906250000000E-0003
        7200   1.12553383223712444305419921875000000E-0003
        7250   1.21174915693700313568115234375000000E-0003
        7250   1.13500701263546943664550781250000000E-0003
        7250   1.60650094039738178253173828125000000E-0003
        7250   1.53354695066809654235839843750000000E-0003
        7250   1.34857697412371635437011718750000000E-0003
        7250   1.20023079216480255126953125000000000E-0003
        7250   1.13476719707250595092773437500000000E-0003
        7250   1.13324611447751522064208984375000000E-0003
        7250   1.17395399138331413269042968750000000E-0003
        7300   1.14673702046275138854980468750000000E-0003
        7300   1.32283498533070087432861328125000000E-0003
        7300   1.14586693234741687774658203125000000E-0003
        7300   1.14458613097667694091796875000000000E-0003
        7300   1.26582989469170570373535156250000000E-0003
        7300   1.60189787857234477996826171875000000E-0003
        7300   1.58832105807960033416748046875000000E-0003
        7300   1.27858691848814487457275390625000000E-0003
        7300   1.24625302851200103759765625000000000E-0003
        7350   1.22652412392199039459228515625000000E-0003
        7350   1.16064399480819702148437500000000000E-0003
        7350   1.16562098264694213867187500000000000E-0003
        7350   1.18908891454339027404785156250000000E-0003
        7350   1.15436920896172523498535156250000000E-0003
        7350   1.19856814853847026824951171875000000E-0003
        7350   1.50652788579463958740234375000000000E-0003
        7350   1.43192708492279052734375000000000000E-0003
        7350   1.24463788233697414398193359375000000E-0003
        7400   1.16033782251179218292236328125000000E-0003
        7400   1.16788200102746486663818359375000000E-0003
        7400   1.15709099918603897094726562500000000E-0003
        7400   1.15484697744250297546386718750000000E-0003
        7400   1.16173317655920982360839843750000000E-0003
        7400   1.17402616888284683227539062500000000E-0003
        7400   1.16120092570781707763671875000000000E-0003
        7400   1.23163918033242225646972656250000000E-0003
        7400   1.41787412576377391815185546875000000E-0003
        7450   1.23242987319827079772949218750000000E-0003
        7450   1.17039913311600685119628906250000000E-0003
        7450   1.17686693556606769561767578125000000E-0003
        7450   1.16188405081629753112792968750000000E-0003
        7450   1.16602797061204910278320312500000000E-0003
        7450   1.17305386811494827270507812500000000E-0003
        7450   1.16033013910055160522460937500000000E-0003
        7450   1.17560103535652160644531250000000000E-0003
        7450   1.20642897672951221466064453125000000E-0003
        7500   1.93971209228038787841796875000000000E-0003
        7500   1.91012886352837085723876953125000000E-0003
        7500   1.21624302119016647338867187500000000E-0003
        7500   1.24946096912026405334472656250000000E-0003
        7500   1.17936893366277217864990234375000000E-0003
        7500   1.18692405521869659423828125000000000E-0003
        7500   1.20322592556476593017578125000000000E-0003
        7500   1.18281203322112560272216796875000000E-0003
        7500   1.23406411148607730865478515625000000E-0003
        7550   1.33735407143831253051757812500000000E-0003
        7550   1.75528787076473236083984375000000000E-0003
        7550   1.35216815397143363952636718750000000E-0003
        7550   1.19235296733677387237548828125000000E-0003
        7550   1.24051421880722045898437500000000000E-0003
        7550   1.18563300929963588714599609375000000E-0003
        7550   1.18269002996385097503662109375000000E-0003
        7550   1.27577991224825382232666015625000000E-0003
        7550   1.19028403423726558685302734375000000E-0003
        7600   1.24405999667942523956298828125000000E-0003
        7600   1.19162607006728649139404296875000000E-0003
        7600   1.23511091805994510650634765625000000E-0003
        7600   1.65406381711363792419433593750000000E-0003
        7600   1.32298003882169723510742187500000000E-0003
        7600   1.19194807484745979309082031250000000E-0003
        7600   1.19550502859055995941162109375000000E-0003
        7600   1.19071011431515216827392578125000000E-0003
        7600   1.19543517939746379852294921875000000E-0003
        7650   1.22988689690828323364257812500000000E-0003
        7650   1.31243607029318809509277343750000000E-0003
        7650   1.19868316687643527984619140625000000E-0003
        7650   1.19387521408498287200927734375000000E-0003
        7650   1.31459394469857215881347656250000000E-0003
        7650   1.33273494429886341094970703125000000E-0003
        7650   1.33390794508159160614013671875000000E-0003
        7650   1.25160696916282176971435546875000000E-0003
        7650   1.19454809464514255523681640625000000E-0003
        7700   1.21570704504847526550292968750000000E-0003
        7700   1.20505900122225284576416015625000000E-0003
        7700   1.20475213043391704559326171875000000E-0003
        7700   1.24325393699109554290771484375000000E-0003
        7700   1.20862689800560474395751953125000000E-0003
        7700   1.20023195631802082061767578125000000E-0003
        7700   1.32100912742316722869873046875000000E-0003
        7700   1.51773681864142417907714843750000000E-0003
        7700   1.38822803273797035217285156250000000E-0003
        7750   1.25147309154272079467773437500000000E-0003
        7750   1.21883512474596500396728515625000000E-0003
        7750   1.21448701247572898864746093750000000E-0003
        7750   1.20907602831721305847167968750000000E-0003
        7750   1.45353516563773155212402343750000000E-0003
        7750   1.22155295684933662414550781250000000E-0003
        7750   1.21536990627646446228027343750000000E-0003
        7750   1.27480900846421718597412109375000000E-0003
        7750   2.27522989735007286071777343750000000E-0003
        7800   1.44674698822200298309326171875000000E-0003
        7800   1.35863292962312698364257812500000000E-0003
        7800   1.22467894107103347778320312500000000E-0003
        7800   1.21519179083406925201416015625000000E-0003
        7800   1.21709215454757213592529296875000000E-0003
        7800   1.22312898747622966766357421875000000E-0003
        7800   1.21838506311178207397460937500000000E-0003
        7800   1.24883488751947879791259765625000000E-0003
        7800   1.67521205730736255645751953125000000E-0003
        7850   1.44043006002902984619140625000000000E-0003
        7850   1.24748609960079193115234375000000000E-0003
        7850   1.22330710291862487792968750000000000E-0003
        7850   1.22124794870615005493164062500000000E-0003
        7850   1.23500404879450798034667968750000000E-0003
        7850   1.22680095955729484558105468750000000E-0003
        7850   1.23192602768540382385253906250000000E-0003
        7850   1.31345586851239204406738281250000000E-0003
        7850   1.22718489728868007659912109375000000E-0003
        7900   1.36110186576843261718750000000000000E-0003
        7900   1.25307007692754268646240234375000000E-0003
        7900   1.31682003848254680633544921875000000E-0003
        7900   1.23640196397900581359863281250000000E-0003
        7900   1.24252587556838989257812500000000000E-0003
        7900   1.25096109695732593536376953125000000E-0003
        7900   1.23363710008561611175537109375000000E-0003
        7900   1.23437494039535522460937500000000000E-0003
        7900   1.34523399174213409423828125000000000E-0003
        7950   2.78222304768860340118408203125000000E-0003
        7950   1.42187182791531085968017578125000000E-0003
        7950   1.26455584540963172912597656250000000E-0003
        7950   1.25237810425460338592529296875000000E-0003
        7950   1.24859204515814781188964843750000000E-0003
        7950   1.25034013763070106506347656250000000E-0003
        7950   1.24372495338320732116699218750000000E-0003
        7950   1.24336895532906055450439453125000000E-0003
        7950   1.32795702666044235229492187500000000E-0003
        8000   1.24783115461468696594238281250000000E-0003
        8000   1.80346705019474029541015625000000000E-0003
        8000   1.94808514788746833801269531250000000E-0003
        8000   1.64780113846063613891601562500000000E-0003
        8000   1.42635102383792400360107421875000000E-0003
        8000   1.39509700238704681396484375000000000E-0003
        8000   1.26682291738688945770263671875000000E-0003
        8000   1.25345005653798580169677734375000000E-0003
        8000   1.25815812498331069946289062500000000E-0003
        8050   1.37003418058156967163085937500000000E-0003
        8050   2.23438395187258720397949218750000000E-0003
        8050   1.37891597114503383636474609375000000E-0003
        8050   1.32812000811100006103515625000000000E-0003
        8050   1.25995301641523838043212890625000000E-0003
        8050   1.26440892927348613739013671875000000E-0003
        8050   1.25440000556409358978271484375000000E-0003
        8050   1.25498394481837749481201171875000000E-0003
        8050   1.26903597265481948852539062500000000E-0003
        8100   1.26451696269214153289794921875000000E-0003
        8100   1.30849890410900115966796875000000000E-0003
        8100   1.76574103534221649169921875000000000E-0003
        8100   1.31173292174935340881347656250000000E-0003
        8100   1.33799202740192413330078125000000000E-0003
        8100   1.26372603699564933776855468750000000E-0003
        8100   1.29147619009017944335937500000000000E-0003
        8100   1.26303895376622676849365234375000000E-0003
        8100   1.26118701882660388946533203125000000E-0003
        8150   1.31542491726577281951904296875000000E-0003
        8150   1.38147082179784774780273437500000000E-0003
        8150   1.28044304437935352325439453125000000E-0003
        8150   2.37781787291169166564941406250000000E-0003
        8150   1.70824606902897357940673828125000000E-0003
        8150   1.32248201407492160797119140625000000E-0003
        8150   1.30358897149562835693359375000000000E-0003
        8150   1.28053501248359680175781250000000000E-0003
        8150   1.27917202189564704895019531250000000E-0003
        8200   1.28847104497253894805908203125000000E-0003
        8200   1.30620808340609073638916015625000000E-0003
        8200   1.31925893947482109069824218750000000E-0003
        8200   1.48217589594423770904541015625000000E-0003
        8200   1.69852888211607933044433593750000000E-0003
        8200   1.45457987673580646514892578125000000E-0003
        8200   1.28509104251861572265625000000000000E-0003
        8200   1.27631891518831253051757812500000000E-0003
        8200   1.27152609638869762420654296875000000E-0003
        8250   1.33429910056293010711669921875000000E-0003
        8250   1.30688794888556003570556640625000000E-0003
        8250   1.28520396538078784942626953125000000E-0003
        8250   1.28770200535655021667480468750000000E-0003
        8250   1.85080198571085929870605468750000000E-0003
        8250   1.52386119589209556579589843750000000E-0003
        8250   1.31133897230029106140136718750000000E-0003
        8250   1.28628988750278949737548828125000000E-0003
        8250   1.28602306358516216278076171875000000E-0003
        8300   1.30003783851861953735351562500000000E-0003
        8300   1.29537284374237060546875000000000000E-0003
        8300   1.34262908250093460083007812500000000E-0003
        8300   1.30010396242141723632812500000000000E-0003
        8300   1.30022410303354263305664062500000000E-0003
        8300   1.72320194542407989501953125000000000E-0003
        8300   1.38030899688601493835449218750000000E-0003
        8300   1.36243994347751140594482421875000000E-0003
        8300   1.30028300918638706207275390625000000E-0003
        8350   1.36487791314721107482910156250000000E-0003
        8350   1.31120486184954643249511718750000000E-0003
        8350   1.37046887539327144622802734375000000E-0003
        8350   1.31235481239855289459228515625000000E-0003
        8350   1.30652310326695442199707031250000000E-0003
        8350   2.33210693113505840301513671875000000E-0003
        8350   1.60733493976294994354248046875000000E-0003
        8350   1.37722701765596866607666015625000000E-0003
        8350   1.33084598928689956665039062500000000E-0003
        8400   1.31429196335375308990478515625000000E-0003
        8400   1.38761196285486221313476562500000000E-0003
        8400   1.39901298098266124725341796875000000E-0003
        8400   1.32369715720415115356445312500000000E-0003
        8400   1.32453092373907566070556640625000000E-0003
        8400   1.31750083528459072113037109375000000E-0003
        8400   2.14278814382851123809814453125000000E-0003
        8400   1.88419502228498458862304687500000000E-0003
        8400   1.50463101454079151153564453125000000E-0003
        8450   1.42234493978321552276611328125000000E-0003
        8450   1.34099414572119712829589843750000000E-0003
        8450   1.32805807515978813171386718750000000E-0003
        8450   1.35700195096433162689208984375000000E-0003
        8450   1.32506689988076686859130859375000000E-0003
        8450   1.91671098582446575164794921875000000E-0003
        8450   1.37378694489598274230957031250000000E-0003
        8450   1.35025288909673690795898437500000000E-0003
        8450   1.37736997567117214202880859375000000E-0003
        8500   1.33152701891958713531494140625000000E-0003
        8500   1.34651502594351768493652343750000000E-0003
        8500   1.33159896358847618103027343750000000E-0003
        8500   1.33204809390008449554443359375000000E-0003
        8500   1.37798883952200412750244140625000000E-0003
        8500   1.33898202329874038696289062500000000E-0003
        8500   1.78257888182997703552246093750000000E-0003
        8500   1.49042485281825065612792968750000000E-0003
        8500   1.33567606098949909210205078125000000E-0003
        8550   1.42666115425527095794677734375000000E-0003
        8550   1.35741010308265686035156250000000000E-0003
        8550   1.35224801488220691680908203125000000E-0003
        8550   1.44414906390011310577392578125000000E-0003
        8550   1.35773909278213977813720703125000000E-0003
        8550   1.39938993379473686218261718750000000E-0003
        8550   1.88765395432710647583007812500000000E-0003
        8550   1.56935490667819976806640625000000000E-0003
        8550   1.41444802284240722656250000000000000E-0003
        8600   1.35379913263022899627685546875000000E-0003
        8600   1.35870208032429218292236328125000000E-0003
        8600   1.35328620672225952148437500000000000E-0003
        8600   1.41374883241951465606689453125000000E-0003
        8600   1.35302892886102199554443359375000000E-0003
        8600   1.35627901181578636169433593750000000E-0003
        8600   2.03439802862703800201416015625000000E-0003
        8600   1.92034104838967323303222656250000000E-0003
        8600   1.62305613048374652862548828125000000E-0003
        8650   1.55625701881945133209228515625000000E-0003
        8650   1.37449312023818492889404296875000000E-0003
        8650   1.38851488009095191955566406250000000E-0003
        8650   1.36442412622272968292236328125000000E-0003
        8650   1.40258204191923141479492187500000000E-0003
        8650   1.92741281352937221527099609375000000E-0003
        8650   1.40453898347914218902587890625000000E-0003
        8650   1.38607900589704513549804687500000000E-0003
        8650   1.36821717023849487304687500000000000E-0003
        8700   1.37439579702913761138916015625000000E-0003
        8700   1.37253291904926300048828125000000000E-0003
        8700   1.59617792814970016479492187500000000E-0003
        8700   1.38267595320940017700195312500000000E-0003
        8700   1.43423001281917095184326171875000000E-0003
        8700   2.01169494539499282836914062500000000E-0003
        8700   1.47167104296386241912841796875000000E-0003
        8700   1.50008406490087509155273437500000000E-0003
        8700   1.37919397093355655670166015625000000E-0003
        8750   1.45046808756887912750244140625000000E-0003
        8750   1.39633100479841232299804687500000000E-0003
        8750   1.39748491346836090087890625000000000E-0003
        8750   1.41082797199487686157226562500000000E-0003
        8750   1.42452702857553958892822265625000000E-0003
        8750   3.64535488188266754150390625000000000E-0003
        8750   1.85008207336068153381347656250000000E-0003
        8750   1.64356594905257225036621093750000000E-0003
        8750   1.57678499817848205566406250000000000E-0003
        8800   1.39498803764581680297851562500000000E-0003
        8800   1.39776500873267650604248046875000000E-0003
        8800   1.42725696787238121032714843750000000E-0003
        8800   1.42130488529801368713378906250000000E-0003
        8800   1.78938196040689945220947265625000000E-0003
        8800   1.56547501683235168457031250000000000E-0003
        8800   1.46977812983095645904541015625000000E-0003
        8800   1.39402295462787151336669921875000000E-0003
        8800   1.38917891308665275573730468750000000E-0003
        8850   1.45532190799713134765625000000000000E-0003
        8850   1.45717989653348922729492187500000000E-0003
        8850   1.40342209488153457641601562500000000E-0003
        8850   2.18522292561829090118408203125000000E-0003
        8850   1.48346507921814918518066406250000000E-0003
        8850   1.47388479672372341156005859375000000E-0003
        8850   1.40103395096957683563232421875000000E-0003
        8850   1.39873381704092025756835937500000000E-0003
        8850   1.40591314993798732757568359375000000E-0003
        8900   1.43630290403962135314941406250000000E-0003
        8900   1.42548885196447372436523437500000000E-0003
        8900   1.41431600786745548248291015625000000E-0003
        8900   1.78920314647257328033447265625000000E-0003
        8900   1.48744392208755016326904296875000000E-0003
        8900   1.51972402818500995635986328125000000E-0003
        8900   1.41127593815326690673828125000000000E-0003
        8900   1.40920421108603477478027343750000000E-0003
        8900   1.42048788256943225860595703125000000E-0003
        8950   1.72207993455231189727783203125000000E-0003
        8950   1.42287299968302249908447265625000000E-0003
        8950   1.43492594361305236816406250000000000E-0003
        8950   2.41590593941509723663330078125000000E-0003
        8950   1.48431584239006042480468750000000000E-0003
        8950   1.41033297404646873474121093750000000E-0003
        8950   1.42146414145827293395996093750000000E-0003
        8950   1.40546308830380439758300781250000000E-0003
        8950   1.41696608625352382659912109375000000E-0003
        9000   1.42436614260077476501464843750000000E-0003
        9000   1.42266415059566497802734375000000000E-0003
        9000   1.57753610983490943908691406250000000E-0003
        9000   2.71272403188049793243408203125000000E-0003
        9000   2.11636978201568126678466796875000000E-0003
        9000   1.62399001419544219970703125000000000E-0003
        9000   1.48507789708673954010009765625000000E-0003
        9000   1.43003277480602264404296875000000000E-0003
        9000   1.42530794255435466766357421875000000E-0003
        9050   1.55460205860435962677001953125000000E-0003
        9050   3.04601294919848442077636718750000000E-0003
        9050   1.63100799545645713806152343750000000E-0003
        9050   1.43243977800011634826660156250000000E-0003
        9050   1.41701498068869113922119140625000000E-0003
        9050   1.41901196911931037902832031250000000E-0003
        9050   1.42340292222797870635986328125000000E-0003
        9050   1.41644710674881935119628906250000000E-0003
        9050   1.43915112130343914031982421875000000E-0003
        9100   1.98381906375288963317871093750000000E-0003
        9100   1.51089811697602272033691406250000000E-0003
        9100   1.45906303077936172485351562500000000E-0003
        9100   1.48707092739641666412353515625000000E-0003
        9100   1.43101485446095466613769531250000000E-0003
        9100   1.44152413122355937957763671875000000E-0003
        9100   1.43321487121284008026123046875000000E-0003
        9100   1.44409597851336002349853515625000000E-0003
        9100   1.51234981603920459747314453125000000E-0003
        9150   3.45600116997957229614257812500000000E-0003
        9150   1.83140998706221580505371093750000000E-0003
        9150   1.46733084693551063537597656250000000E-0003
        9150   1.50623102672398090362548828125000000E-0003
        9150   1.44630996510386466979980468750000000E-0003
        9150   1.44335394725203514099121093750000000E-0003
        9150   1.51578499935567378997802734375000000E-0003
        9150   1.45277590490877628326416015625000000E-0003
        9150   1.79296894930303096771240234375000000E-0003
        9200   1.74628500826656818389892578125000000E-0003
        9200   1.57530698925256729125976562500000000E-0003
        9200   1.59375299699604511260986328125000000E-0003
        9200   1.44781614653766155242919921875000000E-0003
        9200   1.55935203656554222106933593750000000E-0003
        9200   1.44566898234188556671142578125000000E-0003
        9200   1.44589017145335674285888671875000000E-0003
        9200   1.65931507945060729980468750000000000E-0003
        9200   1.90333998762071132659912109375000000E-0003
        9250   1.55388703569769859313964843750000000E-0003
        9250   1.47333508357405662536621093750000000E-0003
        9250   1.45264808088541030883789062500000000E-0003
        9250   1.54564902186393737792968750000000000E-0003
        9250   1.47224403917789459228515625000000000E-0003
        9250   1.44930300302803516387939453125000000E-0003
        9250   1.49968196637928485870361328125000000E-0003
        9250   2.48971977271139621734619140625000000E-0003
        9250   1.72009808011353015899658203125000000E-0003
        9300   1.52445002458989620208740234375000000E-0003
        9300   1.46468402817845344543457031250000000E-0003
        9300   1.48712098598480224609375000000000000E-0003
        9300   1.47795607335865497589111328125000000E-0003
        9300   1.50868785567581653594970703125000000E-0003
        9300   1.47890206426382064819335937500000000E-0003
        9300   2.49331211671233177185058593750000000E-0003
        9300   2.18168785795569419860839843750000000E-0003
        9300   1.77121907472610473632812500000000000E-0003
        9350   1.62668689154088497161865234375000000E-0003
        9350   1.48873613215982913970947265625000000E-0003
        9350   1.54206878505647182464599609375000000E-0003
        9350   1.46927405148744583129882812500000000E-0003
        9350   1.92428287118673324584960937500000000E-0003
        9350   1.60208088345825672149658203125000000E-0003
        9350   1.57006504014134407043457031250000000E-0003
        9350   1.53788994066417217254638671875000000E-0003
        9350   1.46835786290466785430908203125000000E-0003
        9400   1.47210597060620784759521484375000000E-0003
        9400   1.47999892942607402801513671875000000E-0003
        9400   5.92730706557631492614746093750000000E-0003
        9400   4.61399112828075885772705078125000000E-0003
        9400   2.57999519817531108856201171875000000E-0003
        9400   2.20543588511645793914794921875000000E-0003
        9400   1.63320009596645832061767578125000000E-0003
        9400   3.82194295525550842285156250000000000E-0003
        9400   1.89345912076532840728759765625000000E-0003
        9450   1.62977818399667739868164062500000000E-0003
        9450   1.52178388088941574096679687500000000E-0003
        9450   1.58040807582437992095947265625000000E-0003
        9450   1.51613284833729267120361328125000000E-0003
        9450   1.61986704915761947631835937500000000E-0003
        9450   2.23250593990087509155273437500000000E-0003
        9450   1.73550494946539402008056640625000000E-0003
        9450   1.51278288103640079498291015625000000E-0003
        9450   1.51962903328239917755126953125000000E-0003
        9500   1.52110005728900432586669921875000000E-0003
        9500   1.55908497981727123260498046875000000E-0003
        9500   1.52313406579196453094482421875000000E-0003
        9500   1.53014785610139369964599609375000000E-0003
        9500   3.42248496599495410919189453125000000E-0003
        9500   1.86487403698265552520751953125000000E-0003
        9500   1.71050196513533592224121093750000000E-0003
        9500   1.58738507889211177825927734375000000E-0003
        9500   1.52804004028439521789550781250000000E-0003
        9550   1.61253800615668296813964843750000000E-0003
        9550   1.61260692402720451354980468750000000E-0003
        9550   2.60345893912017345428466796875000000E-0003
        9550   1.76354893483221530914306640625000000E-0003
        9550   1.56796793453395366668701171875000000E-0003
        9550   1.52709800750017166137695312500000000E-0003
        9550   1.52870593592524528503417968750000000E-0003
        9550   1.53732788749039173126220703125000000E-0003
        9550   1.53084495104849338531494140625000000E-0003
        9600   1.54355098493397235870361328125000000E-0003
        9600   1.91281596198678016662597656250000000E-0003
        9600   1.71473203226923942565917968750000000E-0003
        9600   1.55226001515984535217285156250000000E-0003
        9600   1.53375999070703983306884765625000000E-0003
        9600   1.53271993622183799743652343750000000E-0003
        9600   1.54842110350728034973144531250000000E-0003
        9600   1.53397093527019023895263671875000000E-0003
        9600   1.64224789477884769439697265625000000E-0003
        9650   3.41247185133397579193115234375000000E-0003
        9650   1.69988698326051235198974609375000000E-0003
        9650   1.55320693738758563995361328125000000E-0003
        9650   1.53546500951051712036132812500000000E-0003
        9650   1.53894303366541862487792968750000000E-0003
        9650   1.54113909229636192321777343750000000E-0003
        9650   1.63051602430641651153564453125000000E-0003
        9650   1.54259707778692245483398437500000000E-0003
        9650   3.22120799683034420013427734375000000E-0003
        9700   1.77606497891247272491455078125000000E-0003
        9700   1.67720485478639602661132812500000000E-0003
        9700   1.56968203373253345489501953125000000E-0003
        9700   1.55175197869539260864257812500000000E-0003
        9700   1.56422797590494155883789062500000000E-0003
        9700   1.56444800086319446563720703125000000E-0003
        9700   1.65906921029090881347656250000000000E-0003
        9700   1.87078095041215419769287109375000000E-0003
        9700   1.89519999548792839050292968750000000E-0003
        9750   1.71683891676366329193115234375000000E-0003
        9750   1.57599197700619697570800781250000000E-0003
        9750   1.71093782410025596618652343750000000E-0003
        9750   1.57999107614159584045410156250000000E-0003
        9750   1.58496992662549018859863281250000000E-0003
        9750   2.84520303830504417419433593750000000E-0003
        9750   1.75927602685987949371337890625000000E-0003
        9750   1.56948715448379516601562500000000000E-0003
        9750   1.57166109420359134674072265625000000E-0003
        9800   1.59268616698682308197021484375000000E-0003
        9800   1.57435797154903411865234375000000000E-0003
        9800   1.66981993243098258972167968750000000E-0003
        9800   1.66883692145347595214843750000000000E-0003
        9800   2.55812518298625946044921875000000000E-0003
        9800   1.99156021699309349060058593750000000E-0003
        9800   1.80616998113691806793212890625000000E-0003
        9800   1.57809816300868988037109375000000000E-0003
        9800   1.57882808707654476165771484375000000E-0003
        9850   1.70685607008635997772216796875000000E-0003
        9850   2.30457889847457408905029296875000000E-0003
        9850   1.90828787162899971008300781250000000E-0003
        9850   1.60585111007094383239746093750000000E-0003
        9850   1.58253684639930725097656250000000000E-0003
        9850   1.56907108612358570098876953125000000E-0003
        9850   1.58222601749002933502197265625000000E-0003
        9850   1.56920705921947956085205078125000000E-0003
        9850   1.70391914434731006622314453125000000E-0003
        9900   2.31506186537444591522216796875000000E-0003
        9900   1.71501399017870426177978515625000000E-0003
        9900   1.60211604088544845581054687500000000E-0003
        9900   1.58568611368536949157714843750000000E-0003
        9900   1.59168289974331855773925781250000000E-0003
        9900   1.58179015852510929107666015625000000E-0003
        9900   1.58311706036329269409179687500000000E-0003
        9900   1.62097299471497535705566406250000000E-0003
        9900   1.58828217536211013793945312500000000E-0003
        9950   1.74476113170385360717773437500000000E-0003
        9950   1.60479196347296237945556640625000000E-0003
        9950   1.60113209858536720275878906250000000E-0003
        9950   1.58827682025730609893798828125000000E-0003
        9950   1.83886685408651828765869140625000000E-0003
        9950   1.59554113633930683135986328125000000E-0003
        9950   1.63176492787897586822509765625000000E-0003
        9950   2.40697199478745460510253906250000000E-0003
        9950   1.73670798540115356445312500000000000E-0003
       10000   1.60898803733289241790771484375000000E-0003
       10000   1.60109694115817546844482421875000000E-0003
       10000   1.59623799845576286315917968750000000E-0003
       10000   1.62066891789436340332031250000000000E-0003
       10000   1.59021792933344841003417968750000000E-0003
       10000   1.85223785229027271270751953125000000E-0003
       10000   2.73263710550963878631591796875000000E-0003
       10000   1.99282891117036342620849609375000000E-0003
       10000   1.89544586464762687683105468750000000E-0003
